user_id,name,department,role,date,login_hour_deviation,data_transfer_zscore,is_weekend_access,files_outside_role_pct,usb_freq_7day,distinct_locations_7day,is_anomaly
EMP001,Allison Hill,Finance,Finance Manager,2026-04-01,0.0,-0.3655783854209249,0,0.0,0.0,1,0.0
EMP001,Allison Hill,Finance,Finance Manager,2026-04-02,0.0,-0.3542244899969098,0,0.0,0.0,1,0.0
EMP001,Allison Hill,Finance,Finance Manager,2026-04-03,0.0,-0.35368912891482507,0,0.0,0.0,1,0.0
EMP001,Allison Hill,Finance,Finance Manager,2026-04-06,0.0,-0.35749496314192253,0,0.0,0.0,1,0.0
EMP001,Allison Hill,Finance,Finance Manager,2026-04-07,0.0,-0.3615499257933565,0,0.0,0.0,1,0.0
EMP001,Allison Hill,Finance,Finance Manager,2026-04-08,0.0,0.6837717403033642,0,0.0,0.0,2,1.0
EMP001,Allison Hill,Finance,Finance Manager,2026-04-09,0.0,-0.3599597443614216,0,0.0,0.0,2,0.0
EMP001,Allison Hill,Finance,Finance Manager,2026-04-10,0.0,0.4691343512255655,0,0.0,0.0,3,1.0
EMP001,Allison Hill,Finance,Finance Manager,2026-04-13,0.0,-0.3575267667705613,0,0.0,0.0,3,0.0
EMP001,Allison Hill,Finance,Finance Manager,2026-04-14,0.0,-0.34176276817531337,0,0.0,0.0,3,0.0
EMP001,Allison Hill,Finance,Finance Manager,2026-04-15,4.545454545454546,1.061529940669044,0,0.0,0.0,3,1.0
EMP001,Allison Hill,Finance,Finance Manager,2026-04-16,0.41666666666666696,-0.37217763836345474,0,0.0,0.0,3,0.0
EMP001,Allison Hill,Finance,Finance Manager,2026-04-17,0.384615384615385,-0.33934039179399916,0,0.0,0.0,2,0.0
EMP001,Allison Hill,Finance,Finance Manager,2026-04-20,0.35714285714285676,0.3316684670395672,0,0.0,0.0,3,1.0
EMP001,Allison Hill,Finance,Finance Manager,2026-04-21,0.33333333333333304,-0.3611099755971879,0,0.0,0.0,2,0.0
EMP001,Allison Hill,Finance,Finance Manager,2026-04-22,3.4375,0.7168157104589712,0,0.0,1.0,2,1.0
EMP001,Allison Hill,Finance,Finance Manager,2026-04-23,0.5294117647058822,-0.34679834270977383,0,0.0,1.0,2,0.0
EMP001,Allison Hill,Finance,Finance Manager,2026-04-24,7.055555555555555,0.875865657281099,0,0.125,2.0,2,1.0
EMP001,Allison Hill,Finance,Finance Manager,2026-04-27,0.8947368421052628,-0.3558941805004414,0,0.0,2.0,2,0.0
EMP001,Allison Hill,Finance,Finance Manager,2026-04-28,1.7999999999999998,-0.35352481016685844,0,0.0,2.0,2,0.0
EMP001,Allison Hill,Finance,Finance Manager,2026-04-29,0.7619047619047619,-0.36120538648310396,0,0.0,2.0,1,0.0
EMP001,Allison Hill,Finance,Finance Manager,2026-04-30,0.7272727272727275,-0.35908514457385743,0,0.0,2.0,1,0.0
EMP001,Allison Hill,Finance,Finance Manager,2026-05-01,0.6956521739130439,-0.345939644736529,0,0.0,1.0,1,0.0
EMP001,Allison Hill,Finance,Finance Manager,2026-05-04,0.666666666666667,-0.3528887375940845,0,0.0,1.0,1,0.0
EMP001,Allison Hill,Finance,Finance Manager,2026-05-05,0.6399999999999997,-0.36337863444008167,0,0.0,0.0,1,0.0
EMP001,Allison Hill,Finance,Finance Manager,2026-05-06,0.615384615384615,0.41144786947974077,0,0.0,0.0,2,1.0
EMP001,Allison Hill,Finance,Finance Manager,2026-05-07,0.5925925925925926,-0.335322533375977,0,0.0,0.0,2,0.0
EMP001,Allison Hill,Finance,Finance Manager,2026-05-08,0.5714285714285712,-0.37135604462362165,0,0.0,0.0,2,0.0
EMP001,Allison Hill,Finance,Finance Manager,2026-05-11,0.5517241379310347,-0.34608806167017625,0,0.0,0.0,2,0.0
EMP001,Allison Hill,Finance,Finance Manager,2026-05-12,0.5333333333333332,-0.34284409154902906,0,0.0,0.0,2,0.0
EMP001,Allison Hill,Finance,Finance Manager,2026-05-13,0.5333333333333332,-0.04579820006359117,0,0.09090909090909091,0.0,2,1.0
EMP001,Allison Hill,Finance,Finance Manager,2026-05-14,0.5333333333333332,-0.3569490008502916,0,0.0,0.0,2,0.0
EMP001,Allison Hill,Finance,Finance Manager,2026-05-15,4.3,0.7868579019309302,0,0.0,1.0,1,1.0
EMP001,Allison Hill,Finance,Finance Manager,2026-05-18,0.7000000000000002,-0.09437824280920218,0,0.08333333333333333,1.0,1,1.0
EMP001,Allison Hill,Finance,Finance Manager,2026-05-19,4.133333333333334,0.20987647116767386,0,0.0,1.0,1,1.0
EMP001,Allison Hill,Finance,Finance Manager,2026-05-20,3.0,0.4277843333904853,0,0.0,2.0,1,1.0
EMP001,Allison Hill,Finance,Finance Manager,2026-05-21,4.8,2.1298509308763163,0,0.0,2.0,1,1.0
EMP001,Allison Hill,Finance,Finance Manager,2026-05-22,1.2000000000000002,-0.17697756698867362,0,0.0,2.0,2,1.0
EMP001,Allison Hill,Finance,Finance Manager,2026-05-25,1.2000000000000002,-0.3525707013076975,0,0.0,2.0,2,0.0
EMP001,Allison Hill,Finance,Finance Manager,2026-05-26,1.2000000000000002,-0.3071498190068639,0,0.0,1.0,2,0.0
EMP001,Allison Hill,Finance,Finance Manager,2026-05-27,1.0333333333333332,0.15257163296551346,0,0.0,1.0,3,1.0
EMP001,Allison Hill,Finance,Finance Manager,2026-05-28,1.0333333333333332,-0.34142883007460706,0,0.0,1.0,3,0.0
EMP001,Allison Hill,Finance,Finance Manager,2026-05-29,1.0333333333333332,-0.356376535534795,0,0.0,0.0,3,0.0
EMP001,Allison Hill,Finance,Finance Manager,2026-06-01,1.0333333333333332,-0.3587088016349662,0,0.0,0.0,3,0.0
EMP001,Allison Hill,Finance,Finance Manager,2026-06-02,1.0333333333333332,-0.3578183000330826,0,0.0,0.0,2,0.0
EMP001,Allison Hill,Finance,Finance Manager,2026-06-03,0.9000000000000004,-0.35030204246480373,0,0.0,0.0,2,0.0
EMP001,Allison Hill,Finance,Finance Manager,2026-06-04,6.833333333333333,0.2067915191897202,0,0.1,0.0,2,1.0
EMP001,Allison Hill,Finance,Finance Manager,2026-06-05,0.9000000000000004,-0.33809474967231684,0,0.0,0.0,1,0.0
EMP001,Allison Hill,Finance,Finance Manager,2026-06-08,0.9000000000000004,-0.3651437358295294,0,0.0,0.0,1,0.0
EMP001,Allison Hill,Finance,Finance Manager,2026-06-09,0.9333333333333336,1.1294518902317565,0,0.0,0.0,4,1.0
EMP001,Allison Hill,Finance,Finance Manager,2026-06-10,0.9333333333333336,-0.3531908720661521,0,0.0,0.0,4,0.0
EMP001,Allison Hill,Finance,Finance Manager,2026-06-11,0.9333333333333336,-0.35693309903597226,0,0.0,0.0,4,0.0
EMP001,Allison Hill,Finance,Finance Manager,2026-06-12,0.9333333333333336,-0.3581946429719739,0,0.0,0.0,4,0.0
EMP001,Allison Hill,Finance,Finance Manager,2026-06-15,0.9333333333333336,-0.33198845297368684,0,0.0,0.0,4,0.0
EMP001,Allison Hill,Finance,Finance Manager,2026-06-16,3.9000000000000004,1.9310199452319508,0,0.0,0.0,4,1.0
EMP001,Allison Hill,Finance,Finance Manager,2026-06-17,1.0999999999999996,-0.3530636575515973,0,0.0,0.0,4,0.0
EMP001,Allison Hill,Finance,Finance Manager,2026-06-18,1.0999999999999996,-0.3540283676203045,0,0.0,0.0,1,0.0
EMP001,Allison Hill,Finance,Finance Manager,2026-06-19,1.0999999999999996,-0.3421285099046584,0,0.0,0.0,1,0.0
EMP001,Allison Hill,Finance,Finance Manager,2026-06-22,2.0666666666666664,-0.3638821918935277,0,0.0,0.0,1,0.0
EMP001,Allison Hill,Finance,Finance Manager,2026-06-23,1.0666666666666664,-0.3301756461412811,0,0.0,0.0,1,0.0
EMP001,Allison Hill,Finance,Finance Manager,2026-06-24,1.0666666666666664,-0.3620428820372563,0,0.0,0.0,1,0.0
EMP001,Allison Hill,Finance,Finance Manager,2026-06-25,1.0666666666666664,-0.31991897590530105,0,0.0,0.0,1,0.0
EMP001,Allison Hill,Finance,Finance Manager,2026-06-26,0.9000000000000004,-0.36483100014791553,0,0.0,0.0,1,0.0
EMP001,Allison Hill,Finance,Finance Manager,2026-06-29,0.9000000000000004,-0.3587830101017898,0,0.0,0.0,1,0.0
EMP001,Allison Hill,Finance,Finance Manager,2026-06-30,0.7333333333333334,-0.31708845295645693,0,0.0,0.0,1,0.0
EMP001,Allison Hill,Finance,Finance Manager,2026-07-01,1.5666666666666664,-0.3580515266430998,0,0.0,0.0,1,0.0
EMP001,Allison Hill,Finance,Finance Manager,2026-07-02,0.36666666666666625,-0.35898973368794135,0,0.0,0.0,1,0.0
EMP001,Allison Hill,Finance,Finance Manager,2026-07-03,0.36666666666666625,-0.35344000049048857,0,0.0,0.0,1,0.0
EMP001,Allison Hill,Finance,Finance Manager,2026-07-06,0.36666666666666625,-0.3718224978436559,0,0.0,0.0,1,0.0
EMP001,Allison Hill,Finance,Finance Manager,2026-07-07,0.36666666666666625,-0.35892612643066396,0,0.0,0.0,1,0.0
EMP001,Allison Hill,Finance,Finance Manager,2026-07-08,0.36666666666666625,-0.3549559734555998,0,0.0,0.0,1,0.0
EMP001,Allison Hill,Finance,Finance Manager,2026-07-09,0.36666666666666625,1.4376184505311924,0,0.0,1.0,1,1.0
EMP001,Allison Hill,Finance,Finance Manager,2026-07-10,0.36666666666666625,-0.36401470701285565,0,0.0,1.0,1,0.0
EMP001,Allison Hill,Finance,Finance Manager,2026-07-13,0.36666666666666625,-0.3463689937231514,0,0.0,1.0,1,0.0
EMP001,Allison Hill,Finance,Finance Manager,2026-07-14,0.36666666666666625,-0.3515582857960323,0,0.0,1.0,1,0.0
EMP001,Allison Hill,Finance,Finance Manager,2026-07-15,0.36666666666666625,-0.35200883720174714,0,0.0,1.0,1,0.0
EMP001,Allison Hill,Finance,Finance Manager,2026-07-16,0.09999999999999964,-0.3439519179466104,0,0.0,1.0,1,0.0
EMP001,Allison Hill,Finance,Finance Manager,2026-07-17,0.09999999999999964,-0.34908820397176005,0,0.0,1.0,1,0.0
EMP001,Allison Hill,Finance,Finance Manager,2026-07-20,0.09999999999999964,-0.3736141022569692,0,0.0,0.0,1,0.0
EMP001,Allison Hill,Finance,Finance Manager,2026-07-21,0.09999999999999964,-0.369230502109602,0,0.0,0.0,1,0.0
EMP001,Allison Hill,Finance,Finance Manager,2026-07-22,4.733333333333333,1.0074107659355265,0,0.0,0.0,1,1.0
EMP001,Allison Hill,Finance,Finance Manager,2026-07-23,0.2666666666666666,0.49704203535602287,0,0.0,0.0,2,1.0
EMP001,Allison Hill,Finance,Finance Manager,2026-07-24,0.2666666666666666,-0.3667074142375987,0,0.0,0.0,2,0.0
EMP001,Allison Hill,Finance,Finance Manager,2026-07-27,0.2666666666666666,-0.34692555722432866,0,0.0,0.0,2,0.0
EMP001,Allison Hill,Finance,Finance Manager,2026-07-28,0.09999999999999964,-0.11880342960372214,0,0.09090909090909091,0.0,2,1.0
EMP001,Allison Hill,Finance,Finance Manager,2026-07-29,6.666666666666667,0.40306761333344393,0,0.0,1.0,2,1.0
EMP001,Allison Hill,Finance,Finance Manager,2026-08-04,4.5,7.795566661369648,0,0.6666666666666666,2.0,4,
EMP002,Stephanie Miller,Finance,Financial Analyst,2026-04-01,0.0,-0.44121138440782204,0,0.0,0.0,1,0.0
EMP002,Stephanie Miller,Finance,Financial Analyst,2026-04-02,0.5,-0.440939340765569,0,0.0,0.0,1,0.0
EMP002,Stephanie Miller,Finance,Financial Analyst,2026-04-03,0.3333333333333339,-0.43944854160602254,0,0.0,0.0,1,0.0
EMP002,Stephanie Miller,Finance,Financial Analyst,2026-04-06,0.5,-0.424845238889881,0,0.0,0.0,1,0.0
EMP002,Stephanie Miller,Finance,Financial Analyst,2026-04-07,0.40000000000000036,2.0150815432402918,0,0.0,0.0,1,1.0
EMP002,Stephanie Miller,Finance,Financial Analyst,2026-04-08,0.3333333333333339,-0.41718448992403623,0,0.0,0.0,1,0.0
EMP002,Stephanie Miller,Finance,Financial Analyst,2026-04-09,0.5714285714285712,-0.42579195076492143,0,0.0,0.0,1,0.0
EMP002,Stephanie Miller,Finance,Financial Analyst,2026-04-10,0.5,0.18262821426108938,0,0.0,0.0,2,1.0
EMP002,Stephanie Miller,Finance,Financial Analyst,2026-04-12,6.666666666666666,-0.45849159656373323,1,0.0,0.0,2,0.0
EMP002,Stephanie Miller,Finance,Financial Analyst,2026-04-13,1.1999999999999993,-0.4177612224456126,0,0.0,0.0,2,0.0
EMP002,Stephanie Miller,Finance,Financial Analyst,2026-04-14,1.0909090909090917,0.0657256203121261,0,0.0,0.0,3,1.0
EMP002,Stephanie Miller,Finance,Financial Analyst,2026-04-15,1.0,-0.39144916136690155,0,0.0,0.0,3,0.0
EMP002,Stephanie Miller,Finance,Financial Analyst,2026-04-16,0.9230769230769234,-0.37987098395261343,0,0.0,0.0,3,0.0
EMP002,Stephanie Miller,Finance,Financial Analyst,2026-04-17,4.571428571428571,2.6015858724464005,0,0.0,1.0,3,1.0
EMP002,Stephanie Miller,Finance,Financial Analyst,2026-04-20,0.5333333333333332,-0.41148245518241316,0,0.0,1.0,2,0.0
EMP002,Stephanie Miller,Finance,Financial Analyst,2026-04-21,0.5,-0.4178047494283731,0,0.0,1.0,2,0.0
EMP002,Stephanie Miller,Finance,Financial Analyst,2026-04-22,0.47058823529411775,-0.41019840919097894,0,0.0,1.0,2,0.0
EMP002,Stephanie Miller,Finance,Financial Analyst,2026-04-23,0.44444444444444464,-0.4449002961967729,0,0.0,1.0,1,0.0
EMP002,Stephanie Miller,Finance,Financial Analyst,2026-04-24,0.4210526315789469,-0.4357269845800014,0,0.0,1.0,1,0.0
EMP002,Stephanie Miller,Finance,Financial Analyst,2026-04-27,0.40000000000000036,-0.38055653393109107,0,0.0,1.0,1,0.0
EMP002,Stephanie Miller,Finance,Financial Analyst,2026-04-28,0.3809523809523814,-0.40379994272518815,0,0.0,0.0,1,0.0
EMP002,Stephanie Miller,Finance,Financial Analyst,2026-04-29,0.3636363636363633,-0.38340755130190257,0,0.0,0.0,1,0.0
EMP002,Stephanie Miller,Finance,Financial Analyst,2026-04-30,0.3478260869565215,-0.38626945041840427,0,0.0,0.0,1,0.0
EMP002,Stephanie Miller,Finance,Financial Analyst,2026-05-01,0.3333333333333339,-0.43671722343780234,0,0.0,0.0,1,0.0
EMP002,Stephanie Miller,Finance,Financial Analyst,2026-05-04,0.3200000000000003,-0.42079722949315623,0,0.0,0.0,1,0.0
EMP002,Stephanie Miller,Finance,Financial Analyst,2026-05-05,0.3076923076923084,0.27789789777809343,0,0.16666666666666666,0.0,1,1.0
EMP002,Stephanie Miller,Finance,Financial Analyst,2026-05-06,0.29629629629629584,-0.4376204083300823,0,0.0,0.0,1,0.0
EMP002,Stephanie Miller,Finance,Financial Analyst,2026-05-07,0.2857142857142865,-0.43116753313584094,0,0.0,0.0,1,0.0
EMP002,Stephanie Miller,Finance,Financial Analyst,2026-05-08,0.2758620689655178,-0.4043440300096942,0,0.0,0.0,1,0.0
EMP002,Stephanie Miller,Finance,Financial Analyst,2026-05-11,0.2666666666666675,-0.4485892079857237,0,0.0,0.0,1,0.0
EMP002,Stephanie Miller,Finance,Financial Analyst,2026-05-12,0.2333333333333325,-0.44257160261908707,0,0.0,0.0,1,0.0
EMP002,Stephanie Miller,Finance,Financial Analyst,2026-05-13,0.2333333333333325,1.225273559305664,0,0.0,0.0,2,1.0
EMP002,Stephanie Miller,Finance,Financial Analyst,2026-05-14,0.1999999999999993,-0.4022112078544306,0,0.0,0.0,2,0.0
EMP002,Stephanie Miller,Finance,Financial Analyst,2026-05-15,0.7666666666666675,-0.4170974359585153,0,0.0,0.0,2,0.0
EMP002,Stephanie Miller,Finance,Financial Analyst,2026-05-18,0.2333333333333325,-0.41378938526871867,0,0.0,0.0,2,0.0
EMP002,Stephanie Miller,Finance,Financial Analyst,2026-05-19,0.2333333333333325,-0.4090775893848966,0,0.0,0.0,2,0.0
EMP002,Stephanie Miller,Finance,Financial Analyst,2026-05-20,0.1999999999999993,-0.42886060304953544,0,0.0,0.0,2,0.0
EMP002,Stephanie Miller,Finance,Financial Analyst,2026-05-21,0.16666666666666607,-0.40728210134602666,0,0.0,0.0,2,0.0
EMP002,Stephanie Miller,Finance,Financial Analyst,2026-05-22,0.09999999999999964,0.488035288800008,0,0.0,0.0,2,1.0
EMP002,Stephanie Miller,Finance,Financial Analyst,2026-05-25,0.09999999999999964,-0.44049318919227415,0,0.0,0.0,2,0.0
EMP002,Stephanie Miller,Finance,Financial Analyst,2026-05-26,6.666666666666667,0.32557082564651074,0,0.0,0.0,2,1.0
EMP002,Stephanie Miller,Finance,Financial Analyst,2026-05-27,0.33333333333333304,-0.42640132852356827,0,0.0,0.0,2,0.0
EMP002,Stephanie Miller,Finance,Financial Analyst,2026-05-28,0.33333333333333304,1.4034077362529347,0,0.0,0.0,3,1.0
EMP002,Stephanie Miller,Finance,Financial Analyst,2026-05-29,0.20000000000000018,-0.4333982910023156,0,0.0,0.0,3,0.0
EMP002,Stephanie Miller,Finance,Financial Analyst,2026-06-01,0.20000000000000018,-0.43483468143341153,0,0.0,0.0,3,0.0
EMP002,Stephanie Miller,Finance,Financial Analyst,2026-06-02,0.20000000000000018,1.499885293541542,0,0.0,0.0,3,1.0
EMP002,Stephanie Miller,Finance,Financial Analyst,2026-06-03,0.20000000000000018,-0.3968900342119618,0,0.0,0.0,3,0.0
EMP002,Stephanie Miller,Finance,Financial Analyst,2026-06-04,0.20000000000000018,-0.42691277057100385,0,0.0,0.0,3,0.0
EMP002,Stephanie Miller,Finance,Financial Analyst,2026-06-05,0.20000000000000018,-0.4048989990398903,0,0.0,0.0,3,0.0
EMP002,Stephanie Miller,Finance,Financial Analyst,2026-06-06,5.033333333333333,-0.44923123098144074,1,0.0,0.0,2,0.0
EMP002,Stephanie Miller,Finance,Financial Analyst,2026-06-08,0.033333333333333215,-0.40356054432000554,0,0.0,0.0,2,0.0
EMP002,Stephanie Miller,Finance,Financial Analyst,2026-06-09,0.033333333333333215,-0.432168653739332,0,0.0,0.0,2,0.0
EMP002,Stephanie Miller,Finance,Financial Analyst,2026-06-10,0.033333333333333215,0.15261635964773745,0,0.16666666666666666,0.0,1,1.0
EMP002,Stephanie Miller,Finance,Financial Analyst,2026-06-11,0.033333333333333215,0.2774299827134183,0,0.0,0.0,2,1.0
EMP002,Stephanie Miller,Finance,Financial Analyst,2026-06-12,5.766666666666667,4.470003370931449,0,0.0,0.0,2,1.0
EMP002,Stephanie Miller,Finance,Financial Analyst,2026-06-15,0.2333333333333334,-0.39448516841444514,0,0.0,0.0,2,0.0
EMP002,Stephanie Miller,Finance,Financial Analyst,2026-06-16,0.2333333333333334,1.31440593825344,0,0.0,0.0,3,1.0
EMP002,Stephanie Miller,Finance,Financial Analyst,2026-06-17,0.2333333333333334,-0.11939463736820181,0,0.09090909090909091,0.0,3,1.0
EMP002,Stephanie Miller,Finance,Financial Analyst,2026-06-18,0.2333333333333334,0.2364384466987346,0,0.0,1.0,3,1.0
EMP002,Stephanie Miller,Finance,Financial Analyst,2026-06-19,0.2333333333333334,-0.408304985440898,0,0.0,1.0,3,0.0
EMP002,Stephanie Miller,Finance,Financial Analyst,2026-06-22,0.2333333333333334,-0.40455078317780646,0,0.0,1.0,2,0.0
EMP002,Stephanie Miller,Finance,Financial Analyst,2026-06-23,0.2333333333333334,0.9048605574600694,0,0.16666666666666666,1.0,2,1.0
EMP002,Stephanie Miller,Finance,Financial Analyst,2026-06-24,0.2333333333333334,-0.3906983209142832,0,0.0,1.0,2,0.0
EMP002,Stephanie Miller,Finance,Financial Analyst,2026-06-25,0.2666666666666666,-0.37551828567656537,0,0.0,1.0,1,0.0
EMP002,Stephanie Miller,Finance,Financial Analyst,2026-06-26,0.2666666666666666,-0.4058348291692407,0,0.0,1.0,1,0.0
EMP002,Stephanie Miller,Finance,Financial Analyst,2026-06-29,0.2666666666666666,0.8637710857341749,0,0.0,0.0,1,1.0
EMP002,Stephanie Miller,Finance,Financial Analyst,2026-06-30,0.2666666666666666,-0.4208298747302266,0,0.0,0.0,1,0.0
EMP002,Stephanie Miller,Finance,Financial Analyst,2026-07-01,0.2666666666666666,-0.3987943397077328,0,0.0,0.0,1,0.0
EMP002,Stephanie Miller,Finance,Financial Analyst,2026-07-02,0.2666666666666666,-0.42012256126036873,0,0.0,0.0,1,0.0
EMP002,Stephanie Miller,Finance,Financial Analyst,2026-07-03,1.2333333333333334,-0.38730321625896563,0,0.0,0.0,1,0.0
EMP002,Stephanie Miller,Finance,Financial Analyst,2026-07-06,0.0,-0.40121008725093954,0,0.0,0.0,1,0.0
EMP002,Stephanie Miller,Finance,Financial Analyst,2026-07-07,4.833333333333333,4.394995497889451,0,0.0,1.0,1,1.0
EMP002,Stephanie Miller,Finance,Financial Analyst,2026-07-08,0.16666666666666696,0.40038282726608837,0,0.1111111111111111,1.0,1,1.0
EMP002,Stephanie Miller,Finance,Financial Analyst,2026-07-09,0.16666666666666696,-0.3616984686501124,0,0.0,1.0,1,0.0
EMP002,Stephanie Miller,Finance,Financial Analyst,2026-07-10,0.16666666666666696,-0.38709646309085344,0,0.0,1.0,1,0.0
EMP002,Stephanie Miller,Finance,Financial Analyst,2026-07-13,0.16666666666666696,-0.43894798130427704,0,0.0,1.0,1,0.0
EMP002,Stephanie Miller,Finance,Financial Analyst,2026-07-14,0.16666666666666696,-0.4018956372294171,0,0.0,1.0,1,0.0
EMP002,Stephanie Miller,Finance,Financial Analyst,2026-07-15,0.16666666666666696,-0.14037464305875394,0,0.1111111111111111,1.0,1,1.0
EMP002,Stephanie Miller,Finance,Financial Analyst,2026-07-16,0.16666666666666696,-0.4382841948171797,0,0.0,0.0,1,0.0
EMP002,Stephanie Miller,Finance,Financial Analyst,2026-07-17,0.33333333333333304,-0.18362958217698247,0,0.125,0.0,1,1.0
EMP002,Stephanie Miller,Finance,Financial Analyst,2026-07-20,0.33333333333333304,-0.35660581166713606,0,0.0,0.0,1,0.0
EMP002,Stephanie Miller,Finance,Financial Analyst,2026-07-21,0.33333333333333304,-0.4145511074670271,0,0.0,0.0,1,0.0
EMP002,Stephanie Miller,Finance,Financial Analyst,2026-07-22,0.33333333333333304,-0.43305007514023175,0,0.0,0.0,1,0.0
EMP002,Stephanie Miller,Finance,Financial Analyst,2026-07-23,0.33333333333333304,3.9917397661049687,0,0.14285714285714285,1.0,1,1.0
EMP002,Stephanie Miller,Finance,Financial Analyst,2026-07-24,0.13333333333333375,-0.43553111315757925,0,0.0,1.0,1,0.0
EMP002,Stephanie Miller,Finance,Financial Analyst,2026-07-27,0.13333333333333375,-0.4377074622956033,0,0.0,1.0,1,0.0
EMP002,Stephanie Miller,Finance,Financial Analyst,2026-07-28,0.13333333333333375,-0.05574730682668767,0,0.14285714285714285,1.0,1,1.0
EMP002,Stephanie Miller,Finance,Financial Analyst,2026-07-29,0.13333333333333375,-0.419513183501722,0,0.0,1.0,1,0.0
EMP003,Allen Robinson,Finance,Financial Analyst,2026-04-01,0.0,-0.49584990473516644,0,0.0,0.0,1,0.0
EMP003,Allen Robinson,Finance,Financial Analyst,2026-04-02,0.5,-0.48733059961251557,0,0.0,0.0,1,0.0
EMP003,Allen Robinson,Finance,Financial Analyst,2026-04-03,0.3333333333333339,-0.469450099740406,0,0.0,0.0,1,0.0
EMP003,Allen Robinson,Finance,Financial Analyst,2026-04-06,0.25,-0.466584585506042,0,0.0,0.0,1,0.0
EMP003,Allen Robinson,Finance,Financial Analyst,2026-04-07,0.1999999999999993,-0.4953015179140348,0,0.0,0.0,1,0.0
EMP003,Allen Robinson,Finance,Financial Analyst,2026-04-08,6.0,3.7449335156885315,0,0.0,1.0,1,1.0
EMP003,Allen Robinson,Finance,Financial Analyst,2026-04-09,0.8571428571428568,-0.4719525973466969,0,0.0,1.0,1,0.0
EMP003,Allen Robinson,Finance,Financial Analyst,2026-04-10,0.75,2.4987978403682662,0,0.0,2.0,1,1.0
EMP003,Allen Robinson,Finance,Financial Analyst,2026-04-13,0.666666666666667,-0.4852529086986506,0,0.0,2.0,1,0.0
EMP003,Allen Robinson,Finance,Financial Analyst,2026-04-14,0.5999999999999996,-0.4714273817996976,0,0.0,2.0,1,0.0
EMP003,Allen Robinson,Finance,Financial Analyst,2026-04-15,0.5454545454545459,-0.4967381369102389,0,0.0,2.0,1,0.0
EMP003,Allen Robinson,Finance,Financial Analyst,2026-04-16,6.833333333333333,1.984843532597245,0,0.0,3.0,1,1.0
EMP003,Allen Robinson,Finance,Financial Analyst,2026-04-17,1.0769230769230766,-0.47996985819648086,0,0.0,2.0,1,0.0
EMP003,Allen Robinson,Finance,Financial Analyst,2026-04-20,1.0,-0.49901664553325065,0,0.0,2.0,1,0.0
EMP003,Allen Robinson,Finance,Financial Analyst,2026-04-21,0.9333333333333336,-0.49881582782410383,0,0.0,1.0,1,0.0
EMP003,Allen Robinson,Finance,Financial Analyst,2026-04-22,6.625,2.361044615651604,0,0.0,2.0,1,1.0
EMP003,Allen Robinson,Finance,Financial Analyst,2026-04-23,1.2941176470588234,-0.4932006557260375,0,0.0,2.0,1,0.0
EMP003,Allen Robinson,Finance,Financial Analyst,2026-04-24,1.2222222222222223,-0.47201438741104984,0,0.0,2.0,1,0.0
EMP003,Allen Robinson,Finance,Financial Analyst,2026-04-27,1.1578947368421053,-0.47076313860790436,0,0.0,1.0,1,0.0
EMP003,Allen Robinson,Finance,Financial Analyst,2026-04-28,1.0999999999999996,1.0580543573686616,0,0.1111111111111111,1.0,2,1.0
EMP003,Allen Robinson,Finance,Financial Analyst,2026-04-29,1.0476190476190474,-0.49211160584181834,0,0.0,1.0,2,0.0
EMP003,Allen Robinson,Finance,Financial Analyst,2026-04-30,1.0,-0.4859712181967526,0,0.0,1.0,2,0.0
EMP003,Allen Robinson,Finance,Financial Analyst,2026-05-01,0.9565217391304346,-0.5084550778631504,0,0.0,0.0,2,0.0
EMP003,Allen Robinson,Finance,Financial Analyst,2026-05-04,0.916666666666667,0.6883875736196182,0,0.0,0.0,2,1.0
EMP003,Allen Robinson,Finance,Financial Analyst,2026-05-05,0.8799999999999999,-0.49879265654997157,0,0.0,0.0,2,0.0
EMP003,Allen Robinson,Finance,Financial Analyst,2026-05-06,0.8461538461538458,-0.4891920253011456,0,0.0,0.0,2,0.0
EMP003,Allen Robinson,Finance,Financial Analyst,2026-05-07,0.8148148148148149,-0.49382628012761026,0,0.0,0.0,2,0.0
EMP003,Allen Robinson,Finance,Financial Analyst,2026-05-08,0.7857142857142856,-0.4647695023656766,0,0.0,0.0,2,0.0
EMP003,Allen Robinson,Finance,Financial Analyst,2026-05-10,11.379310344827587,-0.5221184058431771,1,0.0,0.0,2,0.0
EMP003,Allen Robinson,Finance,Financial Analyst,2026-05-11,0.36666666666666625,-0.21868284732235801,0,0.125,0.0,2,1.0
EMP003,Allen Robinson,Finance,Financial Analyst,2026-05-12,4.433333333333334,3.0498879768153584,0,0.0,0.0,1,1.0
EMP003,Allen Robinson,Finance,Financial Analyst,2026-05-13,0.5666666666666664,-0.4864114724052668,0,0.0,0.0,1,0.0
EMP003,Allen Robinson,Finance,Financial Analyst,2026-05-14,0.5666666666666664,-0.4464719195591853,0,0.0,0.0,1,0.0
EMP003,Allen Robinson,Finance,Financial Analyst,2026-05-15,0.5666666666666664,-0.5010016513505864,0,0.0,0.0,1,0.0
EMP003,Allen Robinson,Finance,Financial Analyst,2026-05-18,0.5666666666666664,-0.027967813697248104,0,0.16666666666666666,0.0,1,1.0
EMP003,Allen Robinson,Finance,Financial Analyst,2026-05-19,0.33333333333333304,-0.49004163868599737,0,0.0,0.0,1,0.0
EMP003,Allen Robinson,Finance,Financial Analyst,2026-05-20,1.2999999999999998,-0.4893619479781159,0,0.0,0.0,1,0.0
EMP003,Allen Robinson,Finance,Financial Analyst,2026-05-21,0.2999999999999998,-0.4729644096504751,0,0.0,0.0,1,0.0
EMP003,Allen Robinson,Finance,Financial Analyst,2026-05-22,0.2999999999999998,-0.4649085300104706,0,0.0,0.0,1,0.0
EMP003,Allen Robinson,Finance,Financial Analyst,2026-05-25,0.2999999999999998,-0.4892538153654984,0,0.0,0.0,1,0.0
EMP003,Allen Robinson,Finance,Financial Analyst,2026-05-26,0.2999999999999998,-0.44367591914721827,0,0.0,0.0,1,0.0
EMP003,Allen Robinson,Finance,Financial Analyst,2026-05-27,0.033333333333333215,-0.5118844264347343,0,0.0,0.0,1,0.0
EMP003,Allen Robinson,Finance,Financial Analyst,2026-05-28,0.033333333333333215,-0.47118022154228617,0,0.0,0.0,1,0.0
EMP003,Allen Robinson,Finance,Financial Analyst,2026-05-29,4.8,2.1734885990665345,0,0.0,0.0,1,1.0
EMP003,Allen Robinson,Finance,Financial Analyst,2026-05-30,6.0,-0.5203110464608559,1,0.0,0.0,1,0.0
EMP003,Allen Robinson,Finance,Financial Analyst,2026-06-01,0.2666666666666675,0.549444890164163,0,0.0,0.0,2,1.0
EMP003,Allen Robinson,Finance,Financial Analyst,2026-06-02,0.2666666666666675,-0.4803869411308626,0,0.0,0.0,2,0.0
EMP003,Allen Robinson,Finance,Financial Analyst,2026-06-03,0.2666666666666675,-0.461641380357813,0,0.0,0.0,2,0.0
EMP003,Allen Robinson,Finance,Financial Analyst,2026-06-04,0.2666666666666675,-0.49424336306199207,0,0.0,0.0,2,0.0
EMP003,Allen Robinson,Finance,Financial Analyst,2026-06-05,0.2666666666666675,2.723481961871362,0,0.1,1.0,2,1.0
EMP003,Allen Robinson,Finance,Financial Analyst,2026-06-08,0.2666666666666675,-0.4798153830355986,0,0.0,1.0,2,0.0
EMP003,Allen Robinson,Finance,Financial Analyst,2026-06-09,0.2666666666666675,-0.49881582782410383,0,0.0,1.0,2,0.0
EMP003,Allen Robinson,Finance,Financial Analyst,2026-06-10,0.2666666666666675,-0.5086095530240325,0,0.0,1.0,1,0.0
EMP003,Allen Robinson,Finance,Financial Analyst,2026-06-11,8.0,1.2564622540057027,0,0.0,1.0,1,1.0
EMP003,Allen Robinson,Finance,Financial Analyst,2026-06-12,0.0,-0.4910302797156432,0,0.0,1.0,1,0.0
EMP003,Allen Robinson,Finance,Financial Analyst,2026-06-15,0.0,-0.5018589884934823,0,0.0,1.0,1,0.0
EMP003,Allen Robinson,Finance,Financial Analyst,2026-06-16,0.0,-0.49030424645949705,0,0.0,0.0,1,0.0
EMP003,Allen Robinson,Finance,Financial Analyst,2026-06-17,0.0,-0.48083491909742093,0,0.0,0.0,1,0.0
EMP003,Allen Robinson,Finance,Financial Analyst,2026-06-18,0.36666666666666625,-0.484851273280357,0,0.0,0.0,1,0.0
EMP003,Allen Robinson,Finance,Financial Analyst,2026-06-19,0.36666666666666625,-0.4920498157774654,0,0.0,0.0,1,0.0
EMP003,Allen Robinson,Finance,Financial Analyst,2026-06-22,7.533333333333333,0.6645829513276779,0,0.0,0.0,1,1.0
EMP003,Allen Robinson,Finance,Financial Analyst,2026-06-23,0.4666666666666668,-0.4725164316839168,0,0.0,0.0,1,0.0
EMP003,Allen Robinson,Finance,Financial Analyst,2026-06-24,0.4666666666666668,0.6390250359597253,0,0.0,0.0,2,1.0
EMP003,Allen Robinson,Finance,Financial Analyst,2026-06-25,0.4666666666666668,-0.5007931098833955,0,0.0,0.0,2,0.0
EMP003,Allen Robinson,Finance,Financial Analyst,2026-06-26,0.4666666666666668,-0.4853069750049593,0,0.0,0.0,2,0.0
EMP003,Allen Robinson,Finance,Financial Analyst,2026-06-29,0.4666666666666668,-0.4883346881582496,0,0.0,0.0,2,0.0
EMP003,Allen Robinson,Finance,Financial Analyst,2026-06-30,0.5,-0.5135527581722615,0,0.0,0.0,2,0.0
EMP003,Allen Robinson,Finance,Financial Analyst,2026-07-01,0.5,-0.41999487698398374,0,0.0,0.0,2,0.0
EMP003,Allen Robinson,Finance,Financial Analyst,2026-07-02,0.5,-0.509212006151473,0,0.0,0.0,2,0.0
EMP003,Allen Robinson,Finance,Financial Analyst,2026-07-03,0.5,-0.4955177831392698,0,0.0,0.0,1,0.0
EMP003,Allen Robinson,Finance,Financial Analyst,2026-07-06,0.5,-0.49077539570018763,0,0.0,0.0,1,0.0
EMP003,Allen Robinson,Finance,Financial Analyst,2026-07-07,0.5,-0.484565494232725,0,0.0,0.0,1,0.0
EMP003,Allen Robinson,Finance,Financial Analyst,2026-07-08,6.266666666666667,0.4799465152832811,0,0.0,1.0,1,1.0
EMP003,Allen Robinson,Finance,Financial Analyst,2026-07-09,0.5666666666666664,0.05831428741348019,0,0.0,1.0,2,1.0
EMP003,Allen Robinson,Finance,Financial Analyst,2026-07-10,0.7666666666666666,0.03988540072023887,0,0.0,2.0,2,1.0
EMP003,Allen Robinson,Finance,Financial Analyst,2026-07-13,6.0,1.1922237583528583,0,0.0,2.0,2,1.0
EMP003,Allen Robinson,Finance,Financial Analyst,2026-07-14,1.0,-0.4819471402557724,0,0.0,2.0,2,0.0
EMP003,Allen Robinson,Finance,Financial Analyst,2026-07-15,1.0,-0.4663992153129834,0,0.0,2.0,2,0.0
EMP003,Allen Robinson,Finance,Financial Analyst,2026-07-16,1.0,-0.4819625877718607,0,0.0,2.0,2,0.0
EMP003,Allen Robinson,Finance,Financial Analyst,2026-07-17,5.766666666666667,2.5861998863953906,0,0.0,1.0,2,1.0
EMP003,Allen Robinson,Finance,Financial Analyst,2026-07-20,3.5999999999999996,2.1485331368260217,0,0.0,2.0,1,1.0
EMP003,Allen Robinson,Finance,Financial Analyst,2026-07-21,1.4000000000000004,-0.48723791451598625,0,0.0,1.0,1,0.0
EMP003,Allen Robinson,Finance,Financial Analyst,2026-07-22,2.3666666666666663,-0.48973268836423306,0,0.0,1.0,1,0.0
EMP003,Allen Robinson,Finance,Financial Analyst,2026-07-23,1.0999999999999996,-0.4936409099345517,0,0.0,1.0,1,0.0
EMP003,Allen Robinson,Finance,Financial Analyst,2026-07-24,6.633333333333334,1.7339527000504915,0,0.0,1.0,1,1.0
EMP003,Allen Robinson,Finance,Financial Analyst,2026-07-25,12.0,-0.5162483497296552,1,0.0,1.0,1,0.0
EMP003,Allen Robinson,Finance,Financial Analyst,2026-07-26,2.9333333333333336,-0.5191138639640192,1,0.0,1.0,1,0.0
EMP003,Allen Robinson,Finance,Financial Analyst,2026-07-27,0.9333333333333336,-0.4767722223662202,0,0.0,0.0,1,0.0
EMP003,Allen Robinson,Finance,Financial Analyst,2026-07-28,0.9333333333333336,1.2365813008001698,0,0.0,0.0,3,1.0
EMP003,Allen Robinson,Finance,Financial Analyst,2026-07-29,0.9333333333333336,-0.48698303050053077,0,0.0,0.0,3,0.0
EMP004,Alyssa Gonzalez,Finance,Accountant,2026-04-01,0.0,-0.4489538035909136,0,0.0,0.0,1,0.0
EMP004,Alyssa Gonzalez,Finance,Accountant,2026-04-02,4.0,2.502197254106108,0,0.0,0.0,1,1.0
EMP004,Alyssa Gonzalez,Finance,Accountant,2026-04-03,2.666666666666667,-0.4534505525017849,0,0.0,0.0,1,0.0
EMP004,Alyssa Gonzalez,Finance,Accountant,2026-04-06,2.0,-0.4791189031460175,0,0.0,0.0,1,0.0
EMP004,Alyssa Gonzalez,Finance,Accountant,2026-04-07,1.5999999999999996,-0.482736161733627,0,0.0,0.0,1,0.0
EMP004,Alyssa Gonzalez,Finance,Accountant,2026-04-08,1.333333333333333,-0.4798990961747176,0,0.0,0.0,1,0.0
EMP004,Alyssa Gonzalez,Finance,Accountant,2026-04-09,1.1428571428571432,-0.4761967256203408,0,0.0,0.0,1,0.0
EMP004,Alyssa Gonzalez,Finance,Accountant,2026-04-10,1.0,-0.4817360961241114,0,0.0,0.0,1,0.0
EMP004,Alyssa Gonzalez,Finance,Accountant,2026-04-13,0.8888888888888893,-0.4479892013008844,0,0.0,0.0,1,0.0
EMP004,Alyssa Gonzalez,Finance,Accountant,2026-04-14,0.7999999999999998,-0.4775159611052337,0,0.0,0.0,1,0.0
EMP004,Alyssa Gonzalez,Finance,Accountant,2026-04-15,0.7272727272727275,-0.4692104516815265,0,0.0,0.0,1,0.0
EMP004,Alyssa Gonzalez,Finance,Accountant,2026-04-16,6.666666666666667,0.052554275257497146,0,0.0,1.0,1,1.0
EMP004,Alyssa Gonzalez,Finance,Accountant,2026-04-17,1.2307692307692308,-0.47036655589678206,0,0.0,1.0,1,0.0
EMP004,Alyssa Gonzalez,Finance,Accountant,2026-04-20,4.428571428571429,1.3694066250808739,0,0.0,3.0,1,1.0
EMP004,Alyssa Gonzalez,Finance,Accountant,2026-04-21,1.4666666666666668,-0.4763882275455672,0,0.0,3.0,1,0.0
EMP004,Alyssa Gonzalez,Finance,Accountant,2026-04-22,1.375,1.3301700084011574,0,0.0,3.0,1,1.0
EMP004,Alyssa Gonzalez,Finance,Accountant,2026-04-23,1.2941176470588234,2.0769920534645645,0,0.0,4.0,1,1.0
EMP004,Alyssa Gonzalez,Finance,Accountant,2026-04-24,2.5555555555555554,1.967573527521327,0,0.0,5.0,1,1.0
EMP004,Alyssa Gonzalez,Finance,Accountant,2026-04-27,1.3684210526315788,-0.46306111208259043,0,0.0,4.0,1,0.0
EMP004,Alyssa Gonzalez,Finance,Accountant,2026-04-28,1.2999999999999998,-0.47909053249042843,0,0.0,4.0,1,0.0
EMP004,Alyssa Gonzalez,Finance,Accountant,2026-04-29,1.2380952380952381,-0.47848765605916016,0,0.0,2.0,1,0.0
EMP004,Alyssa Gonzalez,Finance,Accountant,2026-04-30,1.1818181818181817,1.8764186111135686,0,0.0,3.0,1,1.0
EMP004,Alyssa Gonzalez,Finance,Accountant,2026-05-01,1.1304347826086953,0.30037904449212843,0,0.0,3.0,2,1.0
EMP004,Alyssa Gonzalez,Finance,Accountant,2026-05-04,1.083333333333333,-0.46708265251234443,0,0.0,2.0,2,0.0
EMP004,Alyssa Gonzalez,Finance,Accountant,2026-05-05,1.04,-0.48816914227893843,0,0.0,1.0,2,0.0
EMP004,Alyssa Gonzalez,Finance,Accountant,2026-05-06,2.846153846153846,1.8450335733681338,0,0.0,2.0,2,1.0
EMP004,Alyssa Gonzalez,Finance,Accountant,2026-05-07,3.7037037037037033,1.7834976213953893,0,0.0,2.0,2,1.0
EMP004,Alyssa Gonzalez,Finance,Accountant,2026-05-08,1.25,-0.4918289568499315,0,0.0,2.0,2,0.0
EMP004,Alyssa Gonzalez,Finance,Accountant,2026-05-11,1.206896551724138,-0.4745866909156598,0,0.0,1.0,2,0.0
EMP004,Alyssa Gonzalez,Finance,Accountant,2026-05-12,1.166666666666667,-0.45710327440888077,0,0.0,1.0,1,0.0
EMP004,Alyssa Gonzalez,Finance,Accountant,2026-05-13,1.166666666666667,-0.46994099606294565,0,0.0,1.0,1,0.0
EMP004,Alyssa Gonzalez,Finance,Accountant,2026-05-14,0.9000000000000004,-0.4771896985659591,0,0.0,1.0,1,0.0
EMP004,Alyssa Gonzalez,Finance,Accountant,2026-05-15,3.9333333333333336,2.7840951807032406,0,0.0,0.0,1,1.0
EMP004,Alyssa Gonzalez,Finance,Accountant,2026-05-17,6.866666666666666,-0.5030779217910072,1,0.0,0.0,1,0.0
EMP004,Alyssa Gonzalez,Finance,Accountant,2026-05-18,0.8666666666666663,-0.4653875058408961,0,0.0,0.0,1,0.0
EMP004,Alyssa Gonzalez,Finance,Accountant,2026-05-19,0.8666666666666663,1.1803942248824337,0,0.0,1.0,1,1.0
EMP004,Alyssa Gonzalez,Finance,Accountant,2026-05-20,0.8666666666666663,-0.4783032467978311,0,0.0,1.0,1,0.0
EMP004,Alyssa Gonzalez,Finance,Accountant,2026-05-21,0.8666666666666663,-0.4799132815025121,0,0.0,1.0,1,0.0
EMP004,Alyssa Gonzalez,Finance,Accountant,2026-05-22,0.8666666666666663,-0.48014024674722483,0,0.0,1.0,1,0.0
EMP004,Alyssa Gonzalez,Finance,Accountant,2026-05-25,0.8666666666666663,-0.48022535871399213,0,0.0,1.0,1,0.0
EMP004,Alyssa Gonzalez,Finance,Accountant,2026-05-26,4.933333333333334,3.3180025482343964,0,0.0,1.0,1,1.0
EMP004,Alyssa Gonzalez,Finance,Accountant,2026-05-27,0.7999999999999998,-0.17458119338878764,0,0.1,1.0,1,1.0
EMP004,Alyssa Gonzalez,Finance,Accountant,2026-05-28,0.7999999999999998,-0.46061414303803105,0,0.0,0.0,1,0.0
EMP004,Alyssa Gonzalez,Finance,Accountant,2026-05-29,0.5999999999999996,-0.4837291346792453,0,0.0,0.0,1,0.0
EMP004,Alyssa Gonzalez,Finance,Accountant,2026-06-01,0.5999999999999996,-0.4731539728084105,0,0.0,0.0,1,0.0
EMP004,Alyssa Gonzalez,Finance,Accountant,2026-06-02,0.5999999999999996,-0.477601073072001,0,0.0,0.0,1,0.0
EMP004,Alyssa Gonzalez,Finance,Accountant,2026-06-03,0.5999999999999996,-0.037926838080020134,0,0.16666666666666666,0.0,1,1.0
EMP004,Alyssa Gonzalez,Finance,Accountant,2026-06-04,7.266666666666667,1.6066633251085678,0,0.0,1.0,1,1.0
EMP004,Alyssa Gonzalez,Finance,Accountant,2026-06-05,0.7333333333333334,-0.48365111537637523,0,0.0,1.0,1,0.0
EMP004,Alyssa Gonzalez,Finance,Accountant,2026-06-08,0.7333333333333334,-0.46016021254860556,0,0.0,1.0,1,0.0
EMP004,Alyssa Gonzalez,Finance,Accountant,2026-06-09,0.7333333333333334,-0.47884228925402383,0,0.0,1.0,1,0.0
EMP004,Alyssa Gonzalez,Finance,Accountant,2026-06-10,0.7333333333333334,-0.46374200781672864,0,0.0,1.0,1,0.0
EMP004,Alyssa Gonzalez,Finance,Accountant,2026-06-11,0.7333333333333334,-0.4960278138771174,0,0.0,1.0,1,0.0
EMP004,Alyssa Gonzalez,Finance,Accountant,2026-06-12,0.7333333333333334,-0.4531030119708185,0,0.0,1.0,1,0.0
EMP004,Alyssa Gonzalez,Finance,Accountant,2026-06-15,1.7000000000000002,-0.4719836832653604,0,0.0,0.0,1,0.0
EMP004,Alyssa Gonzalez,Finance,Accountant,2026-06-16,0.5666666666666664,-0.4677280849269963,0,0.0,0.0,1,0.0
EMP004,Alyssa Gonzalez,Finance,Accountant,2026-06-17,1.3666666666666663,-0.4887649260463094,0,0.0,0.0,1,0.0
EMP004,Alyssa Gonzalez,Finance,Accountant,2026-06-18,0.36666666666666625,-0.47139499216188674,0,0.0,0.0,1,0.0
EMP004,Alyssa Gonzalez,Finance,Accountant,2026-06-19,0.36666666666666625,-0.45947222415057004,0,0.0,0.0,1,0.0
EMP004,Alyssa Gonzalez,Finance,Accountant,2026-06-22,0.36666666666666625,-0.4356976147669095,0,0.0,0.0,1,0.0
EMP004,Alyssa Gonzalez,Finance,Accountant,2026-06-23,0.36666666666666625,-0.4390950007737034,0,0.0,0.0,1,0.0
EMP004,Alyssa Gonzalez,Finance,Accountant,2026-06-24,7.366666666666666,3.7720110569627674,0,0.0,2.0,1,1.0
EMP004,Alyssa Gonzalez,Finance,Accountant,2026-06-25,0.4666666666666668,-0.46291216614074765,0,0.0,2.0,1,0.0
EMP004,Alyssa Gonzalez,Finance,Accountant,2026-06-26,1.6333333333333337,-0.49104167115733416,0,0.0,2.0,1,0.0
EMP004,Alyssa Gonzalez,Finance,Accountant,2026-06-29,0.6333333333333337,-0.4723454091241213,0,0.0,2.0,1,0.0
EMP004,Alyssa Gonzalez,Finance,Accountant,2026-06-30,0.6333333333333337,-0.12847887805651026,0,0.125,2.0,1,1.0
EMP004,Alyssa Gonzalez,Finance,Accountant,2026-07-01,0.6333333333333337,0.00016785971223548011,0,0.1,2.0,1,1.0
EMP004,Alyssa Gonzalez,Finance,Accountant,2026-07-02,0.6333333333333337,-0.4700119227019184,0,0.0,2.0,1,0.0
EMP004,Alyssa Gonzalez,Finance,Accountant,2026-07-03,0.6333333333333337,-0.46514635526838877,0,0.0,0.0,1,0.0
EMP004,Alyssa Gonzalez,Finance,Accountant,2026-07-06,1.5999999999999996,-0.49859535820793033,0,0.0,0.0,1,0.0
EMP004,Alyssa Gonzalez,Finance,Accountant,2026-07-07,0.40000000000000036,-0.48054452858936947,0,0.0,0.0,1,0.0
EMP004,Alyssa Gonzalez,Finance,Accountant,2026-07-08,0.40000000000000036,-0.42395216335302466,0,0.0,0.0,1,0.0
EMP004,Alyssa Gonzalez,Finance,Accountant,2026-07-09,0.40000000000000036,-0.45528755245117875,0,0.0,0.0,1,0.0
EMP004,Alyssa Gonzalez,Finance,Accountant,2026-07-10,0.40000000000000036,-0.4855023006535636,0,0.0,0.0,1,0.0
EMP004,Alyssa Gonzalez,Finance,Accountant,2026-07-13,0.40000000000000036,0.055767252002962,0,0.0,0.0,2,1.0
EMP004,Alyssa Gonzalez,Finance,Accountant,2026-07-14,0.40000000000000036,-0.4756434978363535,0,0.0,0.0,2,0.0
EMP004,Alyssa Gonzalez,Finance,Accountant,2026-07-15,0.40000000000000036,-0.4871052426943474,0,0.0,0.0,2,0.0
EMP004,Alyssa Gonzalez,Finance,Accountant,2026-07-16,5.666666666666667,0.7147466546986377,0,0.0,1.0,3,1.0
EMP004,Alyssa Gonzalez,Finance,Accountant,2026-07-17,0.33333333333333304,-0.4833674088204843,0,0.0,1.0,3,0.0
EMP004,Alyssa Gonzalez,Finance,Accountant,2026-07-20,0.33333333333333304,-0.45827356395193086,0,0.0,1.0,3,0.0
EMP004,Alyssa Gonzalez,Finance,Accountant,2026-07-21,1.2999999999999998,-0.37927547346409923,0,0.2,1.0,3,1.0
EMP004,Alyssa Gonzalez,Finance,Accountant,2026-07-22,0.2999999999999998,-0.46162130131144385,0,0.0,1.0,2,0.0
EMP004,Alyssa Gonzalez,Finance,Accountant,2026-07-23,5.5,2.4001834692716235,0,0.0,1.0,2,1.0
EMP004,Alyssa Gonzalez,Finance,Accountant,2026-07-24,0.5,-0.45872749444135635,0,0.0,1.0,2,0.0
EMP004,Alyssa Gonzalez,Finance,Accountant,2026-07-27,0.5333333333333332,-0.4662315328446716,0,0.0,0.0,1,0.0
EMP004,Alyssa Gonzalez,Finance,Accountant,2026-07-28,0.5333333333333332,-0.4831404435757715,0,0.0,0.0,1,0.0
EMP004,Alyssa Gonzalez,Finance,Accountant,2026-07-29,0.5666666666666664,-0.49463055908935455,0,0.0,0.0,1,0.0
EMP005,Kimberly Robinson,Finance,Financial Analyst,2026-04-01,0.0,-0.4762310815271468,0,0.0,0.0,1,0.0
EMP005,Kimberly Robinson,Finance,Financial Analyst,2026-04-02,0.0,-0.4843473048583582,0,0.0,0.0,1,0.0
EMP005,Kimberly Robinson,Finance,Financial Analyst,2026-04-03,0.0,-0.48553302717967906,0,0.0,0.0,1,0.0
EMP005,Kimberly Robinson,Finance,Financial Analyst,2026-04-05,2.25,-0.5102953212388903,1,0.0,0.0,1,0.0
EMP005,Kimberly Robinson,Finance,Financial Analyst,2026-04-06,0.5999999999999996,-0.46669015308117,0,0.0,0.0,1,0.0
EMP005,Kimberly Robinson,Finance,Financial Analyst,2026-04-07,0.5,-0.4873897396518248,0,0.0,0.0,1,0.0
EMP005,Kimberly Robinson,Finance,Financial Analyst,2026-04-08,0.4285714285714288,0.42079083366679965,0,0.0,0.0,1,1.0
EMP005,Kimberly Robinson,Finance,Financial Analyst,2026-04-09,0.375,-0.4843564965042599,0,0.0,0.0,1,0.0
EMP005,Kimberly Robinson,Finance,Financial Analyst,2026-04-10,0.3333333333333339,-0.4798250150747161,0,0.0,0.0,1,0.0
EMP005,Kimberly Robinson,Finance,Financial Analyst,2026-04-13,0.3000000000000007,-0.4853491942616448,0,0.0,0.0,1,0.0
EMP005,Kimberly Robinson,Finance,Financial Analyst,2026-04-14,0.2727272727272734,-0.4835752066026145,0,0.0,0.0,1,0.0
EMP005,Kimberly Robinson,Finance,Financial Analyst,2026-04-15,0.25,-0.17944202700677775,0,0.0,0.0,2,1.0
EMP005,Kimberly Robinson,Finance,Financial Analyst,2026-04-16,0.23076923076922995,-0.4637304431008189,0,0.0,0.0,2,0.0
EMP005,Kimberly Robinson,Finance,Financial Analyst,2026-04-17,0.21428571428571352,-0.43085192571039616,0,0.0,0.0,2,0.0
EMP005,Kimberly Robinson,Finance,Financial Analyst,2026-04-20,0.1999999999999993,-0.4741997277828685,0,0.0,0.0,2,0.0
EMP005,Kimberly Robinson,Finance,Financial Analyst,2026-04-21,3.9375,3.0946773930583404,0,0.0,1.0,2,1.0
EMP005,Kimberly Robinson,Finance,Financial Analyst,2026-04-22,0.0588235294117645,-0.4768836883861683,0,0.0,1.0,2,0.0
EMP005,Kimberly Robinson,Finance,Financial Analyst,2026-04-23,0.05555555555555536,-0.4737401454877829,0,0.0,1.0,2,0.0
EMP005,Kimberly Robinson,Finance,Financial Analyst,2026-04-24,0.05263157894736814,2.7476743769769203,0,0.0,1.0,1,1.0
EMP005,Kimberly Robinson,Finance,Financial Analyst,2026-04-27,0.04999999999999982,-0.4881986044911754,0,0.0,1.0,1,0.0
EMP005,Kimberly Robinson,Finance,Financial Analyst,2026-04-28,0.04761904761904745,-0.48228837617637477,0,0.0,1.0,1,0.0
EMP005,Kimberly Robinson,Finance,Financial Analyst,2026-04-29,0.04545454545454586,-0.48694854064854265,0,0.0,1.0,1,0.0
EMP005,Kimberly Robinson,Finance,Financial Analyst,2026-04-30,0.04347826086956541,-0.08163372296666348,0,0.1,0.0,1,1.0
EMP005,Kimberly Robinson,Finance,Financial Analyst,2026-05-01,0.04166666666666696,-0.4779315360189634,0,0.0,0.0,1,0.0
EMP005,Kimberly Robinson,Finance,Financial Analyst,2026-05-04,0.040000000000000036,-0.38957224396580886,0,0.0,0.0,1,0.0
EMP005,Kimberly Robinson,Finance,Financial Analyst,2026-05-05,0.038461538461538325,-0.48374984787474695,0,0.0,0.0,1,0.0
EMP005,Kimberly Robinson,Finance,Financial Analyst,2026-05-06,0.0370370370370372,-0.45781102314011657,0,0.0,0.0,1,0.0
EMP005,Kimberly Robinson,Finance,Financial Analyst,2026-05-07,0.03571428571428559,-0.21224701122998677,0,0.0,0.0,2,1.0
EMP005,Kimberly Robinson,Finance,Financial Analyst,2026-05-08,0.0344827586206895,-0.46505404011066537,0,0.0,0.0,2,0.0
EMP005,Kimberly Robinson,Finance,Financial Analyst,2026-05-11,6.733333333333333,1.1637883384857632,0,0.0,1.0,2,1.0
EMP005,Kimberly Robinson,Finance,Financial Analyst,2026-05-12,0.2666666666666666,-0.48531242767803795,0,0.0,1.0,2,0.0
EMP005,Kimberly Robinson,Finance,Financial Analyst,2026-05-13,7.466666666666667,3.368634399158857,0,0.0,3.0,2,1.0
EMP005,Kimberly Robinson,Finance,Financial Analyst,2026-05-14,0.5333333333333332,-0.46663500320575974,0,0.0,3.0,2,0.0
EMP005,Kimberly Robinson,Finance,Financial Analyst,2026-05-15,0.6333333333333337,-0.4851929362813157,0,0.0,3.0,2,0.0
EMP005,Kimberly Robinson,Finance,Financial Analyst,2026-05-18,0.6333333333333337,-0.46168989771063884,0,0.0,3.0,1,0.0
EMP005,Kimberly Robinson,Finance,Financial Analyst,2026-05-19,0.6333333333333337,-0.4363669132514232,0,0.0,3.0,1,0.0
EMP005,Kimberly Robinson,Finance,Financial Analyst,2026-05-20,0.6333333333333337,-0.4953129384191003,0,0.0,2.0,1,0.0
EMP005,Kimberly Robinson,Finance,Financial Analyst,2026-05-21,0.6333333333333337,-0.4429848983006555,0,0.0,2.0,1,0.0
EMP005,Kimberly Robinson,Finance,Financial Analyst,2026-05-22,0.6333333333333337,-0.48277553340916557,0,0.0,0.0,1,0.0
EMP005,Kimberly Robinson,Finance,Financial Analyst,2026-05-25,0.6333333333333337,-0.4750361675599242,0,0.0,0.0,1,0.0
EMP005,Kimberly Robinson,Finance,Financial Analyst,2026-05-26,0.6333333333333337,-0.4941455993895829,0,0.0,0.0,1,0.0
EMP005,Kimberly Robinson,Finance,Financial Analyst,2026-05-27,0.6333333333333337,-0.2046179451315661,0,0.1111111111111111,0.0,1,1.0
EMP005,Kimberly Robinson,Finance,Financial Analyst,2026-05-28,0.6333333333333337,-0.4643830499598404,0,0.0,0.0,1,0.0
EMP005,Kimberly Robinson,Finance,Financial Analyst,2026-05-29,0.6333333333333337,-0.4699807623139828,0,0.0,0.0,1,0.0
EMP005,Kimberly Robinson,Finance,Financial Analyst,2026-06-01,0.6333333333333337,-0.46604673786805023,0,0.0,0.0,1,0.0
EMP005,Kimberly Robinson,Finance,Financial Analyst,2026-06-02,0.5,-0.49347460923875797,0,0.0,0.0,1,0.0
EMP005,Kimberly Robinson,Finance,Financial Analyst,2026-06-03,0.5,0.07525848092965348,0,0.0,0.0,2,1.0
EMP005,Kimberly Robinson,Finance,Financial Analyst,2026-06-04,0.5,-0.46717731031396076,0,0.0,0.0,2,0.0
EMP005,Kimberly Robinson,Finance,Financial Analyst,2026-06-05,0.5,-0.46781153388117885,0,0.0,0.0,2,0.0
EMP005,Kimberly Robinson,Finance,Financial Analyst,2026-06-08,0.5,-0.22549217297435334,0,0.125,0.0,2,1.0
EMP005,Kimberly Robinson,Finance,Financial Analyst,2026-06-09,0.5,2.961095203168764,0,0.0,0.0,2,1.0
EMP005,Kimberly Robinson,Finance,Financial Analyst,2026-06-10,0.5,-0.47415376955335997,0,0.0,0.0,2,0.0
EMP005,Kimberly Robinson,Finance,Financial Analyst,2026-06-11,0.5,-0.45421708959254725,0,0.0,0.0,2,0.0
EMP005,Kimberly Robinson,Finance,Financial Analyst,2026-06-12,0.5,-0.479668757094387,0,0.0,0.0,1,0.0
EMP005,Kimberly Robinson,Finance,Financial Analyst,2026-06-15,7.233333333333333,2.561681422155784,0,0.0,0.0,1,1.0
EMP005,Kimberly Robinson,Finance,Financial Analyst,2026-06-16,0.7666666666666666,0.13448944712028363,0,0.125,0.0,1,1.0
EMP005,Kimberly Robinson,Finance,Financial Analyst,2026-06-17,6.0,0.1342320810350357,0,0.0,1.0,1,1.0
EMP005,Kimberly Robinson,Finance,Financial Analyst,2026-06-18,1.0,0.693791908593539,0,0.0,1.0,2,1.0
EMP005,Kimberly Robinson,Finance,Financial Analyst,2026-06-19,1.0,-0.44821494481872953,0,0.0,1.0,2,0.0
EMP005,Kimberly Robinson,Finance,Financial Analyst,2026-06-21,4.633333333333334,0.9970886484123197,1,0.0,1.0,3,1.0
EMP005,Kimberly Robinson,Finance,Financial Analyst,2026-06-22,0.6333333333333337,1.170773989371064,0,0.0,1.0,3,1.0
EMP005,Kimberly Robinson,Finance,Financial Analyst,2026-06-23,0.36666666666666625,0.675169633996671,0,0.0,1.0,4,1.0
EMP005,Kimberly Robinson,Finance,Financial Analyst,2026-06-24,0.36666666666666625,-0.4933275429043305,0,0.0,1.0,4,0.0
EMP005,Kimberly Robinson,Finance,Financial Analyst,2026-06-25,0.36666666666666625,-0.4834465235599904,0,0.0,0.0,4,0.0
EMP005,Kimberly Robinson,Finance,Financial Analyst,2026-06-26,4.466666666666667,2.624065122890701,0,0.0,1.0,3,1.0
EMP005,Kimberly Robinson,Finance,Financial Analyst,2026-06-29,0.5333333333333332,-0.4850642532386917,0,0.0,1.0,3,0.0
EMP005,Kimberly Robinson,Finance,Financial Analyst,2026-06-30,0.5333333333333332,-0.48724267331739746,0,0.0,1.0,3,0.0
EMP005,Kimberly Robinson,Finance,Financial Analyst,2026-07-01,0.5333333333333332,-0.47625865646485194,0,0.0,1.0,2,0.0
EMP005,Kimberly Robinson,Finance,Financial Analyst,2026-07-02,0.5333333333333332,-0.4557429028122314,0,0.0,1.0,1,0.0
EMP005,Kimberly Robinson,Finance,Financial Analyst,2026-07-03,0.5333333333333332,-0.48342814026818703,0,0.0,1.0,1,0.0
EMP005,Kimberly Robinson,Finance,Financial Analyst,2026-07-06,1.5,-0.4350892744710852,0,0.0,1.0,1,0.0
EMP005,Kimberly Robinson,Finance,Financial Analyst,2026-07-07,5.3,1.0092400042943828,0,0.0,0.0,1,1.0
EMP005,Kimberly Robinson,Finance,Financial Analyst,2026-07-08,7.033333333333333,2.7579690203868372,0,0.0,0.0,1,1.0
EMP005,Kimberly Robinson,Finance,Financial Analyst,2026-07-09,0.9666666666666668,-0.4915627468912019,0,0.0,0.0,1,0.0
EMP005,Kimberly Robinson,Finance,Financial Analyst,2026-07-10,6.766666666666667,2.8649873536204664,0,0.0,1.0,1,1.0
EMP005,Kimberly Robinson,Finance,Financial Analyst,2026-07-13,1.2333333333333334,-0.47806941070748915,0,0.0,1.0,1,0.0
EMP005,Kimberly Robinson,Finance,Financial Analyst,2026-07-14,1.2333333333333334,-0.48206777667473366,0,0.0,1.0,1,0.0
EMP005,Kimberly Robinson,Finance,Financial Analyst,2026-07-15,1.2333333333333334,-0.49938483755355856,0,0.0,1.0,1,0.0
EMP005,Kimberly Robinson,Finance,Financial Analyst,2026-07-16,1.2333333333333334,-0.4972891422879683,0,0.0,1.0,1,0.0
EMP005,Kimberly Robinson,Finance,Financial Analyst,2026-07-17,1.2333333333333334,-0.43109090850384063,0,0.0,1.0,1,0.0
EMP005,Kimberly Robinson,Finance,Financial Analyst,2026-07-20,1.2333333333333334,-0.4717731332648166,0,0.0,1.0,1,0.0
EMP005,Kimberly Robinson,Finance,Financial Analyst,2026-07-21,2.2,-0.4958368622354978,0,0.0,0.0,1,0.0
EMP005,Kimberly Robinson,Finance,Financial Analyst,2026-07-22,1.2000000000000002,0.6583764969342437,0,0.0,1.0,1,1.0
EMP005,Kimberly Robinson,Finance,Financial Analyst,2026-07-23,1.2000000000000002,-0.06353537218619314,0,0.25,1.0,1,1.0
EMP005,Kimberly Robinson,Finance,Financial Analyst,2026-07-24,0.9333333333333336,-0.46260906230081,0,0.0,1.0,1,0.0
EMP005,Kimberly Robinson,Finance,Financial Analyst,2026-07-27,0.9333333333333336,-0.4753670668123859,0,0.0,1.0,1,0.0
EMP005,Kimberly Robinson,Finance,Financial Analyst,2026-07-28,0.7000000000000002,-0.48013753103537427,0,0.0,1.0,1,0.0
EMP005,Kimberly Robinson,Finance,Financial Analyst,2026-07-29,0.7000000000000002,0.22310610525868618,0,0.0,1.0,2,1.0
EMP006,Caitlin Henderson,Finance,Financial Analyst,2026-04-01,0.0,-0.2833492181121247,0,0.0,0.0,1,0.0
EMP006,Caitlin Henderson,Finance,Financial Analyst,2026-04-02,0.0,-0.28301069765258635,0,0.0,0.0,1,0.0
EMP006,Caitlin Henderson,Finance,Financial Analyst,2026-04-03,0.0,-0.2764456575406064,0,0.0,0.0,1,0.0
EMP006,Caitlin Henderson,Finance,Financial Analyst,2026-04-06,0.0,-0.2846468798736883,0,0.0,0.0,1,0.0
EMP006,Caitlin Henderson,Finance,Financial Analyst,2026-04-07,0.0,-0.285312636777447,0,0.0,0.0,1,0.0
EMP006,Caitlin Henderson,Finance,Financial Analyst,2026-04-08,0.0,-0.2778471322430951,0,0.0,0.0,1,0.0
EMP006,Caitlin Henderson,Finance,Financial Analyst,2026-04-09,0.0,-0.28179879440743916,0,0.0,0.0,1,0.0
EMP006,Caitlin Henderson,Finance,Financial Analyst,2026-04-10,0.0,-0.2868788581035777,0,0.0,0.0,1,0.0
EMP006,Caitlin Henderson,Finance,Financial Analyst,2026-04-13,0.0,-0.27934113587119086,0,0.0,0.0,1,0.0
EMP006,Caitlin Henderson,Finance,Financial Analyst,2026-04-14,0.9000000000000004,-0.2807854898318878,0,0.0,0.0,1,0.0
EMP006,Caitlin Henderson,Finance,Financial Analyst,2026-04-15,7.363636363636363,0.640430236709767,0,0.0,0.0,1,1.0
EMP006,Caitlin Henderson,Finance,Financial Analyst,2026-04-16,0.583333333333333,-0.27922603891494785,0,0.0,0.0,1,0.0
EMP006,Caitlin Henderson,Finance,Financial Analyst,2026-04-17,0.5384615384615383,-0.27831880408338516,0,0.0,0.0,1,0.0
EMP006,Caitlin Henderson,Finance,Financial Analyst,2026-04-20,5.071428571428571,0.27372005010414957,0,0.0,1.0,1,1.0
EMP006,Caitlin Henderson,Finance,Financial Analyst,2026-04-21,0.8666666666666663,-0.2767909484093355,0,0.0,1.0,1,0.0
EMP006,Caitlin Henderson,Finance,Financial Analyst,2026-04-22,0.8125,-0.2741188935820463,0,0.0,1.0,1,0.0
EMP006,Caitlin Henderson,Finance,Financial Analyst,2026-04-23,0.7647058823529411,-0.2800136631841404,0,0.0,1.0,1,0.0
EMP006,Caitlin Henderson,Finance,Financial Analyst,2026-04-24,0.7222222222222223,-0.28244875368975275,0,0.0,1.0,1,0.0
EMP006,Caitlin Henderson,Finance,Financial Analyst,2026-04-26,5.421052631578948,-0.29165425338613177,1,0.0,1.0,1,0.0
EMP006,Caitlin Henderson,Finance,Financial Analyst,2026-04-27,0.40000000000000036,-0.28296556159131464,0,0.0,1.0,1,0.0
EMP006,Caitlin Henderson,Finance,Financial Analyst,2026-04-28,0.3809523809523814,-0.2848973850137467,0,0.0,0.0,1,0.0
EMP006,Caitlin Henderson,Finance,Financial Analyst,2026-04-29,0.3636363636363633,-0.12357207481616062,0,0.0,0.0,2,1.0
EMP006,Caitlin Henderson,Finance,Financial Analyst,2026-04-30,0.3478260869565215,-0.27733258114459686,0,0.0,0.0,2,0.0
EMP006,Caitlin Henderson,Finance,Financial Analyst,2026-05-01,1.291666666666667,-0.27985794377275275,0,0.0,0.0,2,0.0
EMP006,Caitlin Henderson,Finance,Financial Analyst,2026-05-04,0.28000000000000025,-0.2754729754201996,0,0.0,0.0,2,0.0
EMP006,Caitlin Henderson,Finance,Financial Analyst,2026-05-05,1.2307692307692308,-0.27130691696481457,0,0.0,0.0,2,0.0
EMP006,Caitlin Henderson,Finance,Financial Analyst,2026-05-06,1.1851851851851851,-0.2810653334117728,0,0.0,0.0,2,0.0
EMP006,Caitlin Henderson,Finance,Financial Analyst,2026-05-07,4.642857142857143,0.10848595700042753,0,0.0,1.0,2,1.0
EMP006,Caitlin Henderson,Finance,Financial Analyst,2026-05-08,0.3448275862068968,-0.2859400280291247,0,0.0,1.0,1,0.0
EMP006,Caitlin Henderson,Finance,Financial Analyst,2026-05-11,0.33333333333333304,-0.28500571156079896,0,0.0,1.0,1,0.0
EMP006,Caitlin Henderson,Finance,Financial Analyst,2026-05-12,1.2999999999999998,-0.279763158044082,0,0.0,1.0,1,0.0
EMP006,Caitlin Henderson,Finance,Financial Analyst,2026-05-13,0.2999999999999998,-0.2747575688490419,0,0.0,1.0,1,0.0
EMP006,Caitlin Henderson,Finance,Financial Analyst,2026-05-14,0.2999999999999998,-0.28733247551935903,0,0.0,1.0,1,0.0
EMP006,Caitlin Henderson,Finance,Financial Analyst,2026-05-15,0.2999999999999998,-0.2771904025515907,0,0.0,1.0,1,0.0
EMP006,Caitlin Henderson,Finance,Financial Analyst,2026-05-18,0.2999999999999998,-0.2843489818692946,0,0.0,0.0,1,0.0
EMP006,Caitlin Henderson,Finance,Financial Analyst,2026-05-19,0.2999999999999998,-0.2815008964030455,0,0.0,0.0,1,0.0
EMP006,Caitlin Henderson,Finance,Financial Analyst,2026-05-20,1.2666666666666666,-0.2790409810637336,0,0.0,0.0,1,0.0
EMP006,Caitlin Henderson,Finance,Financial Analyst,2026-05-21,0.2666666666666666,-0.28504859081900713,0,0.0,0.0,1,0.0
EMP006,Caitlin Henderson,Finance,Financial Analyst,2026-05-22,0.2666666666666666,-0.2822591822324113,0,0.0,0.0,1,0.0
EMP006,Caitlin Henderson,Finance,Financial Analyst,2026-05-25,0.2999999999999998,-0.2772152273852902,0,0.0,0.0,1,0.0
EMP006,Caitlin Henderson,Finance,Financial Analyst,2026-05-26,1.0,-0.2802506275058172,0,0.0,0.0,1,0.0
EMP006,Caitlin Henderson,Finance,Financial Analyst,2026-05-27,0.0,-0.2843219002325315,0,0.0,0.0,1,0.0
EMP006,Caitlin Henderson,Finance,Financial Analyst,2026-05-28,0.0,-0.28220953256501236,0,0.0,0.0,1,0.0
EMP006,Caitlin Henderson,Finance,Financial Analyst,2026-05-29,0.1999999999999993,-0.281744631133913,0,0.0,0.0,1,0.0
EMP006,Caitlin Henderson,Finance,Financial Analyst,2026-06-01,0.1999999999999993,-0.2865990145236927,0,0.0,0.0,1,0.0
EMP006,Caitlin Henderson,Finance,Financial Analyst,2026-06-02,0.1999999999999993,-0.2795036256917693,0,0.0,0.0,1,0.0
EMP006,Caitlin Henderson,Finance,Financial Analyst,2026-06-03,0.1999999999999993,-0.2722750854790942,0,0.0,0.0,1,0.0
EMP006,Caitlin Henderson,Finance,Financial Analyst,2026-06-04,0.1999999999999993,-0.2769511814268503,0,0.0,0.0,1,0.0
EMP006,Caitlin Henderson,Finance,Financial Analyst,2026-06-05,0.033333333333333215,-0.28179202399824843,0,0.0,0.0,1,0.0
EMP006,Caitlin Henderson,Finance,Financial Analyst,2026-06-06,4.800000000000001,-0.28747916771849236,1,0.0,0.0,1,0.0
EMP006,Caitlin Henderson,Finance,Financial Analyst,2026-06-08,0.1999999999999993,-0.27861444528471524,0,0.0,0.0,1,0.0
EMP006,Caitlin Henderson,Finance,Financial Analyst,2026-06-09,0.1999999999999993,-0.2814128810835655,0,0.0,0.0,1,0.0
EMP006,Caitlin Henderson,Finance,Financial Analyst,2026-06-10,0.1999999999999993,-0.2636179889271673,0,0.0,0.0,1,0.0
EMP006,Caitlin Henderson,Finance,Financial Analyst,2026-06-11,0.16666666666666607,-0.2823043182936831,0,0.0,0.0,1,0.0
EMP006,Caitlin Henderson,Finance,Financial Analyst,2026-06-12,0.16666666666666607,-0.2834056381887144,0,0.0,0.0,1,0.0
EMP006,Caitlin Henderson,Finance,Financial Analyst,2026-06-15,0.13333333333333286,-0.2834801126898129,0,0.0,0.0,1,0.0
EMP006,Caitlin Henderson,Finance,Financial Analyst,2026-06-16,0.09999999999999964,-0.2789100864860454,0,0.0,0.0,1,0.0
EMP006,Caitlin Henderson,Finance,Financial Analyst,2026-06-17,0.2666666666666675,-0.28740695002045746,0,0.0,0.0,1,0.0
EMP006,Caitlin Henderson,Finance,Financial Analyst,2026-06-18,0.2666666666666675,-0.27369687140915516,0,0.0,0.0,1,0.0
EMP006,Caitlin Henderson,Finance,Financial Analyst,2026-06-19,0.2666666666666675,0.12906123053116716,0,0.0,0.0,2,1.0
EMP006,Caitlin Henderson,Finance,Financial Analyst,2026-06-22,0.2333333333333325,-0.2868246948300516,0,0.0,0.0,2,0.0
EMP006,Caitlin Henderson,Finance,Financial Analyst,2026-06-23,0.2333333333333325,-0.28134517699165784,0,0.0,0.0,2,0.0
EMP006,Caitlin Henderson,Finance,Financial Analyst,2026-06-24,0.2333333333333325,-0.28148509878160033,0,0.0,0.0,2,0.0
EMP006,Caitlin Henderson,Finance,Financial Analyst,2026-06-25,0.2333333333333325,-0.2834507742499862,0,0.0,0.0,2,0.0
EMP006,Caitlin Henderson,Finance,Financial Analyst,2026-06-26,0.2333333333333325,-0.023135311274201972,0,0.0,0.0,3,1.0
EMP006,Caitlin Henderson,Finance,Financial Analyst,2026-06-29,0.2333333333333325,-0.2834665718714313,0,0.0,0.0,3,0.0
EMP006,Caitlin Henderson,Finance,Financial Analyst,2026-06-30,0.1999999999999993,-0.278835611984947,0,0.0,0.0,2,0.0
EMP006,Caitlin Henderson,Finance,Financial Analyst,2026-07-01,0.1999999999999993,-0.2848364513310298,0,0.0,0.0,2,0.0
EMP006,Caitlin Henderson,Finance,Financial Analyst,2026-07-02,0.7666666666666675,-0.28459723020628935,0,0.0,0.0,2,0.0
EMP006,Caitlin Henderson,Finance,Financial Analyst,2026-07-03,0.2333333333333325,-0.2817649423614853,0,0.0,0.0,2,0.0
EMP006,Caitlin Henderson,Finance,Financial Analyst,2026-07-06,0.1999999999999993,-0.28008588088217523,0,0.0,0.0,2,0.0
EMP006,Caitlin Henderson,Finance,Financial Analyst,2026-07-07,0.1999999999999993,-0.2786347565122876,0,0.0,0.0,1,0.0
EMP006,Caitlin Henderson,Finance,Financial Analyst,2026-07-08,0.1999999999999993,-0.27436262831291386,0,0.0,0.0,1,0.0
EMP006,Caitlin Henderson,Finance,Financial Analyst,2026-07-09,0.1999999999999993,-0.2774318804793947,0,0.0,0.0,1,0.0
EMP006,Caitlin Henderson,Finance,Financial Analyst,2026-07-10,0.1999999999999993,-0.2857143477227658,0,0.0,0.0,1,0.0
EMP006,Caitlin Henderson,Finance,Financial Analyst,2026-07-13,0.1999999999999993,-0.2849492914842092,0,0.0,0.0,1,0.0
EMP006,Caitlin Henderson,Finance,Financial Analyst,2026-07-14,0.7666666666666675,-0.2798917958187066,0,0.0,0.0,1,0.0
EMP006,Caitlin Henderson,Finance,Financial Analyst,2026-07-15,0.2333333333333325,-0.285323920792765,0,0.0,0.0,1,0.0
EMP006,Caitlin Henderson,Finance,Financial Analyst,2026-07-16,0.2333333333333325,-0.280092651291366,0,0.0,0.0,1,0.0
EMP006,Caitlin Henderson,Finance,Financial Analyst,2026-07-17,0.06666666666666643,2.1670672371050874,0,0.1,2.0,1,1.0
EMP006,Caitlin Henderson,Finance,Financial Analyst,2026-07-20,0.06666666666666643,4.821345226662408,0,0.16666666666666666,7.0,1,1.0
EMP006,Caitlin Henderson,Finance,Financial Analyst,2026-07-21,0.06666666666666643,2.018883291146779,0,0.1,9.0,1,1.0
EMP006,Caitlin Henderson,Finance,Financial Analyst,2026-07-22,0.06666666666666643,1.7599783300857381,0,0.09090909090909091,11.0,1,1.0
EMP006,Caitlin Henderson,Finance,Financial Analyst,2026-07-23,0.06666666666666643,2.88957596750387,0,0.0,14.0,1,1.0
EMP006,Caitlin Henderson,Finance,Financial Analyst,2026-07-24,0.06666666666666643,5.851519405114133,0,0.0,20.0,1,1.0
EMP007,Daniel Gallagher,Finance,Financial Analyst,2026-04-01,0.0,-0.43513155310208884,0,0.0,0.0,1,0.0
EMP007,Daniel Gallagher,Finance,Financial Analyst,2026-04-02,0.0,-0.4350579939208379,0,0.0,0.0,1,0.0
EMP007,Daniel Gallagher,Finance,Financial Analyst,2026-04-03,0.0,0.0942885861970996,0,0.1111111111111111,0.0,1,1.0
EMP007,Daniel Gallagher,Finance,Financial Analyst,2026-04-06,0.0,-0.450976200743539,0,0.0,0.0,1,0.0
EMP007,Daniel Gallagher,Finance,Financial Analyst,2026-04-07,4.8,1.572666299142027,0,0.0,0.0,1,1.0
EMP007,Daniel Gallagher,Finance,Financial Analyst,2026-04-08,1.0,-0.43739717588461746,0,0.0,0.0,1,0.0
EMP007,Daniel Gallagher,Finance,Financial Analyst,2026-04-09,0.8571428571428568,-0.451689724801673,0,0.0,0.0,1,0.0
EMP007,Daniel Gallagher,Finance,Financial Analyst,2026-04-10,0.75,-0.4434658083378192,0,0.0,0.0,1,0.0
EMP007,Daniel Gallagher,Finance,Financial Analyst,2026-04-13,0.666666666666667,-0.4319832201445491,0,0.0,0.0,1,0.0
EMP007,Daniel Gallagher,Finance,Financial Analyst,2026-04-14,0.5999999999999996,-0.42169229068754405,0,0.0,0.0,1,0.0
EMP007,Daniel Gallagher,Finance,Financial Analyst,2026-04-15,0.5454545454545459,-0.04947547763971671,0,0.0,0.0,2,1.0
EMP007,Daniel Gallagher,Finance,Financial Analyst,2026-04-16,0.5,-0.4475556988153708,0,0.0,0.0,2,0.0
EMP007,Daniel Gallagher,Finance,Financial Analyst,2026-04-17,5.076923076923077,4.393557917261415,0,0.0,2.0,2,1.0
EMP007,Daniel Gallagher,Finance,Financial Analyst,2026-04-20,0.8571428571428568,-0.43416057190957663,0,0.0,2.0,2,0.0
EMP007,Daniel Gallagher,Finance,Financial Analyst,2026-04-21,6.666666666666667,2.151599123341216,0,0.0,3.0,2,1.0
EMP007,Daniel Gallagher,Finance,Financial Analyst,2026-04-22,1.25,-0.4479087828853753,0,0.0,3.0,2,0.0
EMP007,Daniel Gallagher,Finance,Financial Analyst,2026-04-23,1.1764705882352944,-0.4349550110670866,0,0.0,3.0,2,0.0
EMP007,Daniel Gallagher,Finance,Financial Analyst,2026-04-24,1.1111111111111107,-0.4302030879582766,0,0.0,3.0,1,0.0
EMP007,Daniel Gallagher,Finance,Financial Analyst,2026-04-27,4.631578947368421,2.925618252135995,0,0.0,3.0,1,1.0
EMP007,Daniel Gallagher,Finance,Financial Analyst,2026-04-28,1.2999999999999998,-0.4359848396045996,0,0.0,1.0,1,0.0
EMP007,Daniel Gallagher,Finance,Financial Analyst,2026-04-29,1.2380952380952381,-0.4321671180976764,0,0.0,1.0,1,0.0
EMP007,Daniel Gallagher,Finance,Financial Analyst,2026-04-30,2.1363636363636367,-0.4373898199664924,0,0.0,0.0,1,0.0
EMP007,Daniel Gallagher,Finance,Financial Analyst,2026-05-01,1.0869565217391308,0.569002762399972,0,0.0,0.0,2,1.0
EMP007,Daniel Gallagher,Finance,Financial Analyst,2026-05-04,6.625,3.230020855988591,0,0.0,0.0,2,1.0
EMP007,Daniel Gallagher,Finance,Financial Analyst,2026-05-05,1.3200000000000003,-0.4263044513519773,0,0.0,0.0,2,0.0
EMP007,Daniel Gallagher,Finance,Financial Analyst,2026-05-06,1.2692307692307692,-0.2893078321902466,0,0.1111111111111111,0.0,2,1.0
EMP007,Daniel Gallagher,Finance,Financial Analyst,2026-05-07,1.2222222222222223,-0.4159178949593461,0,0.0,0.0,2,0.0
EMP007,Daniel Gallagher,Finance,Financial Analyst,2026-05-08,1.1785714285714288,1.0586420964786576,0,0.1,1.0,2,1.0
EMP007,Daniel Gallagher,Finance,Financial Analyst,2026-05-11,1.137931034482759,-0.36851635856124726,0,0.0,1.0,2,0.0
EMP007,Daniel Gallagher,Finance,Financial Analyst,2026-05-12,1.0999999999999996,0.1473983150602705,0,0.0,1.0,2,1.0
EMP007,Daniel Gallagher,Finance,Financial Analyst,2026-05-13,1.0999999999999996,-0.4323510160508037,0,0.0,1.0,2,0.0
EMP007,Daniel Gallagher,Finance,Financial Analyst,2026-05-14,1.0999999999999996,-0.4283126170001277,0,0.0,1.0,2,0.0
EMP007,Daniel Gallagher,Finance,Financial Analyst,2026-05-15,1.0999999999999996,-0.4480706130841273,0,0.0,1.0,2,0.0
EMP007,Daniel Gallagher,Finance,Financial Analyst,2026-05-18,1.0999999999999996,-0.43156393281141875,0,0.0,1.0,2,0.0
EMP007,Daniel Gallagher,Finance,Financial Analyst,2026-05-19,0.9000000000000004,-0.43758842975586987,0,0.0,0.0,2,0.0
EMP007,Daniel Gallagher,Finance,Financial Analyst,2026-05-20,0.9000000000000004,-0.4401262215090269,0,0.0,0.0,2,0.0
EMP007,Daniel Gallagher,Finance,Financial Analyst,2026-05-21,0.9000000000000004,-0.43747809098399354,0,0.0,0.0,1,0.0
EMP007,Daniel Gallagher,Finance,Financial Analyst,2026-05-22,0.9000000000000004,-0.4410236435202883,0,0.0,0.0,1,0.0
EMP007,Daniel Gallagher,Finance,Financial Analyst,2026-05-25,0.9000000000000004,-0.44848990041725756,0,0.0,0.0,1,0.0
EMP007,Daniel Gallagher,Finance,Financial Analyst,2026-05-26,0.9000000000000004,-0.44147235452591893,0,0.0,0.0,1,0.0
EMP007,Daniel Gallagher,Finance,Financial Analyst,2026-05-27,0.9000000000000004,0.5557988893654302,0,0.125,0.0,2,1.0
EMP007,Daniel Gallagher,Finance,Financial Analyst,2026-05-28,0.9000000000000004,-0.4306959344726578,0,0.0,0.0,2,0.0
EMP007,Daniel Gallagher,Finance,Financial Analyst,2026-05-29,0.7000000000000002,-0.44484136502721155,0,0.0,0.0,2,0.0
EMP007,Daniel Gallagher,Finance,Financial Analyst,2026-06-01,0.7000000000000002,-0.42624560400697653,0,0.0,0.0,2,0.0
EMP007,Daniel Gallagher,Finance,Financial Analyst,2026-06-02,0.43333333333333357,0.00362689530532921,0,0.125,0.0,2,1.0
EMP007,Daniel Gallagher,Finance,Financial Analyst,2026-06-03,0.43333333333333357,-0.437919446071499,0,0.0,0.0,2,0.0
EMP007,Daniel Gallagher,Finance,Financial Analyst,2026-06-04,0.43333333333333357,-0.4538450088123253,0,0.0,0.0,2,0.0
EMP007,Daniel Gallagher,Finance,Financial Analyst,2026-06-05,0.43333333333333357,-0.43322637030768973,0,0.0,0.0,1,0.0
EMP007,Daniel Gallagher,Finance,Financial Analyst,2026-06-08,5.566666666666666,1.5397632773684864,0,0.0,0.0,1,1.0
EMP007,Daniel Gallagher,Finance,Financial Analyst,2026-06-09,0.43333333333333357,-0.44079561005841045,0,0.0,0.0,1,0.0
EMP007,Daniel Gallagher,Finance,Financial Analyst,2026-06-10,0.43333333333333357,-0.447335021271618,0,0.0,0.0,1,0.0
EMP007,Daniel Gallagher,Finance,Financial Analyst,2026-06-11,0.4666666666666668,-0.46260590729931095,0,0.0,0.0,1,0.0
EMP007,Daniel Gallagher,Finance,Financial Analyst,2026-06-12,0.4666666666666668,-0.43852263135775665,0,0.0,0.0,1,0.0
EMP007,Daniel Gallagher,Finance,Financial Analyst,2026-06-15,0.20000000000000018,-0.43082834099890943,0,0.0,0.0,1,0.0
EMP007,Daniel Gallagher,Finance,Financial Analyst,2026-06-16,0.20000000000000018,-0.4445250605478325,0,0.0,0.0,1,0.0
EMP007,Daniel Gallagher,Finance,Financial Analyst,2026-06-17,0.20000000000000018,-0.4161385725030988,0,0.0,0.0,1,0.0
EMP007,Daniel Gallagher,Finance,Financial Analyst,2026-06-18,6.566666666666666,0.23934729162393223,0,0.0,1.0,1,1.0
EMP007,Daniel Gallagher,Finance,Financial Analyst,2026-06-19,0.43333333333333357,-0.05554411009291829,0,0.1111111111111111,1.0,1,1.0
EMP007,Daniel Gallagher,Finance,Financial Analyst,2026-06-22,1.4000000000000004,2.9728285346628405,0,0.0,1.0,1,1.0
EMP007,Daniel Gallagher,Finance,Financial Analyst,2026-06-23,0.40000000000000036,-0.4326673205301827,0,0.0,1.0,1,0.0
EMP007,Daniel Gallagher,Finance,Financial Analyst,2026-06-24,7.333333333333333,0.13178170088069838,0,0.0,1.0,1,1.0
EMP007,Daniel Gallagher,Finance,Financial Analyst,2026-06-25,0.666666666666667,-0.4602814371717816,0,0.0,1.0,1,0.0
EMP007,Daniel Gallagher,Finance,Financial Analyst,2026-06-26,0.666666666666667,-0.443215707121566,0,0.0,1.0,1,0.0
EMP007,Daniel Gallagher,Finance,Financial Analyst,2026-06-29,0.666666666666667,-0.43336613275206654,0,0.0,0.0,1,0.0
EMP007,Daniel Gallagher,Finance,Financial Analyst,2026-06-30,0.666666666666667,-0.4064287605779762,0,0.0,0.0,1,0.0
EMP007,Daniel Gallagher,Finance,Financial Analyst,2026-07-01,0.666666666666667,-0.39910226612538363,0,0.0,0.0,1,0.0
EMP007,Daniel Gallagher,Finance,Financial Analyst,2026-07-02,0.666666666666667,0.41805932247306504,0,0.0,0.0,2,1.0
EMP007,Daniel Gallagher,Finance,Financial Analyst,2026-07-03,0.666666666666667,-0.4252304873057137,0,0.0,0.0,2,0.0
EMP007,Daniel Gallagher,Finance,Financial Analyst,2026-07-06,0.666666666666667,-0.4208022245944078,0,0.0,0.0,2,0.0
EMP007,Daniel Gallagher,Finance,Financial Analyst,2026-07-07,0.666666666666667,-0.20297877707415593,0,0.14285714285714285,0.0,2,1.0
EMP007,Daniel Gallagher,Finance,Financial Analyst,2026-07-08,0.666666666666667,-0.4332925735708156,0,0.0,0.0,2,0.0
EMP007,Daniel Gallagher,Finance,Financial Analyst,2026-07-09,0.666666666666667,-0.4202137511444004,0,0.0,0.0,2,0.0
EMP007,Daniel Gallagher,Finance,Financial Analyst,2026-07-10,0.666666666666667,3.285263801108038,0,0.0,0.0,3,1.0
EMP007,Daniel Gallagher,Finance,Financial Analyst,2026-07-13,0.666666666666667,-0.3112211122848984,0,0.16666666666666666,0.0,2,1.0
EMP007,Daniel Gallagher,Finance,Financial Analyst,2026-07-14,0.666666666666667,-0.44277435203406035,0,0.0,0.0,2,0.0
EMP007,Daniel Gallagher,Finance,Financial Analyst,2026-07-15,0.666666666666667,-0.43362358988644484,0,0.0,0.0,2,0.0
EMP007,Daniel Gallagher,Finance,Financial Analyst,2026-07-16,0.666666666666667,-0.44946823752789494,0,0.0,0.0,2,0.0
EMP007,Daniel Gallagher,Finance,Financial Analyst,2026-07-17,0.666666666666667,-0.39703525313223254,0,0.0,0.0,2,0.0
EMP007,Daniel Gallagher,Finance,Financial Analyst,2026-07-20,0.4666666666666668,-0.4439733666884505,0,0.0,0.0,2,0.0
EMP007,Daniel Gallagher,Finance,Financial Analyst,2026-07-21,3.4000000000000004,1.643753891902925,0,0.0,1.0,1,1.0
EMP007,Daniel Gallagher,Finance,Financial Analyst,2026-07-22,0.5999999999999996,0.9446032977853424,0,0.0,1.0,2,1.0
EMP007,Daniel Gallagher,Finance,Financial Analyst,2026-07-23,0.5999999999999996,-0.43808127627025106,0,0.0,1.0,2,0.0
EMP007,Daniel Gallagher,Finance,Financial Analyst,2026-07-24,0.5999999999999996,-0.44880620489663664,0,0.0,1.0,2,0.0
EMP007,Daniel Gallagher,Finance,Financial Analyst,2026-07-27,0.5999999999999996,-0.44064113577778347,0,0.0,1.0,2,0.0
EMP007,Daniel Gallagher,Finance,Financial Analyst,2026-07-28,0.5999999999999996,-0.44195784512217506,0,0.0,1.0,2,0.0
EMP007,Daniel Gallagher,Finance,Financial Analyst,2026-07-29,1.5666666666666664,-0.445672583775347,0,0.0,1.0,2,0.0
EMP008,James Howard,Finance,Financial Analyst,2026-04-01,0.0,3.378289084879195,0,0.0,0.0,1,1.0
EMP008,James Howard,Finance,Financial Analyst,2026-04-02,0.5,-0.460486698667558,0,0.0,0.0,1,0.0
EMP008,James Howard,Finance,Financial Analyst,2026-04-03,0.3333333333333339,-0.4646382794572877,0,0.0,0.0,1,0.0
EMP008,James Howard,Finance,Financial Analyst,2026-04-06,0.25,-0.45836108930321634,0,0.0,0.0,1,0.0
EMP008,James Howard,Finance,Financial Analyst,2026-04-07,0.1999999999999993,-0.45692464234996993,0,0.0,0.0,1,0.0
EMP008,James Howard,Finance,Financial Analyst,2026-04-08,6.833333333333333,1.2205630915482248,0,0.0,1.0,1,1.0
EMP008,James Howard,Finance,Financial Analyst,2026-04-09,1.0,-0.477383632481758,0,0.0,1.0,1,0.0
EMP008,James Howard,Finance,Financial Analyst,2026-04-10,3.5,2.88805381890475,0,0.14285714285714285,1.0,1,1.0
EMP008,James Howard,Finance,Financial Analyst,2026-04-13,2.2222222222222223,1.1476779392037297,0,0.0,1.0,1,1.0
EMP008,James Howard,Finance,Financial Analyst,2026-04-14,1.0999999999999996,-0.43524508746600127,0,0.0,1.0,1,0.0
EMP008,James Howard,Finance,Financial Analyst,2026-04-15,1.0,-0.43524508746600127,0,0.0,1.0,1,0.0
EMP008,James Howard,Finance,Financial Analyst,2026-04-16,0.916666666666667,-0.44644605243669205,0,0.0,1.0,1,0.0
EMP008,James Howard,Finance,Financial Analyst,2026-04-17,0.8461538461538458,-0.1528462589870056,0,0.1,0.0,1,1.0
EMP008,James Howard,Finance,Financial Analyst,2026-04-18,7.285714285714286,-0.49682133373927256,1,0.0,0.0,1,0.0
EMP008,James Howard,Finance,Financial Analyst,2026-04-20,0.2666666666666666,-0.4513117051222552,0,0.0,0.0,1,0.0
EMP008,James Howard,Finance,Financial Analyst,2026-04-21,1.1875,-0.4513200082838348,0,0.0,0.0,1,0.0
EMP008,James Howard,Finance,Financial Analyst,2026-04-22,0.17647058823529438,-0.44530021613872667,0,0.0,0.0,1,0.0
EMP008,James Howard,Finance,Financial Analyst,2026-04-23,0.16666666666666696,-0.4819337650273018,0,0.0,0.0,1,0.0
EMP008,James Howard,Finance,Financial Analyst,2026-04-24,1.1052631578947372,-0.4795258481692585,0,0.0,0.0,1,0.0
EMP008,James Howard,Finance,Financial Analyst,2026-04-27,0.09999999999999964,0.7400840404296442,0,0.0,1.0,1,1.0
EMP008,James Howard,Finance,Financial Analyst,2026-04-28,0.0952380952380949,-0.44297533089647795,0,0.0,1.0,1,0.0
EMP008,James Howard,Finance,Financial Analyst,2026-04-29,0.09090909090909083,1.1938850333934212,0,0.0,1.0,2,1.0
EMP008,James Howard,Finance,Financial Analyst,2026-04-30,0.08695652173913082,-0.48495611584222503,0,0.0,1.0,2,0.0
EMP008,James Howard,Finance,Financial Analyst,2026-05-01,0.08333333333333304,-0.45963977618645313,0,0.0,1.0,2,0.0
EMP008,James Howard,Finance,Financial Analyst,2026-05-03,6.800000000000001,-0.4990631873657267,1,0.0,1.0,2,0.0
EMP008,James Howard,Finance,Financial Analyst,2026-05-04,7.884615384615385,0.7985382979490387,0,0.0,1.0,2,1.0
EMP008,James Howard,Finance,Financial Analyst,2026-05-05,0.11111111111111072,1.691177986710407,0,0.0,1.0,2,1.0
EMP008,James Howard,Finance,Financial Analyst,2026-05-06,0.10714285714285676,-0.4423775032627569,0,0.0,1.0,2,0.0
EMP008,James Howard,Finance,Financial Analyst,2026-05-07,6.655172413793103,1.5476080198399738,0,0.0,1.0,1,1.0
EMP008,James Howard,Finance,Financial Analyst,2026-05-08,0.33333333333333304,-0.44477711695922073,0,0.0,1.0,1,0.0
EMP008,James Howard,Finance,Financial Analyst,2026-05-11,3.5,1.3601724503452557,0,0.0,2.0,1,1.0
EMP008,James Howard,Finance,Financial Analyst,2026-05-12,0.5,-0.47745836093597305,0,0.0,2.0,1,0.0
EMP008,James Howard,Finance,Financial Analyst,2026-05-13,0.5,-0.45503982467143256,0,0.0,2.0,1,0.0
EMP008,James Howard,Finance,Financial Analyst,2026-05-14,0.5,-0.4773172071891223,0,0.0,1.0,1,0.0
EMP008,James Howard,Finance,Financial Analyst,2026-05-15,0.5,-0.44564894892506396,0,0.0,1.0,1,0.0
EMP008,James Howard,Finance,Financial Analyst,2026-05-18,0.2333333333333334,-0.47403745836523586,0,0.0,1.0,1,0.0
EMP008,James Howard,Finance,Financial Analyst,2026-05-19,4.6,2.3759978442994854,0,0.0,1.0,1,1.0
EMP008,James Howard,Finance,Financial Analyst,2026-05-20,0.2333333333333334,-0.4593740750159104,0,0.0,0.0,1,0.0
EMP008,James Howard,Finance,Financial Analyst,2026-05-21,0.2666666666666666,-0.4110413714618769,0,0.0,0.0,1,0.0
EMP008,James Howard,Finance,Financial Analyst,2026-05-22,0.2666666666666666,-0.4581784197484683,0,0.0,0.0,1,0.0
EMP008,James Howard,Finance,Financial Analyst,2026-05-25,0.2666666666666666,-0.41184677813508447,0,0.0,0.0,1,0.0
EMP008,James Howard,Finance,Financial Analyst,2026-05-26,0.2666666666666666,-0.47990779360191366,0,0.0,0.0,1,0.0
EMP008,James Howard,Finance,Financial Analyst,2026-05-27,0.2666666666666666,-0.45821993555636553,0,0.0,0.0,1,0.0
EMP008,James Howard,Finance,Financial Analyst,2026-05-28,0.5,-0.47715114395753305,0,0.0,0.0,1,0.0
EMP008,James Howard,Finance,Financial Analyst,2026-05-29,0.5,-0.4357681866455072,0,0.0,0.0,1,0.0
EMP008,James Howard,Finance,Financial Analyst,2026-06-01,0.5333333333333332,-0.4619563582671223,0,0.0,0.0,1,0.0
EMP008,James Howard,Finance,Financial Analyst,2026-06-02,0.5333333333333332,-0.4947372401828283,0,0.0,0.0,1,0.0
EMP008,James Howard,Finance,Financial Analyst,2026-06-03,0.5333333333333332,-0.48507236010433746,0,0.0,0.0,1,0.0
EMP008,James Howard,Finance,Financial Analyst,2026-06-04,0.5666666666666664,-0.4406006266847525,0,0.0,0.0,1,0.0
EMP008,James Howard,Finance,Financial Analyst,2026-06-05,0.5666666666666664,-0.4577466553463363,0,0.0,0.0,1,0.0
EMP008,James Howard,Finance,Financial Analyst,2026-06-08,0.5666666666666664,-0.4429172087654218,0,0.0,0.0,1,0.0
EMP008,James Howard,Finance,Financial Analyst,2026-06-09,0.5666666666666664,-0.45014095933955145,0,0.0,0.0,1,0.0
EMP008,James Howard,Finance,Financial Analyst,2026-06-10,0.5666666666666664,-0.4879452540108304,0,0.0,0.0,1,0.0
EMP008,James Howard,Finance,Financial Analyst,2026-06-11,0.5666666666666664,0.07088242977152955,0,0.125,0.0,1,1.0
EMP008,James Howard,Finance,Financial Analyst,2026-06-12,0.7999999999999998,-0.4159153273090196,0,0.0,0.0,1,0.0
EMP008,James Howard,Finance,Financial Analyst,2026-06-15,0.5333333333333332,-0.46477113004255904,0,0.0,0.0,1,0.0
EMP008,James Howard,Finance,Financial Analyst,2026-06-16,0.5333333333333332,-0.48598570787807804,0,0.0,0.0,1,0.0
EMP008,James Howard,Finance,Financial Analyst,2026-06-17,0.5333333333333332,-0.4691136835486164,0,0.0,0.0,1,0.0
EMP008,James Howard,Finance,Financial Analyst,2026-06-18,6.466666666666667,4.175923998848389,0,0.09090909090909091,0.0,1,1.0
EMP008,James Howard,Finance,Financial Analyst,2026-06-19,6.233333333333333,1.2031596648776774,0,0.0,0.0,1,1.0
EMP008,James Howard,Finance,Financial Analyst,2026-06-22,1.5999999999999996,-0.47211112487880125,0,0.0,0.0,1,0.0
EMP008,James Howard,Finance,Financial Analyst,2026-06-23,0.5999999999999996,-0.4641317866009407,0,0.0,0.0,1,0.0
EMP008,James Howard,Finance,Financial Analyst,2026-06-24,0.5999999999999996,-0.4744775259289472,0,0.0,0.0,1,0.0
EMP008,James Howard,Finance,Financial Analyst,2026-06-25,0.5999999999999996,-0.4643061529941094,0,0.0,0.0,1,0.0
EMP008,James Howard,Finance,Financial Analyst,2026-06-26,0.5999999999999996,-0.02330033202427914,0,0.0,0.0,2,1.0
EMP008,James Howard,Finance,Financial Analyst,2026-06-28,7.366666666666666,-0.498274387015678,1,0.0,0.0,2,0.0
EMP008,James Howard,Finance,Financial Analyst,2026-06-29,0.20000000000000018,-0.44831426379207046,0,0.0,0.0,2,0.0
EMP008,James Howard,Finance,Financial Analyst,2026-06-30,0.20000000000000018,0.8239542755437641,0,0.0,0.0,3,1.0
EMP008,James Howard,Finance,Financial Analyst,2026-07-01,0.20000000000000018,-0.46422312137831473,0,0.0,0.0,3,0.0
EMP008,James Howard,Finance,Financial Analyst,2026-07-02,1.166666666666667,-0.4702761261697407,0,0.0,0.0,3,0.0
EMP008,James Howard,Finance,Financial Analyst,2026-07-03,0.16666666666666696,-0.15228164399960234,0,0.125,0.0,3,1.0
EMP008,James Howard,Finance,Financial Analyst,2026-07-06,0.16666666666666696,-0.4714634782756034,0,0.0,0.0,2,0.0
EMP008,James Howard,Finance,Financial Analyst,2026-07-07,0.16666666666666696,-0.47876195730394827,0,0.0,0.0,2,0.0
EMP008,James Howard,Finance,Financial Analyst,2026-07-08,0.16666666666666696,-0.4389482975304401,0,0.0,0.0,2,0.0
EMP008,James Howard,Finance,Financial Analyst,2026-07-09,0.16666666666666696,-0.45360337771818615,0,0.0,0.0,1,0.0
EMP008,James Howard,Finance,Financial Analyst,2026-07-10,0.16666666666666696,-0.4667638888216293,0,0.0,0.0,1,0.0
EMP008,James Howard,Finance,Financial Analyst,2026-07-12,3.0666666666666664,-0.07822574587240344,1,0.5,0.0,1,1.0
EMP008,James Howard,Finance,Financial Analyst,2026-07-13,0.06666666666666643,-0.448903788264212,0,0.0,0.0,1,0.0
EMP008,James Howard,Finance,Financial Analyst,2026-07-14,0.06666666666666643,-0.4540683547666358,0,0.0,0.0,1,0.0
EMP008,James Howard,Finance,Financial Analyst,2026-07-15,0.06666666666666643,1.450876187439271,0,0.0,0.0,2,1.0
EMP008,James Howard,Finance,Financial Analyst,2026-07-16,0.06666666666666643,-0.42157808350621095,0,0.0,0.0,2,0.0
EMP008,James Howard,Finance,Financial Analyst,2026-07-17,4.766666666666667,3.7281926169991966,0,0.0,0.0,3,1.0
EMP008,James Howard,Finance,Financial Analyst,2026-07-20,0.2333333333333334,-0.46358377793669636,0,0.0,0.0,3,0.0
EMP008,James Howard,Finance,Financial Analyst,2026-07-21,5.566666666666666,0.6844860704935836,0,0.0,0.0,3,1.0
EMP008,James Howard,Finance,Financial Analyst,2026-07-22,0.43333333333333357,-0.45381095675767263,0,0.0,0.0,3,0.0
EMP008,James Howard,Finance,Financial Analyst,2026-07-23,0.43333333333333357,-0.4734147212467763,0,0.0,0.0,3,0.0
EMP008,James Howard,Finance,Financial Analyst,2026-07-24,0.43333333333333357,-0.48618498375598496,0,0.0,0.0,2,0.0
EMP008,James Howard,Finance,Financial Analyst,2026-07-27,0.43333333333333357,-0.47181221106194066,0,0.0,0.0,2,0.0
EMP008,James Howard,Finance,Financial Analyst,2026-07-28,1.166666666666667,-0.47628761515326934,0,0.0,0.0,1,0.0
EMP008,James Howard,Finance,Financial Analyst,2026-07-29,0.06666666666666643,0.8350556025755013,0,0.0,0.0,2,1.0
EMP009,Dennis Williams,Finance,Financial Analyst,2026-04-01,0.0,-0.034419532385138715,0,0.125,0.0,1,1.0
EMP009,Dennis Williams,Finance,Financial Analyst,2026-04-02,0.0,0.01746579056370352,0,0.14285714285714285,0.0,1,1.0
EMP009,Dennis Williams,Finance,Financial Analyst,2026-04-03,0.6666666666666661,3.342963325693757,0,0.14285714285714285,1.0,1,1.0
EMP009,Dennis Williams,Finance,Financial Analyst,2026-04-06,0.25,-0.4532874896834709,0,0.0,1.0,1,0.0
EMP009,Dennis Williams,Finance,Financial Analyst,2026-04-07,5.8,2.559320868708698,0,0.0,2.0,1,1.0
EMP009,Dennis Williams,Finance,Financial Analyst,2026-04-08,1.0,-0.10028970819814771,0,0.1,2.0,1,1.0
EMP009,Dennis Williams,Finance,Financial Analyst,2026-04-09,0.8571428571428568,0.22951681770207036,0,0.0,2.0,2,1.0
EMP009,Dennis Williams,Finance,Financial Analyst,2026-04-10,0.75,-0.47369813124880017,0,0.0,2.0,2,0.0
EMP009,Dennis Williams,Finance,Financial Analyst,2026-04-13,0.666666666666667,-0.4189270450105267,0,0.0,2.0,2,0.0
EMP009,Dennis Williams,Finance,Financial Analyst,2026-04-14,1.5,-0.47689934234719755,0,0.0,1.0,2,0.0
EMP009,Dennis Williams,Finance,Financial Analyst,2026-04-15,0.45454545454545414,-0.45142985258622564,0,0.0,1.0,2,0.0
EMP009,Dennis Williams,Finance,Financial Analyst,2026-04-16,0.41666666666666696,-0.4724129735085677,0,0.0,0.0,2,0.0
EMP009,Dennis Williams,Finance,Financial Analyst,2026-04-17,0.384615384615385,-0.40396079896290976,0,0.0,0.0,2,0.0
EMP009,Dennis Williams,Finance,Financial Analyst,2026-04-20,0.35714285714285676,-0.48756615159112754,0,0.0,0.0,1,0.0
EMP009,Dennis Williams,Finance,Financial Analyst,2026-04-21,4.333333333333333,3.345007894825945,0,0.0,0.0,1,1.0
EMP009,Dennis Williams,Finance,Financial Analyst,2026-04-22,0.625,1.8659782678532497,0,0.0,0.0,2,1.0
EMP009,Dennis Williams,Finance,Financial Analyst,2026-04-23,0.5882352941176467,-0.4502965771243843,0,0.0,0.0,2,0.0
EMP009,Dennis Williams,Finance,Financial Analyst,2026-04-24,6.055555555555555,2.7089132296717637,0,0.0,0.0,2,1.0
EMP009,Dennis Williams,Finance,Financial Analyst,2026-04-27,0.8947368421052628,-0.4712446482901745,0,0.0,0.0,2,0.0
EMP009,Dennis Williams,Finance,Financial Analyst,2026-04-28,0.8499999999999996,-0.4216492427693829,0,0.0,0.0,2,0.0
EMP009,Dennis Williams,Finance,Financial Analyst,2026-04-29,0.8095238095238093,-0.48177125850789726,0,0.0,0.0,2,0.0
EMP009,Dennis Williams,Finance,Financial Analyst,2026-04-30,0.7727272727272725,-0.44884785385357673,0,0.0,0.0,2,0.0
EMP009,Dennis Williams,Finance,Financial Analyst,2026-05-01,0.7391304347826084,-0.4415458212386192,0,0.0,0.0,1,0.0
EMP009,Dennis Williams,Finance,Financial Analyst,2026-05-04,1.666666666666667,1.0756997236277175,0,0.0,0.0,1,1.0
EMP009,Dennis Williams,Finance,Financial Analyst,2026-05-05,0.6399999999999997,0.05868430426861579,0,0.0,0.0,2,1.0
EMP009,Dennis Williams,Finance,Financial Analyst,2026-05-06,0.615384615384615,1.3073435646785385,0,0.0,0.0,3,1.0
EMP009,Dennis Williams,Finance,Financial Analyst,2026-05-07,0.5925925925925926,-0.4733593169354662,0,0.0,0.0,3,0.0
EMP009,Dennis Williams,Finance,Financial Analyst,2026-05-08,4.25,1.9982209993231765,0,0.09090909090909091,1.0,3,1.0
EMP009,Dennis Williams,Finance,Financial Analyst,2026-05-11,0.7241379310344831,1.4559778989625223,0,0.0,1.0,4,1.0
EMP009,Dennis Williams,Finance,Financial Analyst,2026-05-12,0.7000000000000002,-0.4547245297020945,0,0.0,1.0,4,0.0
EMP009,Dennis Williams,Finance,Financial Analyst,2026-05-13,0.7000000000000002,-0.46752937409568407,0,0.0,1.0,4,0.0
EMP009,Dennis Williams,Finance,Financial Analyst,2026-05-14,0.7000000000000002,-0.4803225352370897,0,0.0,1.0,3,0.0
EMP009,Dennis Williams,Finance,Financial Analyst,2026-05-15,0.7333333333333334,-0.4829512669784744,0,0.0,1.0,2,0.0
EMP009,Dennis Williams,Finance,Financial Analyst,2026-05-18,0.7333333333333334,-0.49200578742102175,0,0.0,1.0,2,0.0
EMP009,Dennis Williams,Finance,Financial Analyst,2026-05-19,0.5,-0.46904819687959526,0,0.0,0.0,2,0.0
EMP009,Dennis Williams,Finance,Financial Analyst,2026-05-20,0.5,-0.43077386272503376,0,0.0,0.0,1,0.0
EMP009,Dennis Williams,Finance,Financial Analyst,2026-05-21,0.5,-0.42169597577811857,0,0.0,0.0,1,0.0
EMP009,Dennis Williams,Finance,Financial Analyst,2026-05-22,0.5,-0.4217660752912222,0,0.0,0.0,1,0.0
EMP009,Dennis Williams,Finance,Financial Analyst,2026-05-25,0.5,1.721806935903528,0,0.0,0.0,2,1.0
EMP009,Dennis Williams,Finance,Financial Analyst,2026-05-26,0.5333333333333332,-0.47290367010029283,0,0.0,0.0,2,0.0
EMP009,Dennis Williams,Finance,Financial Analyst,2026-05-27,0.5333333333333332,-0.4483337907574837,0,0.0,0.0,2,0.0
EMP009,Dennis Williams,Finance,Financial Analyst,2026-05-28,0.5333333333333332,-0.45798415706141155,0,0.0,0.0,2,0.0
EMP009,Dennis Williams,Finance,Financial Analyst,2026-05-29,0.5333333333333332,-0.46778640564373053,0,0.0,0.0,2,0.0
EMP009,Dennis Williams,Finance,Financial Analyst,2026-06-01,0.5333333333333332,-0.4396531343848222,0,0.0,0.0,2,0.0
EMP009,Dennis Williams,Finance,Financial Analyst,2026-06-02,0.36666666666666625,-0.4524813452827796,0,0.0,0.0,2,0.0
EMP009,Dennis Williams,Finance,Financial Analyst,2026-06-03,0.36666666666666625,-0.48468038830169635,0,0.0,0.0,1,0.0
EMP009,Dennis Williams,Finance,Financial Analyst,2026-06-04,0.36666666666666625,-0.4113679808475227,0,0.0,0.0,1,0.0
EMP009,Dennis Williams,Finance,Financial Analyst,2026-06-05,0.13333333333333375,-0.4288811758712368,0,0.0,0.0,1,0.0
EMP009,Dennis Williams,Finance,Financial Analyst,2026-06-08,0.13333333333333375,-0.4180040680879961,0,0.0,0.0,1,0.0
EMP009,Dennis Williams,Finance,Financial Analyst,2026-06-09,0.13333333333333375,-0.39771025904450613,0,0.0,0.0,1,0.0
EMP009,Dennis Williams,Finance,Financial Analyst,2026-06-10,0.13333333333333375,-0.4502031111069128,0,0.0,0.0,1,0.0
EMP009,Dennis Williams,Finance,Financial Analyst,2026-06-11,0.13333333333333375,-0.49419055557941705,0,0.0,0.0,1,0.0
EMP009,Dennis Williams,Finance,Financial Analyst,2026-06-12,0.13333333333333375,-0.15621743640263047,0,0.125,0.0,1,1.0
EMP009,Dennis Williams,Finance,Financial Analyst,2026-06-15,0.16666666666666696,-0.4598534774108407,0,0.0,0.0,1,0.0
EMP009,Dennis Williams,Finance,Financial Analyst,2026-06-16,5.633333333333334,0.9698377755891091,0,0.0,1.0,1,1.0
EMP009,Dennis Williams,Finance,Financial Analyst,2026-06-17,0.36666666666666625,0.10010143326065499,0,0.14285714285714285,1.0,1,1.0
EMP009,Dennis Williams,Finance,Financial Analyst,2026-06-18,0.36666666666666625,-0.4843415739883623,0,0.0,1.0,1,0.0
EMP009,Dennis Williams,Finance,Financial Analyst,2026-06-19,0.20000000000000018,-0.4724012902563838,0,0.0,1.0,1,0.0
EMP009,Dennis Williams,Finance,Financial Analyst,2026-06-20,6.966666666666667,-0.5024038818647212,1,0.0,1.0,1,0.0
EMP009,Dennis Williams,Finance,Financial Analyst,2026-06-22,0.9333333333333336,-0.48157264322077037,0,0.0,1.0,1,0.0
EMP009,Dennis Williams,Finance,Financial Analyst,2026-06-23,0.06666666666666643,-0.42053933381190933,0,0.0,1.0,1,0.0
EMP009,Dennis Williams,Finance,Financial Analyst,2026-06-24,0.06666666666666643,-0.465484804963496,0,0.0,0.0,1,0.0
EMP009,Dennis Williams,Finance,Financial Analyst,2026-06-25,0.06666666666666643,-0.48418969170997117,0,0.0,0.0,1,0.0
EMP009,Dennis Williams,Finance,Financial Analyst,2026-06-26,0.06666666666666643,-0.45484136222393384,0,0.0,0.0,1,0.0
EMP009,Dennis Williams,Finance,Financial Analyst,2026-06-29,3.9333333333333336,2.613706407624902,0,0.0,2.0,1,1.0
EMP009,Dennis Williams,Finance,Financial Analyst,2026-06-30,0.06666666666666643,-0.43950125210643104,0,0.0,2.0,1,0.0
EMP009,Dennis Williams,Finance,Financial Analyst,2026-07-01,0.06666666666666643,-0.48119877915088455,0,0.0,2.0,1,0.0
EMP009,Dennis Williams,Finance,Financial Analyst,2026-07-02,0.06666666666666643,-0.4671204602692464,0,0.0,2.0,1,0.0
EMP009,Dennis Williams,Finance,Financial Analyst,2026-07-03,1.0333333333333332,-0.46901314712304343,0,0.0,2.0,1,0.0
EMP009,Dennis Williams,Finance,Financial Analyst,2026-07-06,0.033333333333333215,-0.4571780126607203,0,0.0,2.0,1,0.0
EMP009,Dennis Williams,Finance,Financial Analyst,2026-07-07,0.033333333333333215,-0.41994348795052877,0,0.0,2.0,1,0.0
EMP009,Dennis Williams,Finance,Financial Analyst,2026-07-08,0.033333333333333215,-0.453264123179103,0,0.0,0.0,1,0.0
EMP009,Dennis Williams,Finance,Financial Analyst,2026-07-09,0.033333333333333215,-0.48594217953756097,0,0.0,0.0,1,0.0
EMP009,Dennis Williams,Finance,Financial Analyst,2026-07-10,0.033333333333333215,-0.4854397996936519,0,0.0,0.0,1,0.0
EMP009,Dennis Williams,Finance,Financial Analyst,2026-07-13,0.033333333333333215,-0.45907069951451723,0,0.0,0.0,1,0.0
EMP009,Dennis Williams,Finance,Financial Analyst,2026-07-14,0.033333333333333215,-0.46067130506371595,0,0.0,0.0,1,0.0
EMP009,Dennis Williams,Finance,Financial Analyst,2026-07-15,0.033333333333333215,0.16197593682675906,0,0.2,0.0,1,1.0
EMP009,Dennis Williams,Finance,Financial Analyst,2026-07-16,0.033333333333333215,-0.43552894636389416,0,0.0,0.0,1,0.0
EMP009,Dennis Williams,Finance,Financial Analyst,2026-07-17,0.033333333333333215,-0.43170852289974837,0,0.0,0.0,1,0.0
EMP009,Dennis Williams,Finance,Financial Analyst,2026-07-20,0.033333333333333215,-0.484213058214339,0,0.0,0.0,1,0.0
EMP009,Dennis Williams,Finance,Financial Analyst,2026-07-21,0.033333333333333215,0.5378495260882212,0,0.0,0.0,2,1.0
EMP009,Dennis Williams,Finance,Financial Analyst,2026-07-22,0.033333333333333215,-0.44984093028921096,0,0.0,0.0,2,0.0
EMP009,Dennis Williams,Finance,Financial Analyst,2026-07-23,1.0,-0.11120186573794023,0,0.1111111111111111,0.0,2,1.0
EMP009,Dennis Williams,Finance,Financial Analyst,2026-07-24,0.0,-0.43969986739355793,0,0.0,0.0,2,0.0
EMP009,Dennis Williams,Finance,Financial Analyst,2026-07-27,0.1999999999999993,-0.47310228538741966,0,0.0,0.0,2,0.0
EMP009,Dennis Williams,Finance,Financial Analyst,2026-07-28,7.933333333333334,3.5674102833992754,0,0.09090909090909091,0.0,2,1.0
EMP009,Dennis Williams,Finance,Financial Analyst,2026-07-29,0.06666666666666643,-0.44569337576391505,0,0.0,0.0,2,0.0
EMP01,Jamie Chavez,HR,HR Manager,2026-08-04,0.0,,0,1.0,1.0,1,
EMP010,Edward Fuller,Finance,Accountant,2026-04-01,0.0,-0.4856677474967166,0,0.0,0.0,1,0.0
EMP010,Edward Fuller,Finance,Accountant,2026-04-02,0.0,-0.4762665287129118,0,0.0,0.0,1,0.0
EMP010,Edward Fuller,Finance,Accountant,2026-04-03,5.333333333333333,2.4901652934604135,0,0.0,0.0,1,1.0
EMP010,Edward Fuller,Finance,Accountant,2026-04-06,2.0,-0.4366990280068467,0,0.0,0.0,1,0.0
EMP010,Edward Fuller,Finance,Accountant,2026-04-07,4.0,3.8797526575099135,0,0.0,1.0,2,1.0
EMP010,Edward Fuller,Finance,Accountant,2026-04-08,2.5,-0.48963338188060673,0,0.0,1.0,2,0.0
EMP010,Edward Fuller,Finance,Accountant,2026-04-09,1.2857142857142856,0.864335962549839,0,0.0,2.0,2,1.0
EMP010,Edward Fuller,Finance,Accountant,2026-04-10,2.375,-0.410538763710675,0,0.0,2.0,2,0.0
EMP010,Edward Fuller,Finance,Accountant,2026-04-13,2.1111111111111107,-0.4641273261080504,0,0.0,2.0,2,0.0
EMP010,Edward Fuller,Finance,Accountant,2026-04-14,1.9000000000000004,-0.30354740183003726,0,0.1111111111111111,2.0,2,1.0
EMP010,Edward Fuller,Finance,Accountant,2026-04-15,1.7272727272727275,-0.4502354907917753,0,0.0,2.0,2,0.0
EMP010,Edward Fuller,Finance,Accountant,2026-04-16,1.583333333333333,0.47132624947428725,0,0.0,1.0,2,1.0
EMP010,Edward Fuller,Finance,Accountant,2026-04-17,1.4615384615384617,-0.4717678355320017,0,0.0,1.0,2,0.0
EMP010,Edward Fuller,Finance,Accountant,2026-04-20,1.3571428571428568,-0.4885430343412479,0,0.0,0.0,2,0.0
EMP010,Edward Fuller,Finance,Accountant,2026-04-21,1.2666666666666666,0.3461220453621375,0,0.0,0.0,3,1.0
EMP010,Edward Fuller,Finance,Accountant,2026-04-22,1.1875,-0.4826955408709088,0,0.0,0.0,3,0.0
EMP010,Edward Fuller,Finance,Accountant,2026-04-23,2.0588235294117645,-0.48078137519070113,0,0.0,0.0,3,0.0
EMP010,Edward Fuller,Finance,Accountant,2026-04-24,1.0,-0.4645150052331557,0,0.0,0.0,3,0.0
EMP010,Edward Fuller,Finance,Accountant,2026-04-27,0.9473684210526319,-0.4612762692088381,0,0.0,0.0,2,0.0
EMP010,Edward Fuller,Finance,Accountant,2026-04-28,0.9000000000000004,-0.47154976602412996,0,0.0,0.0,2,0.0
EMP010,Edward Fuller,Finance,Accountant,2026-04-29,0.8571428571428568,-0.47756686911170265,0,0.0,0.0,2,0.0
EMP010,Edward Fuller,Finance,Accountant,2026-04-30,0.8181818181818183,-0.42403484325340507,0,0.0,0.0,1,0.0
EMP010,Edward Fuller,Finance,Accountant,2026-05-01,0.7826086956521738,-0.4601778450210396,0,0.0,0.0,1,0.0
EMP010,Edward Fuller,Finance,Accountant,2026-05-04,0.75,-0.46405463627209315,0,0.0,0.0,1,0.0
EMP010,Edward Fuller,Finance,Accountant,2026-05-05,6.0,0.320753292613056,0,0.0,1.0,1,1.0
EMP010,Edward Fuller,Finance,Accountant,2026-05-06,4.8076923076923075,3.822812286010065,0,0.0,2.0,2,1.0
EMP010,Edward Fuller,Finance,Accountant,2026-05-07,1.148148148148148,-0.45269079191744244,0,0.0,2.0,2,0.0
EMP010,Edward Fuller,Finance,Accountant,2026-05-08,1.1071428571428568,-0.4640061763814549,0,0.0,2.0,2,0.0
EMP010,Edward Fuller,Finance,Accountant,2026-05-11,1.068965517241379,-0.4864754123406861,0,0.0,2.0,2,0.0
EMP010,Edward Fuller,Finance,Accountant,2026-05-12,1.0333333333333332,0.939158033695172,0,0.0,2.0,2,1.0
EMP010,Edward Fuller,Finance,Accountant,2026-05-13,1.0333333333333332,-0.48685501481735177,0,0.0,2.0,2,0.0
EMP010,Edward Fuller,Finance,Accountant,2026-05-14,1.0333333333333332,-0.48429471726196843,0,0.0,1.0,2,0.0
EMP010,Edward Fuller,Finance,Accountant,2026-05-15,0.7666666666666666,-0.4763472951973087,0,0.0,0.0,2,0.0
EMP010,Edward Fuller,Finance,Accountant,2026-05-18,0.7666666666666666,-0.48574851398111357,0,0.0,0.0,2,0.0
EMP010,Edward Fuller,Finance,Accountant,2026-05-19,5.266666666666667,1.5217912988378792,0,0.0,1.0,2,1.0
EMP010,Edward Fuller,Finance,Accountant,2026-05-20,0.7333333333333334,-0.43631134888174133,0,0.0,1.0,2,0.0
EMP010,Edward Fuller,Finance,Accountant,2026-05-21,0.5999999999999996,0.43410905346417344,0,0.0,1.0,2,1.0
EMP010,Edward Fuller,Finance,Accountant,2026-05-22,0.5999999999999996,-0.48385050159778525,0,0.0,1.0,2,0.0
EMP010,Edward Fuller,Finance,Accountant,2026-05-25,1.5666666666666664,-0.4845612466604784,0,0.0,1.0,2,0.0
EMP010,Edward Fuller,Finance,Accountant,2026-05-26,0.5666666666666664,-0.49123255827166634,0,0.0,1.0,2,0.0
EMP010,Edward Fuller,Finance,Accountant,2026-05-27,0.5666666666666664,-0.47940026830751337,0,0.0,1.0,2,0.0
EMP010,Edward Fuller,Finance,Accountant,2026-05-28,0.5666666666666664,-0.4576821606531739,0,0.0,0.0,2,0.0
EMP010,Edward Fuller,Finance,Accountant,2026-05-29,0.5666666666666664,-0.4756850100252537,0,0.0,0.0,2,0.0
EMP010,Edward Fuller,Finance,Accountant,2026-06-01,0.5666666666666664,-0.42675667377758225,0,0.0,0.0,1,0.0
EMP010,Edward Fuller,Finance,Accountant,2026-06-02,0.5666666666666664,-0.4778172452133332,0,0.0,0.0,1,0.0
EMP010,Edward Fuller,Finance,Accountant,2026-06-03,0.5666666666666664,-0.4902472071620235,0,0.0,0.0,1,0.0
EMP010,Edward Fuller,Finance,Accountant,2026-06-04,1.5666666666666664,0.14156477032998593,0,0.14285714285714285,0.0,1,1.0
EMP010,Edward Fuller,Finance,Accountant,2026-06-05,0.5666666666666664,-0.4518588971281539,0,0.0,0.0,1,0.0
EMP010,Edward Fuller,Finance,Accountant,2026-06-08,0.5666666666666664,1.010305229800444,0,0.0,0.0,2,1.0
EMP010,Edward Fuller,Finance,Accountant,2026-06-09,0.5666666666666664,-0.47375469104816664,0,0.0,0.0,2,0.0
EMP010,Edward Fuller,Finance,Accountant,2026-06-10,0.5666666666666664,-0.4573187114733876,0,0.0,0.0,2,0.0
EMP010,Edward Fuller,Finance,Accountant,2026-06-11,0.5666666666666664,-0.48981106814628006,0,0.0,0.0,2,0.0
EMP010,Edward Fuller,Finance,Accountant,2026-06-12,0.5666666666666664,-0.4902472071620235,0,0.0,0.0,2,0.0
EMP010,Edward Fuller,Finance,Accountant,2026-06-15,0.5666666666666664,-0.48127405074552254,0,0.0,0.0,2,0.0
EMP010,Edward Fuller,Finance,Accountant,2026-06-16,5.466666666666667,3.906470210548424,0,0.0,1.0,2,1.0
EMP010,Edward Fuller,Finance,Accountant,2026-06-17,6.433333333333334,2.6275571600680627,0,0.0,2.0,1,1.0
EMP010,Edward Fuller,Finance,Accountant,2026-06-18,1.5333333333333332,-0.46105012305252663,0,0.0,2.0,1,0.0
EMP010,Edward Fuller,Finance,Accountant,2026-06-19,6.233333333333333,1.783232408830802,0,0.0,3.0,1,1.0
EMP010,Edward Fuller,Finance,Accountant,2026-06-22,0.7666666666666666,0.11035660075900512,0,0.08333333333333333,3.0,1,1.0
EMP010,Edward Fuller,Finance,Accountant,2026-06-23,0.7666666666666666,-0.4637881068735832,0,0.0,3.0,1,0.0
EMP010,Edward Fuller,Finance,Accountant,2026-06-24,0.7666666666666666,-0.4346152527094054,0,0.0,3.0,1,0.0
EMP010,Edward Fuller,Finance,Accountant,2026-06-25,6.0,0.13175164247575671,0,0.0,2.0,1,1.0
EMP010,Edward Fuller,Finance,Accountant,2026-06-26,1.0,-0.4935020964832205,0,0.0,1.0,1,0.0
EMP010,Edward Fuller,Finance,Accountant,2026-06-29,1.0,-0.47830992076815454,0,0.0,1.0,1,0.0
EMP010,Edward Fuller,Finance,Accountant,2026-06-30,0.7999999999999998,-0.4490482234711401,0,0.0,0.0,1,0.0
EMP010,Edward Fuller,Finance,Accountant,2026-07-01,0.7999999999999998,-0.4633519678578397,0,0.0,0.0,1,0.0
EMP010,Edward Fuller,Finance,Accountant,2026-07-02,0.7999999999999998,-0.4712186234381025,0,0.0,0.0,1,0.0
EMP010,Edward Fuller,Finance,Accountant,2026-07-03,0.7999999999999998,-0.4677860478512322,0,0.0,0.0,1,0.0
EMP010,Edward Fuller,Finance,Accountant,2026-07-06,0.833333333333333,0.7114611608832947,0,0.0,0.0,2,1.0
EMP010,Edward Fuller,Finance,Accountant,2026-07-07,0.833333333333333,0.8213762694991021,0,0.0,0.0,3,1.0
EMP010,Edward Fuller,Finance,Accountant,2026-07-08,0.833333333333333,-0.48908416978670755,0,0.0,0.0,3,0.0
EMP010,Edward Fuller,Finance,Accountant,2026-07-09,0.833333333333333,-0.4579648433485632,0,0.0,0.0,3,0.0
EMP010,Edward Fuller,Finance,Accountant,2026-07-10,0.833333333333333,-0.4002571902469435,0,0.0,0.0,3,0.0
EMP010,Edward Fuller,Finance,Accountant,2026-07-13,0.833333333333333,-0.4378943719759215,0,0.0,0.0,3,0.0
EMP010,Edward Fuller,Finance,Accountant,2026-07-14,1.7999999999999998,-0.49068334617776704,0,0.0,0.0,3,0.0
EMP010,Edward Fuller,Finance,Accountant,2026-07-15,0.7999999999999998,-0.4229202657687272,0,0.0,0.0,2,0.0
EMP010,Edward Fuller,Finance,Accountant,2026-07-16,6.9,1.3897380968488686,0,0.0,0.0,1,1.0
EMP010,Edward Fuller,Finance,Accountant,2026-07-17,1.0999999999999996,-0.45090585261226984,0,0.0,0.0,1,0.0
EMP010,Edward Fuller,Finance,Accountant,2026-07-20,6.633333333333334,1.059160876212158,0,0.0,1.0,1,1.0
EMP010,Edward Fuller,Finance,Accountant,2026-07-21,1.3666666666666663,-0.4890357098960693,0,0.0,1.0,1,0.0
EMP010,Edward Fuller,Finance,Accountant,2026-07-22,1.3666666666666663,-0.47100055393023077,0,0.0,1.0,1,0.0
EMP010,Edward Fuller,Finance,Accountant,2026-07-23,1.3666666666666663,-0.4492178330883737,0,0.0,1.0,1,0.0
EMP010,Edward Fuller,Finance,Accountant,2026-07-24,1.3666666666666663,-0.16184260495559102,0,0.16666666666666666,1.0,1,1.0
EMP010,Edward Fuller,Finance,Accountant,2026-07-27,4.433333333333334,0.5565025839193091,0,0.0,1.0,1,1.0
EMP010,Edward Fuller,Finance,Accountant,2026-07-28,1.3666666666666663,-0.41896270803327673,0,0.0,1.0,1,0.0
EMP010,Edward Fuller,Finance,Accountant,2026-07-29,2.0999999999999996,-0.46945791407824894,0,0.0,0.0,1,0.0
EMP011,Heidi Lee,Finance,Financial Analyst,2026-04-01,0.0,-0.4482117847880098,0,0.0,0.0,1,0.0
EMP011,Heidi Lee,Finance,Financial Analyst,2026-04-02,0.5,-0.4636030883742098,0,0.0,0.0,1,0.0
EMP011,Heidi Lee,Finance,Financial Analyst,2026-04-03,0.3333333333333339,-0.4739086427623569,0,0.0,0.0,1,0.0
EMP011,Heidi Lee,Finance,Financial Analyst,2026-04-06,0.25,-0.45095155412534654,0,0.0,0.0,1,0.0
EMP011,Heidi Lee,Finance,Financial Analyst,2026-04-07,0.1999999999999993,-0.45648974229653766,0,0.0,0.0,1,0.0
EMP011,Heidi Lee,Finance,Financial Analyst,2026-04-08,0.6666666666666661,-0.4581738206965519,0,0.0,0.0,1,0.0
EMP011,Heidi Lee,Finance,Financial Analyst,2026-04-09,0.2857142857142865,2.6939349911590007,0,0.0,1.0,1,1.0
EMP011,Heidi Lee,Finance,Financial Analyst,2026-04-10,0.25,-0.4771595005693496,0,0.0,1.0,1,0.0
EMP011,Heidi Lee,Finance,Financial Analyst,2026-04-13,0.22222222222222143,-0.4562886583084762,0,0.0,1.0,1,0.0
EMP011,Heidi Lee,Finance,Financial Analyst,2026-04-14,0.1999999999999993,-0.42765094700873124,0,0.0,1.0,1,0.0
EMP011,Heidi Lee,Finance,Financial Analyst,2026-04-15,0.18181818181818166,-0.42674606906245494,0,0.0,1.0,1,0.0
EMP011,Heidi Lee,Finance,Financial Analyst,2026-04-16,0.16666666666666607,0.7619284123645281,0,0.0,1.0,2,1.0
EMP011,Heidi Lee,Finance,Financial Analyst,2026-04-17,6.615384615384615,3.2954526059461853,0,0.0,2.0,2,1.0
EMP011,Heidi Lee,Finance,Financial Analyst,2026-04-20,0.35714285714285676,-0.48412203365597567,0,0.0,1.0,2,0.0
EMP011,Heidi Lee,Finance,Financial Analyst,2026-04-21,0.33333333333333304,-0.4668455676817,0,0.0,1.0,2,0.0
EMP011,Heidi Lee,Finance,Financial Analyst,2026-04-22,0.3125,-0.46816099210360174,0,0.0,1.0,2,0.0
EMP011,Heidi Lee,Finance,Financial Analyst,2026-04-23,0.2941176470588234,-0.48525313108882107,0,0.0,1.0,2,0.0
EMP011,Heidi Lee,Finance,Financial Analyst,2026-04-24,0.2777777777777777,-0.46660259119612585,0,0.0,1.0,2,0.0
EMP011,Heidi Lee,Finance,Financial Analyst,2026-04-27,0.2631578947368425,-0.42878204444157664,0,0.0,1.0,1,0.0
EMP011,Heidi Lee,Finance,Financial Analyst,2026-04-28,0.25,-0.20815939554020554,0,0.1,0.0,1,1.0
EMP011,Heidi Lee,Finance,Financial Analyst,2026-04-29,0.23809523809523814,-0.45632217230648653,0,0.0,0.0,1,0.0
EMP011,Heidi Lee,Finance,Financial Analyst,2026-04-30,3.590909090909091,1.961486564645334,0,0.0,1.0,1,1.0
EMP011,Heidi Lee,Finance,Financial Analyst,2026-05-01,0.3913043478260869,-0.475291095180279,0,0.0,1.0,1,0.0
EMP011,Heidi Lee,Finance,Financial Analyst,2026-05-04,0.375,-0.45318023499302706,0,0.0,1.0,1,0.0
EMP011,Heidi Lee,Finance,Financial Analyst,2026-05-05,0.3600000000000003,-0.4604025015642325,0,0.0,1.0,1,0.0
EMP011,Heidi Lee,Finance,Financial Analyst,2026-05-06,0.3461538461538458,2.0224233915274428,0,0.0,2.0,1,1.0
EMP011,Heidi Lee,Finance,Financial Analyst,2026-05-07,0.33333333333333304,-0.4507337131382799,0,0.0,2.0,1,0.0
EMP011,Heidi Lee,Finance,Financial Analyst,2026-05-08,0.3214285714285712,-0.4492004477293118,0,0.0,2.0,1,0.0
EMP011,Heidi Lee,Finance,Financial Analyst,2026-05-11,0.3103448275862073,-0.4774108555544263,0,0.0,1.0,1,0.0
EMP011,Heidi Lee,Finance,Financial Analyst,2026-05-12,0.2999999999999998,0.10691407825350771,0,0.0,1.0,2,1.0
EMP011,Heidi Lee,Finance,Financial Analyst,2026-05-13,0.2999999999999998,1.5398888481760917,0,0.09090909090909091,1.0,3,1.0
EMP011,Heidi Lee,Finance,Financial Analyst,2026-05-14,0.33333333333333304,0.0657337531984326,0,0.0,1.0,3,1.0
EMP011,Heidi Lee,Finance,Financial Analyst,2026-05-15,5.466666666666667,3.075131583026906,0,0.0,0.0,3,1.0
EMP011,Heidi Lee,Finance,Financial Analyst,2026-05-18,0.5333333333333332,-0.47712598657133926,0,0.0,0.0,3,0.0
EMP011,Heidi Lee,Finance,Financial Analyst,2026-05-19,0.5333333333333332,-0.45551783635424087,0,0.0,0.0,3,0.0
EMP011,Heidi Lee,Finance,Financial Analyst,2026-05-20,0.5666666666666664,-0.45940546012342803,0,0.0,0.0,3,0.0
EMP011,Heidi Lee,Finance,Financial Analyst,2026-05-21,0.5666666666666664,-0.4481950277890047,0,0.0,0.0,3,0.0
EMP011,Heidi Lee,Finance,Financial Analyst,2026-05-22,0.5666666666666664,-0.4796144009235992,0,0.0,0.0,2,0.0
EMP011,Heidi Lee,Finance,Financial Analyst,2026-05-24,8.3,-0.4851861030928006,1,0.0,0.0,1,0.0
EMP011,Heidi Lee,Finance,Financial Analyst,2026-05-25,0.2999999999999998,-0.3913552871636477,0,0.0,0.0,1,0.0
EMP011,Heidi Lee,Finance,Financial Analyst,2026-05-26,0.2999999999999998,0.05746417418940742,0,0.125,0.0,1,1.0
EMP011,Heidi Lee,Finance,Financial Analyst,2026-05-27,0.2999999999999998,-0.47597813213948875,0,0.0,0.0,1,0.0
EMP011,Heidi Lee,Finance,Financial Analyst,2026-05-28,0.06666666666666643,-0.4741432407484285,0,0.0,0.0,1,0.0
EMP011,Heidi Lee,Finance,Financial Analyst,2026-05-29,0.06666666666666643,-0.4679599081155403,0,0.0,0.0,1,0.0
EMP011,Heidi Lee,Finance,Financial Analyst,2026-05-31,8.766666666666667,-0.4920899866829088,1,0.0,0.0,1,0.0
EMP011,Heidi Lee,Finance,Financial Analyst,2026-06-01,0.2333333333333325,0.44873172245938775,0,0.0,0.0,2,1.0
EMP011,Heidi Lee,Finance,Financial Analyst,2026-06-02,0.2333333333333325,-0.19245808747241092,0,0.25,0.0,2,1.0
EMP011,Heidi Lee,Finance,Financial Analyst,2026-06-03,0.2333333333333325,-0.460544936055776,0,0.0,0.0,2,0.0
EMP011,Heidi Lee,Finance,Financial Analyst,2026-06-04,0.2333333333333325,-0.470850490443923,0,0.0,0.0,2,0.0
EMP011,Heidi Lee,Finance,Financial Analyst,2026-06-05,0.2333333333333325,0.6103278423652341,0,0.0,0.0,3,1.0
EMP011,Heidi Lee,Finance,Financial Analyst,2026-06-08,0.2333333333333325,0.760009735978442,0,0.0,0.0,4,1.0
EMP011,Heidi Lee,Finance,Financial Analyst,2026-06-09,0.36666666666666714,-0.45433646792438015,0,0.0,0.0,4,0.0
EMP011,Heidi Lee,Finance,Financial Analyst,2026-06-10,0.36666666666666714,-0.46778395962598657,0,0.0,0.0,3,0.0
EMP011,Heidi Lee,Finance,Financial Analyst,2026-06-11,0.36666666666666714,-0.46292442991450267,0,0.0,0.0,3,0.0
EMP011,Heidi Lee,Finance,Financial Analyst,2026-06-12,0.36666666666666714,-0.3728136677644857,0,0.14285714285714285,0.0,3,1.0
EMP011,Heidi Lee,Finance,Financial Analyst,2026-06-15,0.36666666666666714,-0.4173202571220766,0,0.0,0.0,3,0.0
EMP011,Heidi Lee,Finance,Financial Analyst,2026-06-16,6.166666666666666,4.050405682123723,0,0.0,0.0,2,1.0
EMP011,Heidi Lee,Finance,Financial Analyst,2026-06-17,0.16666666666666607,-0.4498372136915062,0,0.0,0.0,1,0.0
EMP011,Heidi Lee,Finance,Financial Analyst,2026-06-18,0.16666666666666607,-0.4442487545232997,0,0.0,0.0,1,0.0
EMP011,Heidi Lee,Finance,Financial Analyst,2026-06-19,0.16666666666666607,-0.45567702784478953,0,0.0,0.0,1,0.0
EMP011,Heidi Lee,Finance,Financial Analyst,2026-06-22,0.16666666666666607,-0.46202793046772883,0,0.0,0.0,1,0.0
EMP011,Heidi Lee,Finance,Financial Analyst,2026-06-23,4.033333333333333,1.8907636503442378,0,0.0,1.0,1,1.0
EMP011,Heidi Lee,Finance,Financial Analyst,2026-06-24,0.2333333333333325,-0.45814868519804425,0,0.0,1.0,1,0.0
EMP011,Heidi Lee,Finance,Financial Analyst,2026-06-25,0.2333333333333325,-0.47916196195046107,0,0.0,1.0,1,0.0
EMP011,Heidi Lee,Finance,Financial Analyst,2026-06-26,0.2333333333333325,-0.45868490916620797,0,0.0,1.0,1,0.0
EMP011,Heidi Lee,Finance,Financial Analyst,2026-06-29,0.2333333333333325,0.05724633320234081,0,0.1111111111111111,1.0,1,1.0
EMP011,Heidi Lee,Finance,Financial Analyst,2026-06-30,0.7333333333333325,-0.4666528621931411,0,0.0,1.0,1,0.0
EMP011,Heidi Lee,Finance,Financial Analyst,2026-07-01,7.033333333333333,1.5315438626715439,0,0.0,1.0,1,1.0
EMP011,Heidi Lee,Finance,Financial Analyst,2026-07-02,0.2333333333333334,-0.4796060224240966,0,0.0,0.0,1,0.0
EMP011,Heidi Lee,Finance,Financial Analyst,2026-07-03,0.2333333333333334,-0.45530837386667694,0,0.0,0.0,1,0.0
EMP011,Heidi Lee,Finance,Financial Analyst,2026-07-06,0.2333333333333334,-0.4361467455043256,0,0.0,0.0,1,0.0
EMP011,Heidi Lee,Finance,Financial Analyst,2026-07-07,0.2333333333333334,-0.4540599774407957,0,0.0,0.0,1,0.0
EMP011,Heidi Lee,Finance,Financial Analyst,2026-07-08,1.2000000000000002,-0.46255577593639,0,0.0,0.0,1,0.0
EMP011,Heidi Lee,Finance,Financial Analyst,2026-07-09,0.20000000000000018,0.18842849991389957,0,0.14285714285714285,0.0,1,1.0
EMP011,Heidi Lee,Finance,Financial Analyst,2026-07-10,0.5,-0.4577632742209266,0,0.0,0.0,1,0.0
EMP011,Heidi Lee,Finance,Financial Analyst,2026-07-13,0.5,-0.47682436058924726,0,0.0,0.0,1,0.0
EMP011,Heidi Lee,Finance,Financial Analyst,2026-07-14,0.5,2.729903889523484,0,0.0,1.0,1,1.0
EMP011,Heidi Lee,Finance,Financial Analyst,2026-07-15,0.5,1.9952686746396506,0,0.0,2.0,1,1.0
EMP011,Heidi Lee,Finance,Financial Analyst,2026-07-16,0.5,-0.45793084421097774,0,0.0,2.0,1,0.0
EMP011,Heidi Lee,Finance,Financial Analyst,2026-07-17,0.5,-0.4616425194906112,0,0.0,2.0,1,0.0
EMP011,Heidi Lee,Finance,Financial Analyst,2026-07-20,0.5,-0.444299025520315,0,0.0,2.0,1,0.0
EMP011,Heidi Lee,Finance,Financial Analyst,2026-07-21,0.5,-0.4471142013531747,0,0.0,2.0,1,0.0
EMP011,Heidi Lee,Finance,Financial Analyst,2026-07-22,0.5,-0.4446844364974327,0,0.0,2.0,1,0.0
EMP011,Heidi Lee,Finance,Financial Analyst,2026-07-23,0.5,-0.4445922730029046,0,0.0,1.0,1,0.0
EMP011,Heidi Lee,Finance,Financial Analyst,2026-07-24,0.5,-0.45497323388657457,0,0.0,0.0,1,0.0
EMP011,Heidi Lee,Finance,Financial Analyst,2026-07-26,11.133333333333333,-0.4962708579346855,1,0.0,0.0,1,0.0
EMP011,Heidi Lee,Finance,Financial Analyst,2026-07-27,0.06666666666666643,-0.42677120456096257,0,0.0,0.0,1,0.0
EMP011,Heidi Lee,Finance,Financial Analyst,2026-07-28,0.06666666666666643,-0.4770840940738265,0,0.0,0.0,1,0.0
EMP011,Heidi Lee,Finance,Financial Analyst,2026-07-29,0.06666666666666643,0.7843325200343696,0,0.0,0.0,2,1.0
EMP012,Victoria Wyatt,Finance,Financial Analyst,2026-04-01,0.0,-0.46503277186187186,0,0.0,0.0,1,0.0
EMP012,Victoria Wyatt,Finance,Financial Analyst,2026-04-02,0.0,-0.4905224303611106,0,0.0,0.0,1,0.0
EMP012,Victoria Wyatt,Finance,Financial Analyst,2026-04-03,0.0,-0.4946203745846666,0,0.0,0.0,1,0.0
EMP012,Victoria Wyatt,Finance,Financial Analyst,2026-04-06,0.0,-0.500099147840073,0,0.0,0.0,1,0.0
EMP012,Victoria Wyatt,Finance,Financial Analyst,2026-04-07,0.0,-0.5028830773397714,0,0.0,0.0,1,0.0
EMP012,Victoria Wyatt,Finance,Financial Analyst,2026-04-08,0.0,-0.4867362862415207,0,0.0,0.0,1,0.0
EMP012,Victoria Wyatt,Finance,Financial Analyst,2026-04-09,0.0,-0.4757787397307078,0,0.0,0.0,1,0.0
EMP012,Victoria Wyatt,Finance,Financial Analyst,2026-04-10,0.0,-0.45826225531860537,0,0.0,0.0,1,0.0
EMP012,Victoria Wyatt,Finance,Financial Analyst,2026-04-13,0.0,-0.5090856722650995,0,0.0,0.0,1,0.0
EMP012,Victoria Wyatt,Finance,Financial Analyst,2026-04-14,0.0,1.574284672411204,0,0.0,0.0,1,1.0
EMP012,Victoria Wyatt,Finance,Financial Analyst,2026-04-15,0.0,-0.5169029463002527,0,0.0,0.0,1,0.0
EMP012,Victoria Wyatt,Finance,Financial Analyst,2026-04-16,0.0,5.023261522433568,0,0.0,0.0,1,1.0
EMP012,Victoria Wyatt,Finance,Financial Analyst,2026-04-17,0.0,-0.47973191962027956,0,0.0,0.0,1,0.0
EMP012,Victoria Wyatt,Finance,Financial Analyst,2026-04-20,0.9285714285714288,0.36860934896381764,0,0.0,0.0,2,1.0
EMP012,Victoria Wyatt,Finance,Financial Analyst,2026-04-21,0.06666666666666643,-0.45338481083513377,0,0.0,0.0,2,0.0
EMP012,Victoria Wyatt,Finance,Financial Analyst,2026-04-22,0.0625,-0.4733956960789659,0,0.0,0.0,2,0.0
EMP012,Victoria Wyatt,Finance,Financial Analyst,2026-04-23,1.8235294117647065,1.440722870733673,0,0.0,1.0,2,1.0
EMP012,Victoria Wyatt,Finance,Financial Analyst,2026-04-24,0.16666666666666607,-0.009670991455202354,0,0.1111111111111111,1.0,2,1.0
EMP012,Victoria Wyatt,Finance,Financial Analyst,2026-04-27,0.15789473684210442,0.0802276599490588,0,0.0,1.0,3,1.0
EMP012,Victoria Wyatt,Finance,Financial Analyst,2026-04-28,0.15000000000000036,-0.4918253093669694,0,0.0,1.0,3,0.0
EMP012,Victoria Wyatt,Finance,Financial Analyst,2026-04-29,0.14285714285714235,-0.5031503345717425,0,0.0,1.0,2,0.0
EMP012,Victoria Wyatt,Finance,Financial Analyst,2026-04-30,0.1363636363636367,-0.4590751627325173,0,0.0,1.0,2,0.0
EMP012,Victoria Wyatt,Finance,Financial Analyst,2026-05-01,0.13043478260869534,-0.5043418563976134,0,0.0,1.0,2,0.0
EMP012,Victoria Wyatt,Finance,Financial Analyst,2026-05-04,0.8333333333333339,0.309556636416215,0,0.16666666666666666,0.0,2,1.0
EMP012,Victoria Wyatt,Finance,Financial Analyst,2026-05-05,0.16000000000000014,-0.4436521933041881,0,0.0,0.0,2,0.0
EMP012,Victoria Wyatt,Finance,Financial Analyst,2026-05-06,0.1538461538461533,-0.49779405421432277,0,0.0,0.0,1,0.0
EMP012,Victoria Wyatt,Finance,Financial Analyst,2026-05-07,0.1481481481481488,-0.4633067355720589,0,0.0,0.0,1,0.0
EMP012,Victoria Wyatt,Finance,Financial Analyst,2026-05-08,0.14285714285714235,-0.49173622362297903,0,0.0,0.0,1,0.0
EMP012,Victoria Wyatt,Finance,Financial Analyst,2026-05-11,0.137931034482758,-0.45518879715093835,0,0.0,0.0,1,0.0
EMP012,Victoria Wyatt,Finance,Financial Analyst,2026-05-12,0.13333333333333286,-0.5132615665146472,0,0.0,0.0,1,0.0
EMP012,Victoria Wyatt,Finance,Financial Analyst,2026-05-13,0.13333333333333286,-0.20135010536843728,0,0.14285714285714285,0.0,1,1.0
EMP012,Victoria Wyatt,Finance,Financial Analyst,2026-05-14,5.933333333333334,2.8453712033835044,0,0.0,1.0,1,1.0
EMP012,Victoria Wyatt,Finance,Financial Analyst,2026-05-15,0.06666666666666643,-0.5070255644353228,0,0.0,1.0,1,0.0
EMP012,Victoria Wyatt,Finance,Financial Analyst,2026-05-18,0.06666666666666643,-0.4128730687555225,0,0.0,1.0,1,0.0
EMP012,Victoria Wyatt,Finance,Financial Analyst,2026-05-19,0.06666666666666643,-0.4889300226872831,0,0.0,1.0,1,0.0
EMP012,Victoria Wyatt,Finance,Financial Analyst,2026-05-20,3.8,0.08365746109268715,0,0.0,2.0,1,1.0
EMP012,Victoria Wyatt,Finance,Financial Analyst,2026-05-21,0.20000000000000018,0.19658477731845356,0,0.1,2.0,1,1.0
EMP012,Victoria Wyatt,Finance,Financial Analyst,2026-05-22,0.20000000000000018,0.3487098208999734,0,0.0,2.0,2,1.0
EMP012,Victoria Wyatt,Finance,Financial Analyst,2026-05-25,0.20000000000000018,-0.4634292284700456,0,0.0,1.0,2,0.0
EMP012,Victoria Wyatt,Finance,Financial Analyst,2026-05-26,0.20000000000000018,-0.4996982619921165,0,0.0,1.0,2,0.0
EMP012,Victoria Wyatt,Finance,Financial Analyst,2026-05-27,0.20000000000000018,-0.46404169295997927,0,0.0,1.0,2,0.0
EMP012,Victoria Wyatt,Finance,Financial Analyst,2026-05-28,0.20000000000000018,-0.5096758653190356,0,0.0,1.0,2,0.0
EMP012,Victoria Wyatt,Finance,Financial Analyst,2026-05-29,5.6,0.6389845819745273,0,0.0,1.0,2,1.0
EMP012,Victoria Wyatt,Finance,Financial Analyst,2026-06-01,0.43333333333333357,-0.48543340723566186,0,0.0,1.0,2,0.0
EMP012,Victoria Wyatt,Finance,Financial Analyst,2026-06-02,5.366666666666666,0.9498381499108517,0,0.0,1.0,1,1.0
EMP012,Victoria Wyatt,Finance,Financial Analyst,2026-06-03,0.6333333333333337,-0.4876271436814242,0,0.0,1.0,1,0.0
EMP012,Victoria Wyatt,Finance,Financial Analyst,2026-06-04,0.7000000000000002,-0.4455118582099867,0,0.0,1.0,1,0.0
EMP012,Victoria Wyatt,Finance,Financial Analyst,2026-06-05,0.7000000000000002,-0.49489876753463646,0,0.0,1.0,1,0.0
EMP012,Victoria Wyatt,Finance,Financial Analyst,2026-06-06,3.5999999999999996,-0.5206556832658462,1,0.0,1.0,1,0.0
EMP012,Victoria Wyatt,Finance,Financial Analyst,2026-06-08,0.5999999999999996,-0.5062349284574084,0,0.0,0.0,1,0.0
EMP012,Victoria Wyatt,Finance,Financial Analyst,2026-06-09,0.5999999999999996,1.6385711724182397,0,0.0,0.0,3,1.0
EMP012,Victoria Wyatt,Finance,Financial Analyst,2026-06-10,0.5999999999999996,-0.47191464558512636,0,0.0,0.0,3,0.0
EMP012,Victoria Wyatt,Finance,Financial Analyst,2026-06-11,0.5999999999999996,-0.49313932409082706,0,0.0,0.0,3,0.0
EMP012,Victoria Wyatt,Finance,Financial Analyst,2026-06-12,1.5999999999999996,-0.14102792096897207,0,0.16666666666666666,0.0,3,1.0
EMP012,Victoria Wyatt,Finance,Financial Analyst,2026-06-15,0.5999999999999996,-0.4741417891848851,0,0.0,0.0,3,0.0
EMP012,Victoria Wyatt,Finance,Financial Analyst,2026-06-16,0.5999999999999996,0.756800478401764,0,0.0,0.0,3,1.0
EMP012,Victoria Wyatt,Finance,Financial Analyst,2026-06-17,0.5999999999999996,-0.4503558955394619,0,0.0,0.0,3,0.0
EMP012,Victoria Wyatt,Finance,Financial Analyst,2026-06-18,0.5999999999999996,-0.4612911706142772,0,0.0,0.0,2,0.0
EMP012,Victoria Wyatt,Finance,Financial Analyst,2026-06-19,1.5666666666666664,-0.5126936448967087,0,0.0,0.0,2,0.0
EMP012,Victoria Wyatt,Finance,Financial Analyst,2026-06-22,0.5666666666666664,0.2335442253564496,0,0.125,0.0,2,1.0
EMP012,Victoria Wyatt,Finance,Financial Analyst,2026-06-23,0.5666666666666664,-0.43603536219301325,0,0.0,0.0,2,0.0
EMP012,Victoria Wyatt,Finance,Financial Analyst,2026-06-24,0.36666666666666625,-0.509163622291091,0,0.0,0.0,2,0.0
EMP012,Victoria Wyatt,Finance,Financial Analyst,2026-06-25,4.466666666666667,2.8492909761190797,0,0.0,1.0,1,1.0
EMP012,Victoria Wyatt,Finance,Financial Analyst,2026-06-26,0.5333333333333332,-0.50825049341519,0,0.0,1.0,1,0.0
EMP012,Victoria Wyatt,Finance,Financial Analyst,2026-06-29,0.5333333333333332,-0.5062126570214108,0,0.0,1.0,1,0.0
EMP012,Victoria Wyatt,Finance,Financial Analyst,2026-06-30,0.40000000000000036,-0.46533343624783935,0,0.0,1.0,1,0.0
EMP012,Victoria Wyatt,Finance,Financial Analyst,2026-07-01,0.40000000000000036,-0.45079018854141484,0,0.0,1.0,1,0.0
EMP012,Victoria Wyatt,Finance,Financial Analyst,2026-07-02,0.40000000000000036,-0.5071146501793131,0,0.0,1.0,1,0.0
EMP012,Victoria Wyatt,Finance,Financial Analyst,2026-07-03,0.40000000000000036,1.5639061832363286,0,0.0,1.0,2,1.0
EMP012,Victoria Wyatt,Finance,Financial Analyst,2026-07-06,6.366666666666666,1.341759744878394,0,0.0,1.0,2,1.0
EMP012,Victoria Wyatt,Finance,Financial Analyst,2026-07-07,0.6333333333333337,-0.4855447644156498,0,0.0,1.0,2,0.0
EMP012,Victoria Wyatt,Finance,Financial Analyst,2026-07-08,0.6333333333333337,0.2048363443555596,0,0.0,1.0,3,1.0
EMP012,Victoria Wyatt,Finance,Financial Analyst,2026-07-09,0.43333333333333357,-0.5030612488277522,0,0.0,1.0,3,0.0
EMP012,Victoria Wyatt,Finance,Financial Analyst,2026-07-10,0.43333333333333357,-0.49721499687838555,0,0.0,1.0,3,0.0
EMP012,Victoria Wyatt,Finance,Financial Analyst,2026-07-11,6.033333333333333,-0.530321486488799,1,0.0,1.0,3,0.0
EMP012,Victoria Wyatt,Finance,Financial Analyst,2026-07-13,0.033333333333333215,-0.37057961179610427,0,0.0,1.0,2,0.0
EMP012,Victoria Wyatt,Finance,Financial Analyst,2026-07-14,6.733333333333333,2.8681882895630326,0,0.0,0.0,2,1.0
EMP012,Victoria Wyatt,Finance,Financial Analyst,2026-07-15,0.2666666666666666,2.3418251711960543,0,0.0,1.0,2,1.0
EMP012,Victoria Wyatt,Finance,Financial Analyst,2026-07-16,1.333333333333333,1.6814993653035892,0,0.0,1.0,2,1.0
EMP012,Victoria Wyatt,Finance,Financial Analyst,2026-07-17,0.33333333333333304,-0.47889674077037003,0,0.0,1.0,2,0.0
EMP012,Victoria Wyatt,Finance,Financial Analyst,2026-07-20,0.33333333333333304,-0.46042258461037133,0,0.0,1.0,2,0.0
EMP012,Victoria Wyatt,Finance,Financial Analyst,2026-07-21,0.33333333333333304,-0.4804557412902011,0,0.0,1.0,2,0.0
EMP012,Victoria Wyatt,Finance,Financial Analyst,2026-07-22,0.33333333333333304,-0.45757184080268015,0,0.0,1.0,2,0.0
EMP012,Victoria Wyatt,Finance,Financial Analyst,2026-07-23,0.36666666666666625,0.8327683465895342,0,0.0,1.0,3,1.0
EMP012,Victoria Wyatt,Finance,Financial Analyst,2026-07-24,0.36666666666666625,-0.4631062926480806,0,0.0,0.0,3,0.0
EMP012,Victoria Wyatt,Finance,Financial Analyst,2026-07-27,0.36666666666666625,-0.4707342594772542,0,0.0,0.0,2,0.0
EMP012,Victoria Wyatt,Finance,Financial Analyst,2026-07-28,0.36666666666666625,-0.48818392958136386,0,0.0,0.0,2,0.0
EMP012,Victoria Wyatt,Finance,Financial Analyst,2026-07-29,0.36666666666666625,-0.47241575289507204,0,0.0,0.0,2,0.0
EMP013,Jamie Chavez,HR,HR Manager,2026-04-01,0.0,-0.3803458569228194,0,0.0,0.0,1,0.0
EMP013,Jamie Chavez,HR,HR Manager,2026-04-02,0.0,-0.39217907440838606,0,0.0,0.0,1,0.0
EMP013,Jamie Chavez,HR,HR Manager,2026-04-03,4.0,1.0064900282529443,0,0.0,1.0,1,1.0
EMP013,Jamie Chavez,HR,HR Manager,2026-04-06,1.5,-0.3956682875606499,0,0.0,1.0,1,0.0
EMP013,Jamie Chavez,HR,HR Manager,2026-04-07,3.5999999999999996,0.9002706380383418,0,0.0,1.0,1,1.0
EMP013,Jamie Chavez,HR,HR Manager,2026-04-08,2.0,-0.3980123506336654,0,0.0,1.0,1,0.0
EMP013,Jamie Chavez,HR,HR Manager,2026-04-09,1.7142857142857144,-0.39589409180162843,0,0.0,1.0,1,0.0
EMP013,Jamie Chavez,HR,HR Manager,2026-04-10,2.375,-0.3918188628811108,0,0.0,1.0,1,0.0
EMP013,Jamie Chavez,HR,HR Manager,2026-04-12,3.8888888888888893,-0.40742623696589036,1,0.0,1.0,1,0.0
EMP013,Jamie Chavez,HR,HR Manager,2026-04-13,0.7999999999999998,0.6493161056479377,0,0.14285714285714285,1.0,1,1.0
EMP013,Jamie Chavez,HR,HR Manager,2026-04-14,0.7272727272727275,0.09727849936989039,0,0.0,1.0,2,1.0
EMP013,Jamie Chavez,HR,HR Manager,2026-04-15,0.666666666666667,-0.38699632944878304,0,0.0,1.0,2,0.0
EMP013,Jamie Chavez,HR,HR Manager,2026-04-16,0.615384615384615,-0.38539957088757754,0,0.0,1.0,2,0.0
EMP013,Jamie Chavez,HR,HR Manager,2026-04-17,0.5714285714285712,-0.3919801516246669,0,0.0,1.0,2,0.0
EMP013,Jamie Chavez,HR,HR Manager,2026-04-20,1.4666666666666668,-0.17623495195256164,0,0.125,1.0,2,1.0
EMP013,Jamie Chavez,HR,HR Manager,2026-04-21,0.4375,-0.38142649150464536,0,0.0,1.0,2,0.0
EMP013,Jamie Chavez,HR,HR Manager,2026-04-22,0.41176470588235325,-0.37551794719903986,0,0.0,0.0,2,0.0
EMP013,Jamie Chavez,HR,HR Manager,2026-04-23,0.3888888888888893,0.527973207579224,0,0.0,0.0,2,1.0
EMP013,Jamie Chavez,HR,HR Manager,2026-04-24,3.421052631578948,1.484947709720694,0,0.0,1.0,2,1.0
EMP013,Jamie Chavez,HR,HR Manager,2026-04-27,0.5499999999999998,-0.4008832902689642,0,0.0,1.0,2,0.0
EMP013,Jamie Chavez,HR,HR Manager,2026-04-28,6.142857142857143,1.3351749824544898,0,0.0,1.0,2,1.0
EMP013,Jamie Chavez,HR,HR Manager,2026-04-29,0.8181818181818183,-0.3917543473836883,0,0.0,1.0,2,0.0
EMP013,Jamie Chavez,HR,HR Manager,2026-04-30,0.7826086956521738,-0.38789954641269725,0,0.0,1.0,2,0.0
EMP013,Jamie Chavez,HR,HR Manager,2026-05-01,0.75,-0.3764426693287616,0,0.0,1.0,2,0.0
EMP013,Jamie Chavez,HR,HR Manager,2026-05-02,5.52,-0.4072918296795936,1,0.0,1.0,1,0.0
EMP013,Jamie Chavez,HR,HR Manager,2026-05-04,0.5,-0.3848673180338424,0,0.0,0.0,1,0.0
EMP013,Jamie Chavez,HR,HR Manager,2026-05-05,0.48148148148148184,-0.3759803082639007,0,0.0,0.0,1,0.0
EMP013,Jamie Chavez,HR,HR Manager,2026-05-06,0.4642857142857144,-0.37707169542863034,0,0.0,0.0,1,0.0
EMP013,Jamie Chavez,HR,HR Manager,2026-05-07,0.4482758620689653,-0.3950392614607811,0,0.0,0.0,1,0.0
EMP013,Jamie Chavez,HR,HR Manager,2026-05-08,0.43333333333333357,-0.4050122821040006,0,0.0,0.0,1,0.0
EMP013,Jamie Chavez,HR,HR Manager,2026-05-11,0.43333333333333357,-0.37804480418141895,0,0.0,0.0,1,0.0
EMP013,Jamie Chavez,HR,HR Manager,2026-05-12,4.4,1.2844066622744783,0,0.0,0.0,1,1.0
EMP013,Jamie Chavez,HR,HR Manager,2026-05-13,0.40000000000000036,0.0920043574556056,0,0.0,1.0,1,1.0
EMP013,Jamie Chavez,HR,HR Manager,2026-05-14,5.4,1.4851197510471539,0,0.0,1.0,1,1.0
EMP013,Jamie Chavez,HR,HR Manager,2026-05-15,0.40000000000000036,-0.38124369759528176,0,0.0,1.0,1,0.0
EMP013,Jamie Chavez,HR,HR Manager,2026-05-18,6.366666666666666,1.0098717155761705,0,0.0,2.0,1,1.0
EMP013,Jamie Chavez,HR,HR Manager,2026-05-19,0.6333333333333337,-0.35960950079295545,0,0.0,2.0,1,0.0
EMP013,Jamie Chavez,HR,HR Manager,2026-05-20,0.666666666666667,-0.39093177479155217,0,0.0,2.0,1,0.0
EMP013,Jamie Chavez,HR,HR Manager,2026-05-21,0.7666666666666666,-0.36883521692436505,0,0.0,2.0,1,0.0
EMP013,Jamie Chavez,HR,HR Manager,2026-05-22,1.7333333333333334,-0.38151788845932716,0,0.0,1.0,1,0.0
EMP013,Jamie Chavez,HR,HR Manager,2026-05-25,0.7333333333333334,-0.3573568346746218,0,0.0,1.0,1,0.0
EMP013,Jamie Chavez,HR,HR Manager,2026-05-26,0.7333333333333334,-0.3715771255648189,0,0.0,1.0,1,0.0
EMP013,Jamie Chavez,HR,HR Manager,2026-05-27,5.066666666666666,1.2415468668201677,0,0.1,0.0,2,1.0
EMP013,Jamie Chavez,HR,HR Manager,2026-05-28,4.866666666666666,0.8955395015606958,0,0.0,0.0,2,1.0
EMP013,Jamie Chavez,HR,HR Manager,2026-05-29,1.166666666666667,-0.40007684655118364,0,0.0,0.0,2,0.0
EMP013,Jamie Chavez,HR,HR Manager,2026-05-30,8.9,-0.4066735561626285,1,0.0,0.0,2,0.0
EMP013,Jamie Chavez,HR,HR Manager,2026-05-31,3.8,-0.4088724593664435,1,0.0,0.0,2,0.0
EMP013,Jamie Chavez,HR,HR Manager,2026-06-01,0.7999999999999998,-0.39202316195628184,0,0.0,0.0,2,0.0
EMP013,Jamie Chavez,HR,HR Manager,2026-06-02,0.666666666666667,-0.3871737470666948,0,0.0,0.0,2,0.0
EMP013,Jamie Chavez,HR,HR Manager,2026-06-03,7.066666666666666,1.353239321732774,0,0.0,0.0,1,1.0
EMP013,Jamie Chavez,HR,HR Manager,2026-06-04,0.7000000000000002,-0.3984747116985263,0,0.0,0.0,1,0.0
EMP013,Jamie Chavez,HR,HR Manager,2026-06-05,0.7000000000000002,-0.3627922653324627,0,0.0,0.0,1,0.0
EMP013,Jamie Chavez,HR,HR Manager,2026-06-08,0.7000000000000002,-0.37073304780687527,0,0.0,0.0,1,0.0
EMP013,Jamie Chavez,HR,HR Manager,2026-06-09,1.666666666666667,-0.11794520003138334,0,0.25,0.0,1,1.0
EMP013,Jamie Chavez,HR,HR Manager,2026-06-10,0.833333333333333,-0.3952274316615965,0,0.0,0.0,1,0.0
EMP013,Jamie Chavez,HR,HR Manager,2026-06-11,0.833333333333333,-0.3792598460495416,0,0.0,0.0,1,0.0
EMP013,Jamie Chavez,HR,HR Manager,2026-06-12,0.833333333333333,-0.3795716709537501,0,0.0,0.0,1,0.0
EMP013,Jamie Chavez,HR,HR Manager,2026-06-15,0.833333333333333,-0.3943242146976823,0,0.0,0.0,1,0.0
EMP013,Jamie Chavez,HR,HR Manager,2026-06-16,0.833333333333333,-0.38689955620264943,0,0.0,0.0,1,0.0
EMP013,Jamie Chavez,HR,HR Manager,2026-06-17,0.833333333333333,-0.38010392380748526,0,0.0,0.0,1,0.0
EMP013,Jamie Chavez,HR,HR Manager,2026-06-18,4.0,0.403651844046174,0,0.0,1.0,1,1.0
EMP013,Jamie Chavez,HR,HR Manager,2026-06-19,0.833333333333333,0.01213417164661969,0,0.09090909090909091,1.0,1,1.0
EMP013,Jamie Chavez,HR,HR Manager,2026-06-22,5.933333333333334,1.03096828323331,0,0.0,1.0,1,1.0
EMP013,Jamie Chavez,HR,HR Manager,2026-06-23,6.866666666666666,0.6181336152270897,0,0.0,2.0,1,1.0
EMP013,Jamie Chavez,HR,HR Manager,2026-06-24,1.1333333333333337,-0.3773996492071945,0,0.0,2.0,1,0.0
EMP013,Jamie Chavez,HR,HR Manager,2026-06-25,0.9000000000000004,-0.3944693745668828,0,0.0,2.0,1,0.0
EMP013,Jamie Chavez,HR,HR Manager,2026-06-26,1.8666666666666663,-0.38973286179778505,0,0.0,2.0,1,0.0
EMP013,Jamie Chavez,HR,HR Manager,2026-06-29,1.833333333333333,-0.3563783496303814,0,0.0,1.0,1,0.0
EMP013,Jamie Chavez,HR,HR Manager,2026-06-30,1.7999999999999998,-0.40143167199705493,0,0.0,1.0,1,0.0
EMP013,Jamie Chavez,HR,HR Manager,2026-07-01,0.833333333333333,-0.3938726062157252,0,0.0,1.0,1,0.0
EMP013,Jamie Chavez,HR,HR Manager,2026-07-02,0.833333333333333,-0.3885823354270848,0,0.0,0.0,1,0.0
EMP013,Jamie Chavez,HR,HR Manager,2026-07-03,0.833333333333333,-0.38272755403599795,0,0.0,0.0,1,0.0
EMP013,Jamie Chavez,HR,HR Manager,2026-07-06,7.1,2.7795103047080065,0,0.0,0.0,2,1.0
EMP013,Jamie Chavez,HR,HR Manager,2026-07-07,0.7000000000000002,-0.3071261436397972,0,0.0,0.0,2,0.0
EMP013,Jamie Chavez,HR,HR Manager,2026-07-08,0.7000000000000002,-0.3879264278699566,0,0.0,0.0,2,0.0
EMP013,Jamie Chavez,HR,HR Manager,2026-07-09,0.9666666666666668,-0.12635371986210855,0,0.125,0.0,2,1.0
EMP013,Jamie Chavez,HR,HR Manager,2026-07-10,1.0666666666666664,-0.3949263593402918,0,0.0,0.0,2,0.0
EMP013,Jamie Chavez,HR,HR Manager,2026-07-13,1.0666666666666664,-0.3858726845353421,0,0.0,0.0,2,0.0
EMP013,Jamie Chavez,HR,HR Manager,2026-07-14,1.0666666666666664,-0.3849210809483611,0,0.0,0.0,2,0.0
EMP013,Jamie Chavez,HR,HR Manager,2026-07-15,0.7999999999999998,0.6319076739267816,0,0.0,0.0,2,1.0
EMP013,Jamie Chavez,HR,HR Manager,2026-07-16,0.7999999999999998,-0.3840931320647731,0,0.0,0.0,2,0.0
EMP013,Jamie Chavez,HR,HR Manager,2026-07-17,0.7999999999999998,-0.3807867128218728,0,0.0,0.0,2,0.0
EMP013,Jamie Chavez,HR,HR Manager,2026-07-20,0.7999999999999998,-0.3882866393972319,0,0.0,0.0,2,0.0
EMP013,Jamie Chavez,HR,HR Manager,2026-07-21,0.833333333333333,-0.38401786398444687,0,0.0,0.0,2,0.0
EMP013,Jamie Chavez,HR,HR Manager,2026-07-22,0.833333333333333,-0.3802329548023301,0,0.0,0.0,2,0.0
EMP013,Jamie Chavez,HR,HR Manager,2026-07-23,0.833333333333333,-0.37101799125382434,0,0.0,0.0,2,0.0
EMP013,Jamie Chavez,HR,HR Manager,2026-07-24,1.7999999999999998,-0.4011736100073652,0,0.0,0.0,1,0.0
EMP013,Jamie Chavez,HR,HR Manager,2026-07-27,0.7999999999999998,-0.3933564822363457,0,0.0,0.0,1,0.0
EMP013,Jamie Chavez,HR,HR Manager,2026-07-28,0.7999999999999998,-0.37557171011355855,0,0.0,0.0,1,0.0
EMP013,Jamie Chavez,HR,HR Manager,2026-07-29,0.7999999999999998,-0.3925016518954983,0,0.0,0.0,1,0.0
EMP013,Jamie Chavez,HR,HR Manager,2026-08-04,1.5999999999999996,7.393685561818473,0,0.5,1.0,2,
EMP014,Carla Kelly,HR,HR Specialist,2026-04-01,0.0,0.16727766097541866,0,0.16666666666666666,0.0,1,1.0
EMP014,Carla Kelly,HR,HR Specialist,2026-04-02,3.0,1.222478502899194,0,0.0,0.0,1,1.0
EMP014,Carla Kelly,HR,HR Specialist,2026-04-03,2.0,-0.428295337053097,0,0.0,0.0,1,0.0
EMP014,Carla Kelly,HR,HR Specialist,2026-04-06,1.5,-0.4452764457401434,0,0.0,0.0,1,0.0
EMP014,Carla Kelly,HR,HR Specialist,2026-04-07,1.2000000000000002,-0.41808916554325376,0,0.0,0.0,1,0.0
EMP014,Carla Kelly,HR,HR Specialist,2026-04-08,1.0,-0.4252579944168058,0,0.0,0.0,1,0.0
EMP014,Carla Kelly,HR,HR Specialist,2026-04-09,1.7142857142857144,-0.44433985881771354,0,0.0,0.0,1,0.0
EMP014,Carla Kelly,HR,HR Specialist,2026-04-10,0.625,-0.43069369982642214,0,0.0,0.0,1,0.0
EMP014,Carla Kelly,HR,HR Specialist,2026-04-13,6.555555555555555,1.5018965191403761,0,0.0,1.0,1,1.0
EMP014,Carla Kelly,HR,HR Specialist,2026-04-14,1.2999999999999998,-0.4183692663051019,0,0.0,1.0,1,0.0
EMP014,Carla Kelly,HR,HR Specialist,2026-04-15,1.1818181818181817,0.5988604160906283,0,0.0,1.0,2,1.0
EMP014,Carla Kelly,HR,HR Specialist,2026-04-16,5.333333333333333,5.985005497157497,0,0.09090909090909091,1.0,2,1.0
EMP014,Carla Kelly,HR,HR Specialist,2026-04-17,4.0,2.615235775445266,0,0.0,1.0,2,1.0
EMP014,Carla Kelly,HR,HR Specialist,2026-04-20,1.8571428571428568,0.49678994784338754,0,0.0,1.0,3,1.0
EMP014,Carla Kelly,HR,HR Specialist,2026-04-21,1.7333333333333334,-0.4277701481246317,0,0.0,1.0,3,0.0
EMP014,Carla Kelly,HR,HR Specialist,2026-04-22,1.625,-0.4294945184397596,0,0.0,0.0,3,0.0
EMP014,Carla Kelly,HR,HR Specialist,2026-04-23,1.5294117647058822,-0.41541070200808045,0,0.0,0.0,3,0.0
EMP014,Carla Kelly,HR,HR Specialist,2026-04-24,1.4444444444444446,-0.4195947071381877,0,0.0,0.0,2,0.0
EMP014,Carla Kelly,HR,HR Specialist,2026-04-27,1.3684210526315788,-0.3924862052805678,0,0.0,0.0,2,0.0
EMP014,Carla Kelly,HR,HR Specialist,2026-04-28,2.5,1.4479421098893692,0,0.0,1.0,3,1.0
EMP014,Carla Kelly,HR,HR Specialist,2026-04-29,1.4285714285714288,-0.4374948964500484,0,0.0,1.0,2,0.0
EMP014,Carla Kelly,HR,HR Specialist,2026-04-30,1.3636363636363633,-0.3918472254176017,0,0.0,1.0,2,0.0
EMP014,Carla Kelly,HR,HR Specialist,2026-05-01,4.434782608695652,1.4489049562582221,0,0.0,2.0,2,1.0
EMP014,Carla Kelly,HR,HR Specialist,2026-05-04,1.5,-0.42130157115570016,0,0.0,2.0,2,0.0
EMP014,Carla Kelly,HR,HR Specialist,2026-05-05,1.4400000000000004,-0.3838380942585051,0,0.0,2.0,2,0.0
EMP014,Carla Kelly,HR,HR Specialist,2026-05-06,1.384615384615385,-0.4378275161047432,0,0.0,2.0,2,0.0
EMP014,Carla Kelly,HR,HR Specialist,2026-05-07,1.333333333333333,-0.43197165955235445,0,0.0,1.0,1,0.0
EMP014,Carla Kelly,HR,HR Specialist,2026-05-08,1.2857142857142856,-0.40605358593258944,0,0.0,1.0,1,0.0
EMP014,Carla Kelly,HR,HR Specialist,2026-05-11,6.482758620689655,2.0096141625854465,0,0.0,2.0,1,1.0
EMP014,Carla Kelly,HR,HR Specialist,2026-05-12,1.4666666666666668,0.10498150091062024,0,0.09090909090909091,1.0,1,1.0
EMP014,Carla Kelly,HR,HR Specialist,2026-05-13,1.4666666666666668,-0.44874269266801475,0,0.0,1.0,1,0.0
EMP014,Carla Kelly,HR,HR Specialist,2026-05-14,1.2666666666666666,-0.41466668435942117,0,0.0,1.0,1,0.0
EMP014,Carla Kelly,HR,HR Specialist,2026-05-15,1.2666666666666666,-0.410228837913889,0,0.0,1.0,1,0.0
EMP014,Carla Kelly,HR,HR Specialist,2026-05-18,1.2666666666666666,-0.44489130719260217,0,0.0,1.0,1,0.0
EMP014,Carla Kelly,HR,HR Specialist,2026-05-19,1.2666666666666666,-0.4403134103661458,0,0.0,1.0,1,0.0
EMP014,Carla Kelly,HR,HR Specialist,2026-05-20,1.2666666666666666,-0.4332583724270946,0,0.0,0.0,1,0.0
EMP014,Carla Kelly,HR,HR Specialist,2026-05-21,1.2999999999999998,-0.43316208779020926,0,0.0,0.0,1,0.0
EMP014,Carla Kelly,HR,HR Specialist,2026-05-22,2.2666666666666666,-0.4041891652365375,0,0.0,0.0,1,0.0
EMP014,Carla Kelly,HR,HR Specialist,2026-05-25,1.0,-0.40123935408832373,0,0.0,0.0,1,0.0
EMP014,Carla Kelly,HR,HR Specialist,2026-05-26,1.0,-0.4038565455818427,0,0.0,0.0,1,0.0
EMP014,Carla Kelly,HR,HR Specialist,2026-05-27,1.0,-0.4335647326353661,0,0.0,0.0,1,0.0
EMP014,Carla Kelly,HR,HR Specialist,2026-05-28,0.7666666666666666,-0.3998738628743138,0,0.0,0.0,1,0.0
EMP014,Carla Kelly,HR,HR Specialist,2026-05-29,0.5666666666666664,-0.4239187626492191,0,0.0,0.0,1,0.0
EMP014,Carla Kelly,HR,HR Specialist,2026-06-01,0.5666666666666664,-0.43763494683097254,0,0.0,0.0,1,0.0
EMP014,Carla Kelly,HR,HR Specialist,2026-06-02,1.5333333333333332,-0.45317178596473917,0,0.0,0.0,1,0.0
EMP014,Carla Kelly,HR,HR Specialist,2026-06-03,0.5333333333333332,-0.42965207511829917,0,0.0,0.0,1,0.0
EMP014,Carla Kelly,HR,HR Specialist,2026-06-04,0.5333333333333332,-0.4474034609004281,0,0.0,0.0,1,0.0
EMP014,Carla Kelly,HR,HR Specialist,2026-06-05,1.5,-0.4321379693797019,0,0.0,0.0,1,0.0
EMP014,Carla Kelly,HR,HR Specialist,2026-06-08,0.5,-0.43196290640354673,0,0.0,0.0,1,0.0
EMP014,Carla Kelly,HR,HR Specialist,2026-06-09,0.36666666666666625,0.12920146366168064,0,0.0,0.0,2,1.0
EMP014,Carla Kelly,HR,HR Specialist,2026-06-10,0.36666666666666625,-0.40089798128482124,0,0.0,0.0,2,0.0
EMP014,Carla Kelly,HR,HR Specialist,2026-06-11,4.466666666666667,0.7320833409446726,0,0.0,1.0,2,1.0
EMP014,Carla Kelly,HR,HR Specialist,2026-06-12,0.33333333333333304,-0.4331270751949783,0,0.0,1.0,2,0.0
EMP014,Carla Kelly,HR,HR Specialist,2026-06-15,0.33333333333333304,0.19744101176694537,0,0.14285714285714285,1.0,2,1.0
EMP014,Carla Kelly,HR,HR Specialist,2026-06-16,0.33333333333333304,-0.43316208779020926,0,0.0,1.0,2,0.0
EMP014,Carla Kelly,HR,HR Specialist,2026-06-17,0.33333333333333304,-0.4434032718952836,0,0.0,1.0,2,0.0
EMP014,Carla Kelly,HR,HR Specialist,2026-06-18,0.33333333333333304,-0.42120528651881484,0,0.0,1.0,1,0.0
EMP014,Carla Kelly,HR,HR Specialist,2026-06-19,0.33333333333333304,-0.43538538758737927,0,0.0,1.0,1,0.0
EMP014,Carla Kelly,HR,HR Specialist,2026-06-22,0.06666666666666643,-0.41616347280554744,0,0.0,0.0,1,0.0
EMP014,Carla Kelly,HR,HR Specialist,2026-06-23,0.06666666666666643,-0.412128271205172,0,0.0,0.0,1,0.0
EMP014,Carla Kelly,HR,HR Specialist,2026-06-24,0.06666666666666643,-0.4233323016790995,0,0.0,0.0,1,0.0
EMP014,Carla Kelly,HR,HR Specialist,2026-06-25,0.06666666666666643,-0.4316740524928908,0,0.0,0.0,1,0.0
EMP014,Carla Kelly,HR,HR Specialist,2026-06-26,0.06666666666666643,-0.3984383464698419,0,0.0,0.0,1,0.0
EMP014,Carla Kelly,HR,HR Specialist,2026-06-29,0.06666666666666643,0.06516342698413888,0,0.09090909090909091,0.0,1,1.0
EMP014,Carla Kelly,HR,HR Specialist,2026-06-30,0.06666666666666643,-0.4375649216405105,0,0.0,0.0,1,0.0
EMP014,Carla Kelly,HR,HR Specialist,2026-07-01,0.06666666666666643,-0.4512110806318018,0,0.0,0.0,1,0.0
EMP014,Carla Kelly,HR,HR Specialist,2026-07-02,0.06666666666666643,-0.4232272638934064,0,0.0,0.0,1,0.0
EMP014,Carla Kelly,HR,HR Specialist,2026-07-03,0.09999999999999964,-0.14411560786049563,0,0.0,0.0,2,1.0
EMP014,Carla Kelly,HR,HR Specialist,2026-07-06,0.09999999999999964,-0.4113930067053205,0,0.0,0.0,2,0.0
EMP014,Carla Kelly,HR,HR Specialist,2026-07-07,0.09999999999999964,0.06571487535902759,0,0.16666666666666666,0.0,2,1.0
EMP014,Carla Kelly,HR,HR Specialist,2026-07-08,1.0666666666666664,-0.4544847582859025,0,0.0,0.0,2,0.0
EMP014,Carla Kelly,HR,HR Specialist,2026-07-09,6.7,2.4997379769269275,0,0.0,0.0,2,1.0
EMP014,Carla Kelly,HR,HR Specialist,2026-07-10,0.2999999999999998,-0.42177424119131895,0,0.0,0.0,2,0.0
EMP014,Carla Kelly,HR,HR Specialist,2026-07-13,0.2999999999999998,-0.4400683221995286,0,0.0,0.0,2,0.0
EMP014,Carla Kelly,HR,HR Specialist,2026-07-14,0.33333333333333304,-0.07134192867281357,0,0.0,0.0,2,1.0
EMP014,Carla Kelly,HR,HR Specialist,2026-07-15,0.33333333333333304,-0.44784111834081586,0,0.0,0.0,2,0.0
EMP014,Carla Kelly,HR,HR Specialist,2026-07-16,0.33333333333333304,-0.4295032715885673,0,0.0,0.0,2,0.0
EMP014,Carla Kelly,HR,HR Specialist,2026-07-17,3.5,0.6372692330590611,0,0.0,1.0,2,1.0
EMP014,Carla Kelly,HR,HR Specialist,2026-07-20,0.5,1.0599850484320141,0,0.0,2.0,2,1.0
EMP014,Carla Kelly,HR,HR Specialist,2026-07-21,0.5,0.870995812523758,0,0.0,2.0,3,1.0
EMP014,Carla Kelly,HR,HR Specialist,2026-07-22,0.5,-0.3819649204136453,0,0.0,2.0,3,0.0
EMP014,Carla Kelly,HR,HR Specialist,2026-07-23,7.4,3.0369274724077115,0,0.0,2.0,2,1.0
EMP014,Carla Kelly,HR,HR Specialist,2026-07-24,0.5999999999999996,-0.32280238762202357,0,0.1111111111111111,2.0,2,1.0
EMP014,Carla Kelly,HR,HR Specialist,2026-07-27,0.5999999999999996,-0.42746378791636025,0,0.0,2.0,2,0.0
EMP014,Carla Kelly,HR,HR Specialist,2026-07-28,0.5999999999999996,-0.4178003116325978,0,0.0,1.0,2,0.0
EMP014,Carla Kelly,HR,HR Specialist,2026-07-29,0.5999999999999996,-0.43275068979624476,0,0.0,0.0,2,0.0
EMP015,Mia Sutton,HR,Recruiter,2026-04-01,0.0,0.6795441639514378,0,0.0,0.0,2,1.0
EMP015,Mia Sutton,HR,Recruiter,2026-04-02,0.5,-0.46534192137795605,0,0.0,0.0,2,0.0
EMP015,Mia Sutton,HR,Recruiter,2026-04-03,0.3333333333333339,-0.43554541488859205,0,0.0,0.0,2,0.0
EMP015,Mia Sutton,HR,Recruiter,2026-04-06,0.25,-0.45170190494341245,0,0.0,0.0,2,0.0
EMP015,Mia Sutton,HR,Recruiter,2026-04-07,6.6,2.269754903489374,0,0.0,1.0,2,1.0
EMP015,Mia Sutton,HR,Recruiter,2026-04-08,1.166666666666667,0.7410154144873289,0,0.0,1.0,3,1.0
EMP015,Mia Sutton,HR,Recruiter,2026-04-09,1.0,-0.46775810075974356,0,0.0,1.0,3,0.0
EMP015,Mia Sutton,HR,Recruiter,2026-04-10,0.875,-0.4771675238616479,0,0.0,1.0,2,0.0
EMP015,Mia Sutton,HR,Recruiter,2026-04-13,0.7777777777777777,-0.49149136464952764,0,0.0,1.0,2,0.0
EMP015,Mia Sutton,HR,Recruiter,2026-04-14,0.7000000000000002,-0.46288927136399066,0,0.0,1.0,2,0.0
EMP015,Mia Sutton,HR,Recruiter,2026-04-15,0.6363636363636367,-0.4583213246837057,0,0.0,1.0,2,0.0
EMP015,Mia Sutton,HR,Recruiter,2026-04-16,0.583333333333333,-0.44352336567751294,0,0.0,0.0,2,0.0
EMP015,Mia Sutton,HR,Recruiter,2026-04-17,0.5384615384615383,-0.46322662471163645,0,0.0,0.0,1,0.0
EMP015,Mia Sutton,HR,Recruiter,2026-04-20,0.5,-0.4382807123019364,0,0.0,0.0,1,0.0
EMP015,Mia Sutton,HR,Recruiter,2026-04-21,0.4666666666666668,-0.4726816361037633,0,0.0,0.0,1,0.0
EMP015,Mia Sutton,HR,Recruiter,2026-04-22,0.4375,1.031440176178183,0,0.0,0.0,2,1.0
EMP015,Mia Sutton,HR,Recruiter,2026-04-23,0.41176470588235325,-0.45569543916689514,0,0.0,0.0,2,0.0
EMP015,Mia Sutton,HR,Recruiter,2026-04-24,0.3888888888888893,-0.45220337613585887,0,0.0,0.0,2,0.0
EMP015,Mia Sutton,HR,Recruiter,2026-04-27,0.36842105263157876,-0.45377161331950966,0,0.0,0.0,2,0.0
EMP015,Mia Sutton,HR,Recruiter,2026-04-28,0.34999999999999964,-0.47221663554349474,0,0.0,0.0,2,0.0
EMP015,Mia Sutton,HR,Recruiter,2026-04-29,0.33333333333333304,-0.458667795689396,0,0.0,0.0,2,0.0
EMP015,Mia Sutton,HR,Recruiter,2026-04-30,0.31818181818181834,1.1906618386089551,0,0.0,0.0,3,1.0
EMP015,Mia Sutton,HR,Recruiter,2026-05-01,0.3043478260869561,1.8302290797971212,0,0.09090909090909091,0.0,2,1.0
EMP015,Mia Sutton,HR,Recruiter,2026-05-03,2.208333333333333,-0.5022775541161487,1,0.0,0.0,2,0.0
EMP015,Mia Sutton,HR,Recruiter,2026-05-04,0.20000000000000018,1.3348484829243785,0,0.0,0.0,3,1.0
EMP015,Mia Sutton,HR,Recruiter,2026-05-05,0.1923076923076925,-0.4579748536780154,0,0.0,0.0,3,0.0
EMP015,Mia Sutton,HR,Recruiter,2026-05-06,0.18518518518518512,0.1651532500559515,0,0.1111111111111111,0.0,3,1.0
EMP015,Mia Sutton,HR,Recruiter,2026-05-07,0.17857142857142883,-0.4609927984907386,0,0.0,0.0,3,0.0
EMP015,Mia Sutton,HR,Recruiter,2026-05-08,0.1724137931034484,0.07296460956820391,0,0.16666666666666666,0.0,3,1.0
EMP015,Mia Sutton,HR,Recruiter,2026-05-09,7.9,-0.5025966721477055,1,0.0,0.0,2,0.0
EMP015,Mia Sutton,HR,Recruiter,2026-05-11,0.09999999999999964,-0.48682312373075337,0,0.0,0.0,2,0.0
EMP015,Mia Sutton,HR,Recruiter,2026-05-12,0.06666666666666643,1.0998864351181024,0,0.125,0.0,2,1.0
EMP015,Mia Sutton,HR,Recruiter,2026-05-13,5.866666666666666,0.6057640750554972,0,0.0,0.0,2,1.0
EMP015,Mia Sutton,HR,Recruiter,2026-05-14,0.13333333333333375,-0.488181654779381,0,0.0,0.0,2,0.0
EMP015,Mia Sutton,HR,Recruiter,2026-05-15,0.13333333333333286,0.10084640786822684,0,0.1111111111111111,0.0,2,1.0
EMP015,Mia Sutton,HR,Recruiter,2026-05-18,0.13333333333333286,-0.4941172501663382,0,0.0,0.0,2,0.0
EMP015,Mia Sutton,HR,Recruiter,2026-05-19,0.13333333333333286,-0.4844707679552772,0,0.0,0.0,2,0.0
EMP015,Mia Sutton,HR,Recruiter,2026-05-20,0.13333333333333286,-0.37219592679553787,0,0.0,0.0,2,0.0
EMP015,Mia Sutton,HR,Recruiter,2026-05-21,0.13333333333333286,3.3009346753460442,0,0.0,0.0,1,1.0
EMP015,Mia Sutton,HR,Recruiter,2026-05-22,4.966666666666667,0.03370397402866855,0,0.0,1.0,1,1.0
EMP015,Mia Sutton,HR,Recruiter,2026-05-25,0.033333333333333215,0.747917481627001,0,0.0,1.0,2,1.0
EMP015,Mia Sutton,HR,Recruiter,2026-05-26,0.033333333333333215,-0.47786958353107295,0,0.0,1.0,2,0.0
EMP015,Mia Sutton,HR,Recruiter,2026-05-27,0.033333333333333215,0.9809009976376247,0,0.0,2.0,2,1.0
EMP015,Mia Sutton,HR,Recruiter,2026-05-28,0.033333333333333215,-0.47289134223878637,0,0.0,2.0,2,0.0
EMP015,Mia Sutton,HR,Recruiter,2026-05-29,0.033333333333333215,-0.45751897077579134,0,0.0,2.0,2,0.0
EMP015,Mia Sutton,HR,Recruiter,2026-06-01,0.033333333333333215,-0.4412165981922593,0,0.0,2.0,2,0.0
EMP015,Mia Sutton,HR,Recruiter,2026-06-02,0.033333333333333215,-0.4789545848383662,0,0.0,1.0,2,0.0
EMP015,Mia Sutton,HR,Recruiter,2026-06-03,0.033333333333333215,-0.46640868736916036,0,0.0,1.0,1,0.0
EMP015,Mia Sutton,HR,Recruiter,2026-06-04,0.033333333333333215,1.3856520735482265,0,0.0,2.0,1,1.0
EMP015,Mia Sutton,HR,Recruiter,2026-06-05,0.033333333333333215,-0.4589048547985525,0,0.0,1.0,1,0.0
EMP015,Mia Sutton,HR,Recruiter,2026-06-06,6.800000000000001,-0.5077572666008818,1,0.0,1.0,1,0.0
EMP015,Mia Sutton,HR,Recruiter,2026-06-08,0.1999999999999993,-0.4633725072403481,0,0.0,1.0,1,0.0
EMP015,Mia Sutton,HR,Recruiter,2026-06-09,0.1999999999999993,-0.43718659333659865,0,0.0,1.0,1,0.0
EMP015,Mia Sutton,HR,Recruiter,2026-06-10,7.866666666666666,1.0722234606111467,0,0.0,2.0,1,1.0
EMP015,Mia Sutton,HR,Recruiter,2026-06-11,0.13333333333333375,-0.4601175033184684,0,0.0,2.0,1,0.0
EMP015,Mia Sutton,HR,Recruiter,2026-06-12,0.13333333333333375,-0.4644848615217748,0,0.0,1.0,1,0.0
EMP015,Mia Sutton,HR,Recruiter,2026-06-15,3.7333333333333334,3.0151781545739653,0,0.0,2.0,1,1.0
EMP015,Mia Sutton,HR,Recruiter,2026-06-16,0.2666666666666666,-0.3770738738493352,0,0.14285714285714285,2.0,1,1.0
EMP015,Mia Sutton,HR,Recruiter,2026-06-17,0.2666666666666666,-0.4445445433784948,0,0.0,2.0,1,0.0
EMP015,Mia Sutton,HR,Recruiter,2026-06-18,0.5333333333333332,-0.4858566519780384,0,0.0,2.0,1,0.0
EMP015,Mia Sutton,HR,Recruiter,2026-06-19,0.5333333333333332,-0.4443895431917387,0,0.0,1.0,1,0.0
EMP015,Mia Sutton,HR,Recruiter,2026-06-20,11.166666666666668,-0.49389842637327064,1,0.0,1.0,1,0.0
EMP015,Mia Sutton,HR,Recruiter,2026-06-22,0.033333333333333215,-0.4504710211074075,0,0.0,1.0,1,0.0
EMP015,Mia Sutton,HR,Recruiter,2026-06-23,0.9333333333333336,-0.486549593989419,0,0.0,0.0,1,0.0
EMP015,Mia Sutton,HR,Recruiter,2026-06-24,0.06666666666666643,-0.47059369241157717,0,0.0,0.0,1,0.0
EMP015,Mia Sutton,HR,Recruiter,2026-06-25,0.06666666666666643,-0.46907104351814877,0,0.0,0.0,1,0.0
EMP015,Mia Sutton,HR,Recruiter,2026-06-26,0.06666666666666643,-0.46783104202409936,0,0.0,0.0,1,0.0
EMP015,Mia Sutton,HR,Recruiter,2026-06-29,0.06666666666666643,-0.46992810337433005,0,0.0,0.0,1,0.0
EMP015,Mia Sutton,HR,Recruiter,2026-06-30,0.06666666666666643,-0.4782434075108967,0,0.0,0.0,1,0.0
EMP015,Mia Sutton,HR,Recruiter,2026-07-01,0.2333333333333325,-0.44554748576338776,0,0.0,0.0,1,0.0
EMP015,Mia Sutton,HR,Recruiter,2026-07-02,0.2333333333333325,-0.44563866234383254,0,0.0,0.0,1,0.0
EMP015,Mia Sutton,HR,Recruiter,2026-07-03,0.2333333333333325,-0.4788998788900993,0,0.0,0.0,1,0.0
EMP015,Mia Sutton,HR,Recruiter,2026-07-06,0.2333333333333325,-0.4718063409314931,0,0.0,0.0,1,0.0
EMP015,Mia Sutton,HR,Recruiter,2026-07-07,0.2333333333333325,-0.4637645665362608,0,0.0,0.0,1,0.0
EMP015,Mia Sutton,HR,Recruiter,2026-07-08,0.2333333333333325,2.268186666305723,0,0.0,1.0,1,1.0
EMP015,Mia Sutton,HR,Recruiter,2026-07-09,0.2333333333333325,-0.3851885895089233,0,0.0,1.0,1,0.0
EMP015,Mia Sutton,HR,Recruiter,2026-07-10,0.2333333333333325,-0.4445992493267617,0,0.0,1.0,1,0.0
EMP015,Mia Sutton,HR,Recruiter,2026-07-13,0.2333333333333325,-0.4512277867250994,0,0.0,1.0,1,0.0
EMP015,Mia Sutton,HR,Recruiter,2026-07-14,0.2333333333333325,-0.48211841217980117,0,0.0,1.0,1,0.0
EMP015,Mia Sutton,HR,Recruiter,2026-07-15,0.2333333333333325,-0.4455748387375212,0,0.0,1.0,1,0.0
EMP015,Mia Sutton,HR,Recruiter,2026-07-16,0.0,-0.43176158680013244,0,0.0,1.0,1,0.0
EMP015,Mia Sutton,HR,Recruiter,2026-07-17,7.733333333333333,5.273047639735113,0,0.0,0.0,2,1.0
EMP015,Mia Sutton,HR,Recruiter,2026-07-20,5.533333333333333,1.0958381949463525,0,0.0,1.0,2,1.0
EMP015,Mia Sutton,HR,Recruiter,2026-07-21,0.20000000000000018,-0.4659619221249808,0,0.0,1.0,2,0.0
EMP015,Mia Sutton,HR,Recruiter,2026-07-22,1.166666666666667,1.139785306720751,0,0.0,2.0,2,1.0
EMP015,Mia Sutton,HR,Recruiter,2026-07-23,0.16666666666666696,-0.45953397320362166,0,0.0,2.0,2,0.0
EMP015,Mia Sutton,HR,Recruiter,2026-07-24,0.033333333333333215,-0.470648398359844,0,0.0,2.0,2,0.0
EMP015,Mia Sutton,HR,Recruiter,2026-07-25,6.800000000000001,-0.5037546147193547,1,0.0,2.0,2,0.0
EMP015,Mia Sutton,HR,Recruiter,2026-07-27,0.1999999999999993,-0.44919454898118016,0,0.0,2.0,1,0.0
EMP015,Mia Sutton,HR,Recruiter,2026-07-28,0.1999999999999993,-0.4720616353567385,0,0.0,1.0,1,0.0
EMP015,Mia Sutton,HR,Recruiter,2026-07-29,0.1999999999999993,-0.4729460481870532,0,0.0,1.0,1,0.0
EMP016,Danielle Ford,HR,HR Specialist,2026-04-01,0.0,3.4245053230691815,0,0.0,0.0,1,1.0
EMP016,Danielle Ford,HR,HR Specialist,2026-04-02,3.5,-0.45616892477267085,0,0.0,0.0,1,0.0
EMP016,Danielle Ford,HR,HR Specialist,2026-04-03,2.333333333333333,0.5213172061683077,0,0.0,0.0,2,1.0
EMP016,Danielle Ford,HR,HR Specialist,2026-04-06,1.75,-0.488473491430793,0,0.0,0.0,2,0.0
EMP016,Danielle Ford,HR,HR Specialist,2026-04-07,1.4000000000000004,-0.4679871972892378,0,0.0,0.0,2,0.0
EMP016,Danielle Ford,HR,HR Specialist,2026-04-08,1.166666666666667,-0.514960723620417,0,0.0,0.0,2,0.0
EMP016,Danielle Ford,HR,HR Specialist,2026-04-09,1.0,-0.4327546367042802,0,0.0,0.0,2,0.0
EMP016,Danielle Ford,HR,HR Specialist,2026-04-10,0.875,-0.48456949952834577,0,0.0,0.0,2,0.0
EMP016,Danielle Ford,HR,HR Specialist,2026-04-13,0.7777777777777777,-0.5059448215288741,0,0.0,0.0,2,0.0
EMP016,Danielle Ford,HR,HR Specialist,2026-04-14,5.6,3.1927589522659843,0,0.0,0.0,1,1.0
EMP016,Danielle Ford,HR,HR Specialist,2026-04-15,1.2727272727272725,1.8639811935288007,0,0.16666666666666666,0.0,2,1.0
EMP016,Danielle Ford,HR,HR Specialist,2026-04-16,1.166666666666667,-0.48809662092535877,0,0.0,0.0,2,0.0
EMP016,Danielle Ford,HR,HR Specialist,2026-04-17,1.0769230769230766,-0.48760379026440626,0,0.0,0.0,2,0.0
EMP016,Danielle Ford,HR,HR Specialist,2026-04-20,1.0,1.7747305271649307,0,0.0,0.0,4,1.0
EMP016,Danielle Ford,HR,HR Specialist,2026-04-21,0.9333333333333336,-0.47033539043848216,0,0.0,0.0,4,0.0
EMP016,Danielle Ford,HR,HR Specialist,2026-04-22,0.875,-0.5030458176409182,0,0.0,0.0,4,0.0
EMP016,Danielle Ford,HR,HR Specialist,2026-04-23,0.8235294117647056,-0.44700807248673013,0,0.0,0.0,4,0.0
EMP016,Danielle Ford,HR,HR Specialist,2026-04-24,0.7777777777777777,-0.49625248519680804,0,0.0,0.0,3,0.0
EMP016,Danielle Ford,HR,HR Specialist,2026-04-27,0.7368421052631575,-0.4791966789893341,0,0.0,0.0,3,0.0
EMP016,Danielle Ford,HR,HR Specialist,2026-04-28,0.7000000000000002,-0.4993640827032141,0,0.0,0.0,3,0.0
EMP016,Danielle Ford,HR,HR Specialist,2026-04-29,0.666666666666667,-0.47980546980580485,0,0.0,0.0,1,0.0
EMP016,Danielle Ford,HR,HR Specialist,2026-04-30,0.6363636363636367,-0.4630105739482468,0,0.0,0.0,1,0.0
EMP016,Danielle Ford,HR,HR Specialist,2026-05-01,1.5652173913043477,-0.4740847688002385,0,0.0,0.0,1,0.0
EMP016,Danielle Ford,HR,HR Specialist,2026-05-02,4.375,-0.2564758736239736,1,0.5,0.0,1,1.0
EMP016,Danielle Ford,HR,HR Specialist,2026-05-04,0.3600000000000003,-0.5042537359275665,0,0.0,0.0,1,0.0
EMP016,Danielle Ford,HR,HR Specialist,2026-05-05,0.3461538461538458,-0.4823082764957401,0,0.0,0.0,1,0.0
EMP016,Danielle Ford,HR,HR Specialist,2026-05-06,0.33333333333333304,-0.4690018486500224,0,0.0,0.0,1,0.0
EMP016,Danielle Ford,HR,HR Specialist,2026-05-07,0.3214285714285712,-0.5049011801292099,0,0.0,0.0,1,0.0
EMP016,Danielle Ford,HR,HR Specialist,2026-05-08,0.3103448275862073,-0.4684896912964835,0,0.0,0.0,1,0.0
EMP016,Danielle Ford,HR,HR Specialist,2026-05-11,0.2999999999999998,-0.47680983245491704,0,0.0,0.0,1,0.0
EMP016,Danielle Ford,HR,HR Specialist,2026-05-12,0.06666666666666643,-0.4571642494408691,0,0.0,0.0,1,0.0
EMP016,Danielle Ford,HR,HR Specialist,2026-05-13,0.06666666666666643,1.155783533740048,0,0.0,0.0,2,1.0
EMP016,Danielle Ford,HR,HR Specialist,2026-05-14,0.06666666666666643,-0.48149655540711245,0,0.0,0.0,2,0.0
EMP016,Danielle Ford,HR,HR Specialist,2026-05-15,0.06666666666666643,-0.4979628974907021,0,0.0,0.0,2,0.0
EMP016,Danielle Ford,HR,HR Specialist,2026-05-18,0.06666666666666643,-0.4527094467997101,0,0.0,0.0,2,0.0
EMP016,Danielle Ford,HR,HR Specialist,2026-05-19,0.06666666666666643,0.8501898705643205,0,0.0,0.0,3,1.0
EMP016,Danielle Ford,HR,HR Specialist,2026-05-20,0.06666666666666643,-0.5098391500850282,0,0.0,0.0,3,0.0
EMP016,Danielle Ford,HR,HR Specialist,2026-05-21,6.7,1.9817194047649838,0,0.0,1.0,3,1.0
EMP016,Danielle Ford,HR,HR Specialist,2026-05-22,0.2999999999999998,-0.46890521518709055,0,0.0,1.0,2,0.0
EMP016,Danielle Ford,HR,HR Specialist,2026-05-25,0.06666666666666643,-0.4864538520555171,0,0.0,1.0,2,0.0
EMP016,Danielle Ford,HR,HR Specialist,2026-05-26,0.06666666666666643,-0.46799686063553103,0,0.0,1.0,2,0.0
EMP016,Danielle Ford,HR,HR Specialist,2026-05-27,0.06666666666666643,-0.4665666853841395,0,0.0,1.0,2,0.0
EMP016,Danielle Ford,HR,HR Specialist,2026-05-28,0.06666666666666643,-0.4660448646843074,0,0.0,1.0,1,0.0
EMP016,Danielle Ford,HR,HR Specialist,2026-05-29,0.06666666666666643,-0.4669532192358669,0,0.0,1.0,1,0.0
EMP016,Danielle Ford,HR,HR Specialist,2026-06-01,7.666666666666667,3.509958294339828,0,0.0,0.0,1,1.0
EMP016,Danielle Ford,HR,HR Specialist,2026-06-02,0.33333333333333304,-0.44124871809599103,0,0.0,0.0,1,0.0
EMP016,Danielle Ford,HR,HR Specialist,2026-06-03,0.33333333333333304,-0.4886474316640704,0,0.0,0.0,1,0.0
EMP016,Danielle Ford,HR,HR Specialist,2026-06-04,0.33333333333333304,-0.46585159775844365,0,0.0,0.0,1,0.0
EMP016,Danielle Ford,HR,HR Specialist,2026-06-05,0.33333333333333304,-0.4776602069287174,0,0.0,0.0,1,0.0
EMP016,Danielle Ford,HR,HR Specialist,2026-06-08,0.33333333333333304,-0.47001650001080697,0,0.0,0.0,1,0.0
EMP016,Danielle Ford,HR,HR Specialist,2026-06-09,0.33333333333333304,-0.47209411946384205,0,0.0,0.0,1,0.0
EMP016,Danielle Ford,HR,HR Specialist,2026-06-10,0.33333333333333304,0.4873988606792234,0,0.0,0.0,2,1.0
EMP016,Danielle Ford,HR,HR Specialist,2026-06-11,0.36666666666666625,0.4363087488271467,0,0.0,1.0,2,1.0
EMP016,Danielle Ford,HR,HR Specialist,2026-06-12,0.5,0.9924536546926112,0,0.0,1.0,3,1.0
EMP016,Danielle Ford,HR,HR Specialist,2026-06-15,0.5,-0.23552573886034547,0,0.125,1.0,3,1.0
EMP016,Danielle Ford,HR,HR Specialist,2026-06-16,0.5,-0.48624125843706695,0,0.0,1.0,3,0.0
EMP016,Danielle Ford,HR,HR Specialist,2026-06-17,0.5,-0.46762965347638996,0,0.0,1.0,3,0.0
EMP016,Danielle Ford,HR,HR Specialist,2026-06-18,0.5,-0.4734663146374746,0,0.0,1.0,3,0.0
EMP016,Danielle Ford,HR,HR Specialist,2026-06-19,6.266666666666667,2.472491772957042,0,0.0,2.0,2,1.0
EMP016,Danielle Ford,HR,HR Specialist,2026-06-22,0.7333333333333334,-0.5074233135117316,0,0.0,1.0,2,0.0
EMP016,Danielle Ford,HR,HR Specialist,2026-06-23,7.0,0.5210949492035644,0,0.0,1.0,1,1.0
EMP016,Danielle Ford,HR,HR Specialist,2026-06-24,1.0,-0.5017605925839244,0,0.0,1.0,1,0.0
EMP016,Danielle Ford,HR,HR Specialist,2026-06-25,1.9666666666666668,-0.4840670055211,0,0.0,1.0,1,0.0
EMP016,Danielle Ford,HR,HR Specialist,2026-06-26,1.9333333333333336,-0.48053022077779384,0,0.0,1.0,1,0.0
EMP016,Danielle Ford,HR,HR Specialist,2026-06-29,0.9333333333333336,-0.47854923478769057,0,0.0,1.0,1,0.0
EMP016,Danielle Ford,HR,HR Specialist,2026-06-30,5.833333333333333,2.353333049815761,0,0.0,1.0,1,1.0
EMP016,Danielle Ford,HR,HR Specialist,2026-07-01,1.166666666666667,-0.44393512836549687,0,0.0,1.0,1,0.0
EMP016,Danielle Ford,HR,HR Specialist,2026-07-02,0.9333333333333336,0.26671702138172526,0,0.1111111111111111,1.0,1,1.0
EMP016,Danielle Ford,HR,HR Specialist,2026-07-03,6.8,1.3183210183914433,0,0.0,1.0,1,1.0
EMP016,Danielle Ford,HR,HR Specialist,2026-07-06,1.2000000000000002,0.2503666394536538,0,0.125,1.0,1,1.0
EMP016,Danielle Ford,HR,HR Specialist,2026-07-07,1.2000000000000002,-0.45929984897166326,0,0.0,1.0,1,0.0
EMP016,Danielle Ford,HR,HR Specialist,2026-07-08,1.2000000000000002,-0.48648284209439663,0,0.0,1.0,1,0.0
EMP016,Danielle Ford,HR,HR Specialist,2026-07-09,1.2000000000000002,-0.49539244737671445,0,0.0,0.0,1,0.0
EMP016,Danielle Ford,HR,HR Specialist,2026-07-10,1.2000000000000002,-0.48245322669013785,0,0.0,0.0,1,0.0
EMP016,Danielle Ford,HR,HR Specialist,2026-07-13,0.9333333333333336,-0.5089211321871755,0,0.0,0.0,1,0.0
EMP016,Danielle Ford,HR,HR Specialist,2026-07-14,0.9333333333333336,-0.4358179174792203,0,0.0,0.0,1,0.0
EMP016,Danielle Ford,HR,HR Specialist,2026-07-15,0.9333333333333336,-0.4985330349220001,0,0.0,0.0,1,0.0
EMP016,Danielle Ford,HR,HR Specialist,2026-07-16,0.9333333333333336,-0.465146173479041,0,0.0,0.0,1,0.0
EMP016,Danielle Ford,HR,HR Specialist,2026-07-17,2.9333333333333336,2.03107977763058,0,0.0,1.0,1,1.0
EMP016,Danielle Ford,HR,HR Specialist,2026-07-20,1.0666666666666664,-0.4845598361820525,0,0.0,1.0,1,0.0
EMP016,Danielle Ford,HR,HR Specialist,2026-07-21,1.0666666666666664,-0.46206356601151455,0,0.0,1.0,1,0.0
EMP016,Danielle Ford,HR,HR Specialist,2026-07-22,1.0666666666666664,-0.4466022119424163,0,0.0,1.0,1,0.0
EMP016,Danielle Ford,HR,HR Specialist,2026-07-23,1.0666666666666664,-0.46909848211295424,0,0.0,1.0,1,0.0
EMP016,Danielle Ford,HR,HR Specialist,2026-07-24,6.666666666666667,2.137212309968646,0,0.0,2.0,1,1.0
EMP016,Danielle Ford,HR,HR Specialist,2026-07-27,1.333333333333333,-0.48395104536558176,0,0.0,2.0,1,0.0
EMP016,Danielle Ford,HR,HR Specialist,2026-07-28,1.333333333333333,-0.46043046048796604,0,0.0,1.0,1,0.0
EMP016,Danielle Ford,HR,HR Specialist,2026-07-29,1.333333333333333,-0.5053263673661101,0,0.0,1.0,1,0.0
EMP017,Sarah Parsons,HR,Recruiter,2026-04-01,0.0,-0.47321259098804397,0,0.0,0.0,1,0.0
EMP017,Sarah Parsons,HR,Recruiter,2026-04-02,0.0,2.7439484558029625,0,0.0,1.0,1,1.0
EMP017,Sarah Parsons,HR,Recruiter,2026-04-03,0.0,-0.4563300769917321,0,0.0,1.0,1,0.0
EMP017,Sarah Parsons,HR,Recruiter,2026-04-06,0.0,-0.47550527807396287,0,0.0,1.0,1,0.0
EMP017,Sarah Parsons,HR,Recruiter,2026-04-07,0.0,0.03499102863653061,0,0.0,1.0,2,1.0
EMP017,Sarah Parsons,HR,Recruiter,2026-04-08,0.0,-0.46121940589086974,0,0.0,1.0,2,0.0
EMP017,Sarah Parsons,HR,Recruiter,2026-04-09,0.0,-0.4722486202814644,0,0.0,1.0,2,0.0
EMP017,Sarah Parsons,HR,Recruiter,2026-04-10,0.0,-0.4747844711492232,0,0.0,1.0,2,0.0
EMP017,Sarah Parsons,HR,Recruiter,2026-04-13,0.0,-0.4649276535639279,0,0.0,0.0,2,0.0
EMP017,Sarah Parsons,HR,Recruiter,2026-04-14,0.0,-0.4882540077789967,0,0.0,0.0,2,0.0
EMP017,Sarah Parsons,HR,Recruiter,2026-04-15,0.0,-0.48433733400721857,0,0.0,0.0,2,0.0
EMP017,Sarah Parsons,HR,Recruiter,2026-04-16,0.0,-0.47722479338840207,0,0.0,0.0,1,0.0
EMP017,Sarah Parsons,HR,Recruiter,2026-04-17,0.0,0.8245525126914095,0,0.0,0.0,2,1.0
EMP017,Sarah Parsons,HR,Recruiter,2026-04-20,0.0,-0.07758511793455493,0,0.1111111111111111,0.0,2,1.0
EMP017,Sarah Parsons,HR,Recruiter,2026-04-21,0.0,0.3698970315962889,0,0.0,0.0,3,1.0
EMP017,Sarah Parsons,HR,Recruiter,2026-04-22,0.0,-0.49289148847551445,0,0.0,0.0,3,0.0
EMP017,Sarah Parsons,HR,Recruiter,2026-04-23,0.0,-0.44921753637291556,0,0.0,0.0,3,0.0
EMP017,Sarah Parsons,HR,Recruiter,2026-04-24,5.666666666666667,1.9965585190557438,0,0.0,1.0,3,1.0
EMP017,Sarah Parsons,HR,Recruiter,2026-04-27,0.3157894736842106,-0.4529865749914337,0,0.0,1.0,3,0.0
EMP017,Sarah Parsons,HR,Recruiter,2026-04-28,0.2999999999999998,-0.3241879304033159,0,0.14285714285714285,1.0,2,1.0
EMP017,Sarah Parsons,HR,Recruiter,2026-04-29,0.2857142857142856,-0.49169303840787504,0,0.0,1.0,2,0.0
EMP017,Sarah Parsons,HR,Recruiter,2026-04-30,0.2727272727272725,-0.4541329185343932,0,0.0,1.0,1,0.0
EMP017,Sarah Parsons,HR,Recruiter,2026-05-01,0.2608695652173916,-0.46775877473820665,0,0.0,1.0,1,0.0
EMP017,Sarah Parsons,HR,Recruiter,2026-05-04,0.25,-0.4831649372019191,0,0.0,1.0,1,0.0
EMP017,Sarah Parsons,HR,Recruiter,2026-05-05,1.2000000000000002,-0.48719450844383727,0,0.0,0.0,1,0.0
EMP017,Sarah Parsons,HR,Recruiter,2026-05-06,0.1923076923076925,-0.49040774413243565,0,0.0,0.0,1,0.0
EMP017,Sarah Parsons,HR,Recruiter,2026-05-07,0.18518518518518512,-0.4892787694310362,0,0.0,0.0,1,0.0
EMP017,Sarah Parsons,HR,Recruiter,2026-05-08,0.17857142857142883,-0.44911332332355564,0,0.0,0.0,1,0.0
EMP017,Sarah Parsons,HR,Recruiter,2026-05-11,7.551724137931035,2.33549409325742,0,0.0,1.0,1,1.0
EMP017,Sarah Parsons,HR,Recruiter,2026-05-12,0.43333333333333357,-0.018887117882563344,0,0.16666666666666666,1.0,1,1.0
EMP017,Sarah Parsons,HR,Recruiter,2026-05-13,0.43333333333333357,-0.48434601842799857,0,0.0,1.0,1,0.0
EMP017,Sarah Parsons,HR,Recruiter,2026-05-14,0.43333333333333357,1.6336713123428388,0,0.0,2.0,1,1.0
EMP017,Sarah Parsons,HR,Recruiter,2026-05-15,0.43333333333333357,-0.47447183200114335,0,0.0,2.0,1,0.0
EMP017,Sarah Parsons,HR,Recruiter,2026-05-18,0.43333333333333357,-0.48376416223573887,0,0.0,2.0,1,0.0
EMP017,Sarah Parsons,HR,Recruiter,2026-05-19,0.43333333333333357,0.07064926035919335,0,0.0,2.0,2,1.0
EMP017,Sarah Parsons,HR,Recruiter,2026-05-20,0.43333333333333357,1.909062979697286,0,0.0,2.0,2,1.0
EMP017,Sarah Parsons,HR,Recruiter,2026-05-21,0.43333333333333357,-0.4716320264060847,0,0.0,2.0,2,0.0
EMP017,Sarah Parsons,HR,Recruiter,2026-05-22,0.43333333333333357,-0.4665429558290071,0,0.0,2.0,2,0.0
EMP017,Sarah Parsons,HR,Recruiter,2026-05-25,6.333333333333333,2.616973539578644,0,0.0,2.0,2,1.0
EMP017,Sarah Parsons,HR,Recruiter,2026-05-26,1.6333333333333337,-0.48762872948283703,0,0.0,2.0,2,0.0
EMP017,Sarah Parsons,HR,Recruiter,2026-05-27,0.6333333333333337,0.12405844815616776,0,0.09090909090909091,2.0,2,1.0
EMP017,Sarah Parsons,HR,Recruiter,2026-05-28,0.6333333333333337,1.3008843080533996,0,0.0,3.0,1,1.0
EMP017,Sarah Parsons,HR,Recruiter,2026-05-29,0.6333333333333337,-0.4416707747150992,0,0.0,2.0,1,0.0
EMP017,Sarah Parsons,HR,Recruiter,2026-06-01,0.6333333333333337,-0.4694001302656258,0,0.0,2.0,1,0.0
EMP017,Sarah Parsons,HR,Recruiter,2026-06-02,1.5999999999999996,-0.48676028740483746,0,0.0,2.0,1,0.0
EMP017,Sarah Parsons,HR,Recruiter,2026-06-03,1.5666666666666664,1.2093939351361438,0,0.0,1.0,2,1.0
EMP017,Sarah Parsons,HR,Recruiter,2026-06-04,1.5333333333333332,-0.4730736402555641,0,0.0,1.0,2,0.0
EMP017,Sarah Parsons,HR,Recruiter,2026-06-05,0.33333333333333304,-0.48968693720769607,0,0.0,1.0,2,0.0
EMP017,Sarah Parsons,HR,Recruiter,2026-06-08,0.33333333333333304,-0.47449788526348335,0,0.0,0.0,2,0.0
EMP017,Sarah Parsons,HR,Recruiter,2026-06-09,6.433333333333334,3.6188691117044205,0,0.0,0.0,2,1.0
EMP017,Sarah Parsons,HR,Recruiter,2026-06-10,0.5666666666666664,-0.49010378940513577,0,0.0,0.0,2,0.0
EMP017,Sarah Parsons,HR,Recruiter,2026-06-11,0.5666666666666664,-0.3478442926080245,0,0.1111111111111111,0.0,2,1.0
EMP017,Sarah Parsons,HR,Recruiter,2026-06-12,0.5666666666666664,-0.4885145404023966,0,0.0,0.0,1,0.0
EMP017,Sarah Parsons,HR,Recruiter,2026-06-15,0.5666666666666664,-0.4537160663369534,0,0.0,0.0,1,0.0
EMP017,Sarah Parsons,HR,Recruiter,2026-06-16,3.2666666666666666,1.1404830562468768,0,0.0,1.0,2,1.0
EMP017,Sarah Parsons,HR,Recruiter,2026-06-17,0.7333333333333334,-0.4630605030962288,0,0.0,1.0,2,0.0
EMP017,Sarah Parsons,HR,Recruiter,2026-06-18,0.7333333333333334,-0.5006727294943907,0,0.0,1.0,2,0.0
EMP017,Sarah Parsons,HR,Recruiter,2026-06-19,0.7333333333333334,-0.48543157102549805,0,0.0,1.0,2,0.0
EMP017,Sarah Parsons,HR,Recruiter,2026-06-20,5.3,-0.50203618355685,1,0.0,1.0,2,0.0
EMP017,Sarah Parsons,HR,Recruiter,2026-06-22,0.2999999999999998,-0.2998020768530877,0,0.1111111111111111,1.0,2,1.0
EMP017,Sarah Parsons,HR,Recruiter,2026-06-23,0.2999999999999998,-0.4868992381373174,0,0.0,1.0,2,0.0
EMP017,Sarah Parsons,HR,Recruiter,2026-06-24,0.2999999999999998,-0.4788922021781612,0,0.0,0.0,1,0.0
EMP017,Sarah Parsons,HR,Recruiter,2026-06-25,1.2666666666666666,-0.47446314758036334,0,0.0,0.0,1,0.0
EMP017,Sarah Parsons,HR,Recruiter,2026-06-26,0.2666666666666666,-0.48920060964401624,0,0.0,0.0,1,0.0
EMP017,Sarah Parsons,HR,Recruiter,2026-06-29,0.2666666666666666,-0.4773897973832219,0,0.0,0.0,1,0.0
EMP017,Sarah Parsons,HR,Recruiter,2026-06-30,0.2666666666666666,-0.4983713579876919,0,0.0,0.0,1,0.0
EMP017,Sarah Parsons,HR,Recruiter,2026-07-01,0.2666666666666666,-0.4872031928646172,0,0.0,0.0,1,0.0
EMP017,Sarah Parsons,HR,Recruiter,2026-07-02,0.2666666666666666,-0.46263496647800906,0,0.0,0.0,1,0.0
EMP017,Sarah Parsons,HR,Recruiter,2026-07-03,0.033333333333333215,-0.4517012807159944,0,0.0,0.0,1,0.0
EMP017,Sarah Parsons,HR,Recruiter,2026-07-06,0.06666666666666643,-0.48385100644353884,0,0.0,0.0,1,0.0
EMP017,Sarah Parsons,HR,Recruiter,2026-07-07,0.06666666666666643,-0.498067403260392,0,0.0,0.0,1,0.0
EMP017,Sarah Parsons,HR,Recruiter,2026-07-08,0.06666666666666643,2.597824391758754,0,0.0,0.0,1,1.0
EMP017,Sarah Parsons,HR,Recruiter,2026-07-09,0.06666666666666643,-0.4853013047137981,0,0.0,0.0,1,0.0
EMP017,Sarah Parsons,HR,Recruiter,2026-07-10,0.06666666666666643,0.33221532983188723,0,0.0,0.0,2,1.0
EMP017,Sarah Parsons,HR,Recruiter,2026-07-13,0.09999999999999964,-0.4747497334661032,0,0.0,0.0,2,0.0
EMP017,Sarah Parsons,HR,Recruiter,2026-07-14,0.13333333333333375,-0.47457604505050327,0,0.0,0.0,2,0.0
EMP017,Sarah Parsons,HR,Recruiter,2026-07-15,0.16666666666666696,-0.48753320085425705,0,0.0,0.0,2,0.0
EMP017,Sarah Parsons,HR,Recruiter,2026-07-16,0.16666666666666696,-0.50203618355685,0,0.0,0.0,2,0.0
EMP017,Sarah Parsons,HR,Recruiter,2026-07-17,0.16666666666666696,-0.48416364559161873,0,0.0,0.0,2,0.0
EMP017,Sarah Parsons,HR,Recruiter,2026-07-20,0.06666666666666643,-0.47736374412088195,0,0.0,0.0,2,0.0
EMP017,Sarah Parsons,HR,Recruiter,2026-07-21,0.9000000000000004,-0.4933430783560742,0,0.0,0.0,1,0.0
EMP017,Sarah Parsons,HR,Recruiter,2026-07-22,0.09999999999999964,0.3051459902606403,0,0.09090909090909091,0.0,2,1.0
EMP017,Sarah Parsons,HR,Recruiter,2026-07-23,0.09999999999999964,3.4693147014521135,0,0.0,0.0,2,1.0
EMP017,Sarah Parsons,HR,Recruiter,2026-07-24,0.09999999999999964,-0.48312151509801915,0,0.0,0.0,2,0.0
EMP017,Sarah Parsons,HR,Recruiter,2026-07-27,7.966666666666667,2.0110007108128762,0,0.0,0.0,2,1.0
EMP017,Sarah Parsons,HR,Recruiter,2026-07-28,0.033333333333333215,-0.458648817339991,0,0.0,0.0,2,0.0
EMP017,Sarah Parsons,HR,Recruiter,2026-07-29,0.033333333333333215,-0.4442761009490979,0,0.0,0.0,2,0.0
EMP018,Andrew Stewart,HR,Recruiter,2026-04-01,0.0,-0.48560094567384954,0,0.0,0.0,1,0.0
EMP018,Andrew Stewart,HR,Recruiter,2026-04-02,0.0,-0.49744656828340833,0,0.0,0.0,1,0.0
EMP018,Andrew Stewart,HR,Recruiter,2026-04-03,0.0,-0.46234045036780685,0,0.0,0.0,1,0.0
EMP018,Andrew Stewart,HR,Recruiter,2026-04-04,6.0,-0.517484131204123,1,0.0,0.0,1,0.0
EMP018,Andrew Stewart,HR,Recruiter,2026-04-06,1.5999999999999996,-0.4759783002942664,0,0.0,0.0,1,0.0
EMP018,Andrew Stewart,HR,Recruiter,2026-04-07,6.333333333333334,1.5700376350349394,0,0.0,0.0,2,1.0
EMP018,Andrew Stewart,HR,Recruiter,2026-04-08,0.2857142857142865,-0.44437971738513166,0,0.0,0.0,2,0.0
EMP018,Andrew Stewart,HR,Recruiter,2026-04-09,0.625,-0.4757936931886629,0,0.0,0.0,2,0.0
EMP018,Andrew Stewart,HR,Recruiter,2026-04-10,0.3333333333333339,-0.47246307332506615,0,0.0,0.0,2,0.0
EMP018,Andrew Stewart,HR,Recruiter,2026-04-13,0.3000000000000007,-0.47967813436907014,0,0.0,0.0,2,0.0
EMP018,Andrew Stewart,HR,Recruiter,2026-04-14,0.2727272727272734,-0.489423851152389,0,0.0,0.0,2,0.0
EMP018,Andrew Stewart,HR,Recruiter,2026-04-15,0.25,-0.47058623441809716,0,0.0,0.0,2,0.0
EMP018,Andrew Stewart,HR,Recruiter,2026-04-16,7.615384615384615,1.76885179580719,0,0.0,1.0,1,1.0
EMP018,Andrew Stewart,HR,Recruiter,2026-04-17,0.35714285714285676,-0.4747091264432423,0,0.0,1.0,1,0.0
EMP018,Andrew Stewart,HR,Recruiter,2026-04-20,4.333333333333333,0.2592348816971926,0,0.0,1.0,1,1.0
EMP018,Andrew Stewart,HR,Recruiter,2026-04-21,0.625,-0.45768681291405156,0,0.0,1.0,1,0.0
EMP018,Andrew Stewart,HR,Recruiter,2026-04-22,0.5882352941176467,-0.4915160650158954,0,0.0,1.0,1,0.0
EMP018,Andrew Stewart,HR,Recruiter,2026-04-23,0.5555555555555554,-0.5013617773147495,0,0.0,1.0,1,0.0
EMP018,Andrew Stewart,HR,Recruiter,2026-04-24,0.5263157894736841,-0.48850850758710485,0,0.0,1.0,1,0.0
EMP018,Andrew Stewart,HR,Recruiter,2026-04-27,0.5,-0.1926910047829416,0,0.0,0.0,2,1.0
EMP018,Andrew Stewart,HR,Recruiter,2026-04-28,6.190476190476191,0.055720931694786105,0,0.0,1.0,2,1.0
EMP018,Andrew Stewart,HR,Recruiter,2026-04-29,0.7727272727272725,-0.4670094717470291,0,0.0,1.0,2,0.0
EMP018,Andrew Stewart,HR,Recruiter,2026-04-30,0.7391304347826084,-0.49776193875548097,0,0.0,1.0,2,0.0
EMP018,Andrew Stewart,HR,Recruiter,2026-05-01,0.708333333333333,-0.45241012647888457,0,0.0,1.0,2,0.0
EMP018,Andrew Stewart,HR,Recruiter,2026-05-04,0.6799999999999997,-0.46354039655422963,0,0.0,1.0,2,0.0
EMP018,Andrew Stewart,HR,Recruiter,2026-05-05,0.6538461538461542,-0.4934775155129328,0,0.0,1.0,2,0.0
EMP018,Andrew Stewart,HR,Recruiter,2026-05-06,0.6296296296296298,-0.48358565143767784,0,0.0,1.0,1,0.0
EMP018,Andrew Stewart,HR,Recruiter,2026-05-07,0.6071428571428568,-0.4874239408416843,0,0.0,0.0,1,0.0
EMP018,Andrew Stewart,HR,Recruiter,2026-05-08,0.5862068965517242,-0.45858677255386876,0,0.0,0.0,1,0.0
EMP018,Andrew Stewart,HR,Recruiter,2026-05-11,0.5666666666666664,-0.48313182563640256,0,0.0,0.0,1,0.0
EMP018,Andrew Stewart,HR,Recruiter,2026-05-12,0.5666666666666664,-0.4946466938484217,0,0.0,0.0,1,0.0
EMP018,Andrew Stewart,HR,Recruiter,2026-05-13,0.5666666666666664,-0.47220154659212793,0,0.0,0.0,1,0.0
EMP018,Andrew Stewart,HR,Recruiter,2026-05-14,0.5666666666666664,0.849185347466887,0,0.0,1.0,1,1.0
EMP018,Andrew Stewart,HR,Recruiter,2026-05-15,4.966666666666667,1.3754617457288365,0,0.0,2.0,1,1.0
EMP018,Andrew Stewart,HR,Recruiter,2026-05-18,1.0333333333333332,-0.49050072593507615,0,0.0,2.0,1,0.0
EMP018,Andrew Stewart,HR,Recruiter,2026-05-19,0.833333333333333,-0.3797133866847676,0,0.125,2.0,1,1.0
EMP018,Andrew Stewart,HR,Recruiter,2026-05-20,0.833333333333333,-0.4645326597468486,0,0.0,2.0,1,0.0
EMP018,Andrew Stewart,HR,Recruiter,2026-05-21,0.8666666666666663,-0.5009541032898751,0,0.0,2.0,1,0.0
EMP018,Andrew Stewart,HR,Recruiter,2026-05-22,0.8666666666666663,-0.4426336418446318,0,0.0,2.0,1,0.0
EMP018,Andrew Stewart,HR,Recruiter,2026-05-25,3.0,0.5478450154200855,0,0.0,2.0,1,1.0
EMP018,Andrew Stewart,HR,Recruiter,2026-05-26,1.0,-0.4669017842687603,0,0.0,1.0,1,0.0
EMP018,Andrew Stewart,HR,Recruiter,2026-05-27,3.833333333333333,2.1994401776646515,0,0.0,1.0,1,1.0
EMP018,Andrew Stewart,HR,Recruiter,2026-05-28,1.8666666666666663,-0.49800038960021886,0,0.0,1.0,1,0.0
EMP018,Andrew Stewart,HR,Recruiter,2026-05-29,3.966666666666667,1.6769328411421074,0,0.0,2.0,1,1.0
EMP018,Andrew Stewart,HR,Recruiter,2026-06-01,0.8666666666666663,-0.47593984048059895,0,0.0,2.0,1,0.0
EMP018,Andrew Stewart,HR,Recruiter,2026-06-02,4.933333333333334,1.82314166878009,0,0.0,2.0,1,1.0
EMP018,Andrew Stewart,HR,Recruiter,2026-06-03,1.0666666666666664,2.4786968847036333,0,0.0,2.0,1,1.0
EMP018,Andrew Stewart,HR,Recruiter,2026-06-04,1.0666666666666664,-0.33429234674356983,0,0.125,2.0,1,1.0
EMP018,Andrew Stewart,HR,Recruiter,2026-06-05,1.0666666666666664,-0.48968537788532723,0,0.0,2.0,1,0.0
EMP018,Andrew Stewart,HR,Recruiter,2026-06-08,1.0666666666666664,-0.4844933030402284,0,0.0,2.0,1,0.0
EMP018,Andrew Stewart,HR,Recruiter,2026-06-09,0.833333333333333,-0.46678640482775813,0,0.0,1.0,1,0.0
EMP018,Andrew Stewart,HR,Recruiter,2026-06-10,0.833333333333333,-0.43711850456472684,0,0.0,1.0,1,0.0
EMP018,Andrew Stewart,HR,Recruiter,2026-06-11,0.833333333333333,0.5384069771461059,0,0.0,1.0,2,1.0
EMP018,Andrew Stewart,HR,Recruiter,2026-06-12,0.833333333333333,-0.484085629015354,0,0.0,0.0,2,0.0
EMP018,Andrew Stewart,HR,Recruiter,2026-06-15,0.833333333333333,-0.49008535994746827,0,0.0,0.0,2,0.0
EMP018,Andrew Stewart,HR,Recruiter,2026-06-16,0.833333333333333,-0.43098031830341005,0,0.0,0.0,2,0.0
EMP018,Andrew Stewart,HR,Recruiter,2026-06-17,0.833333333333333,-0.4969235148175317,0,0.0,0.0,2,0.0
EMP018,Andrew Stewart,HR,Recruiter,2026-06-18,0.833333333333333,-0.486570132978268,0,0.0,0.0,2,0.0
EMP018,Andrew Stewart,HR,Recruiter,2026-06-19,5.933333333333334,0.11154919721438199,0,0.0,0.0,2,1.0
EMP018,Andrew Stewart,HR,Recruiter,2026-06-22,1.0666666666666664,-0.4772320902198236,0,0.0,0.0,1,0.0
EMP018,Andrew Stewart,HR,Recruiter,2026-06-23,6.666666666666667,-0.04719752967917258,0,0.0,1.0,1,1.0
EMP018,Andrew Stewart,HR,Recruiter,2026-06-24,1.333333333333333,-0.4922852612892434,0,0.0,1.0,1,0.0
EMP018,Andrew Stewart,HR,Recruiter,2026-06-25,1.333333333333333,-0.45986363836762634,0,0.0,1.0,1,0.0
EMP018,Andrew Stewart,HR,Recruiter,2026-06-26,1.1333333333333337,-0.48613169110245963,0,0.0,1.0,1,0.0
EMP018,Andrew Stewart,HR,Recruiter,2026-06-29,2.0999999999999996,-0.48352411573581,0,0.0,1.0,1,0.0
EMP018,Andrew Stewart,HR,Recruiter,2026-06-30,1.0999999999999996,-0.4828472230152638,0,0.0,1.0,1,0.0
EMP018,Andrew Stewart,HR,Recruiter,2026-07-01,1.0999999999999996,-0.45795603160972337,0,0.0,1.0,1,0.0
EMP018,Andrew Stewart,HR,Recruiter,2026-07-02,6.633333333333334,4.5362969159094595,0,0.0,1.0,1,1.0
EMP018,Andrew Stewart,HR,Recruiter,2026-07-03,2.333333333333333,-0.4624327539206086,0,0.0,1.0,1,0.0
EMP018,Andrew Stewart,HR,Recruiter,2026-07-06,1.2000000000000002,-0.4768167242322157,0,0.0,1.0,1,0.0
EMP018,Andrew Stewart,HR,Recruiter,2026-07-07,1.2000000000000002,0.9743258891778688,0,0.125,1.0,2,1.0
EMP018,Andrew Stewart,HR,Recruiter,2026-07-08,1.0333333333333332,-0.4753014075737202,0,0.0,1.0,2,0.0
EMP018,Andrew Stewart,HR,Recruiter,2026-07-09,1.0666666666666664,-0.487677775611889,0,0.0,1.0,2,0.0
EMP018,Andrew Stewart,HR,Recruiter,2026-07-10,1.8666666666666663,-0.48753162831995295,0,0.0,1.0,2,0.0
EMP018,Andrew Stewart,HR,Recruiter,2026-07-13,0.8666666666666663,-0.467040239597963,0,0.0,0.0,2,0.0
EMP018,Andrew Stewart,HR,Recruiter,2026-07-14,0.666666666666667,-0.4878469987920256,0,0.0,0.0,2,0.0
EMP018,Andrew Stewart,HR,Recruiter,2026-07-15,0.666666666666667,-0.4942697876744812,0,0.0,0.0,2,0.0
EMP018,Andrew Stewart,HR,Recruiter,2026-07-16,1.6333333333333337,-0.4798781254001406,0,0.0,0.0,1,0.0
EMP018,Andrew Stewart,HR,Recruiter,2026-07-17,3.2333333333333334,1.216876550052685,0,0.0,1.0,1,1.0
EMP018,Andrew Stewart,HR,Recruiter,2026-07-20,0.7666666666666666,-0.43666467876345155,0,0.0,1.0,1,0.0
EMP018,Andrew Stewart,HR,Recruiter,2026-07-21,0.7666666666666666,-0.47289382323814105,0,0.0,1.0,1,0.0
EMP018,Andrew Stewart,HR,Recruiter,2026-07-22,4.066666666666666,3.044063837577126,0,0.0,3.0,1,1.0
EMP018,Andrew Stewart,HR,Recruiter,2026-07-23,0.9333333333333336,1.1248883677230013,0,0.0,3.0,1,1.0
EMP018,Andrew Stewart,HR,Recruiter,2026-07-24,1.9000000000000004,2.14558874656756,0,0.0,3.0,1,1.0
EMP018,Andrew Stewart,HR,Recruiter,2026-07-27,0.9000000000000004,2.688518244147493,0,0.0,3.0,1,1.0
EMP018,Andrew Stewart,HR,Recruiter,2026-07-28,0.9000000000000004,-0.42994959529712373,0,0.0,2.0,1,0.0
EMP018,Andrew Stewart,HR,Recruiter,2026-07-29,0.9000000000000004,-0.48810083356223044,0,0.0,2.0,1,0.0
EMP019,Daniel Hahn,HR,HR Specialist,2026-04-01,0.0,-0.4676439913274672,0,0.0,0.0,1,0.0
EMP019,Daniel Hahn,HR,HR Specialist,2026-04-02,0.0,-0.4840865608241863,0,0.0,0.0,1,0.0
EMP019,Daniel Hahn,HR,HR Specialist,2026-04-03,0.0,-0.44473800282223386,0,0.0,0.0,1,0.0
EMP019,Daniel Hahn,HR,HR Specialist,2026-04-06,0.0,-0.4159673443377786,0,0.0,0.0,1,0.0
EMP019,Daniel Hahn,HR,HR Specialist,2026-04-07,0.0,-0.46938650452809993,0,0.0,0.0,1,0.0
EMP019,Daniel Hahn,HR,HR Specialist,2026-04-08,6.666666666666667,1.4405998701054918,0,0.0,1.0,1,1.0
EMP019,Daniel Hahn,HR,HR Specialist,2026-04-09,4.857142857142857,1.1044176426970829,0,0.0,2.0,1,1.0
EMP019,Daniel Hahn,HR,HR Specialist,2026-04-10,1.875,-0.4635909209753347,0,0.0,2.0,1,0.0
EMP019,Daniel Hahn,HR,HR Specialist,2026-04-13,1.666666666666667,-0.4383129651617512,0,0.0,2.0,1,0.0
EMP019,Daniel Hahn,HR,HR Specialist,2026-04-14,1.5,-0.46702988975896226,0,0.0,2.0,1,0.0
EMP019,Daniel Hahn,HR,HR Specialist,2026-04-15,5.0,1.4277574710541332,0,0.0,3.0,1,1.0
EMP019,Daniel Hahn,HR,HR Specialist,2026-04-16,2.75,-0.446319314361134,0,0.0,3.0,1,0.0
EMP019,Daniel Hahn,HR,HR Specialist,2026-04-17,1.615384615384615,-0.46579401035234613,0,0.0,2.0,1,0.0
EMP019,Daniel Hahn,HR,HR Specialist,2026-04-20,1.5,-0.09586690175459185,0,0.14285714285714285,1.0,1,1.0
EMP019,Daniel Hahn,HR,HR Specialist,2026-04-21,2.333333333333333,-0.4714514210521976,0,0.0,1.0,1,0.0
EMP019,Daniel Hahn,HR,HR Specialist,2026-04-22,1.25,-0.47043047719455827,0,0.0,1.0,1,0.0
EMP019,Daniel Hahn,HR,HR Specialist,2026-04-23,1.1764705882352944,-0.4626313872745458,0,0.0,1.0,1,0.0
EMP019,Daniel Hahn,HR,HR Specialist,2026-04-24,1.1111111111111107,-0.4627235025098215,0,0.0,0.0,1,0.0
EMP019,Daniel Hahn,HR,HR Specialist,2026-04-27,2.7368421052631575,2.7771458763388006,0,0.0,1.0,2,1.0
EMP019,Daniel Hahn,HR,HR Specialist,2026-04-28,1.2000000000000002,-0.03527810575197576,0,0.16666666666666666,1.0,2,1.0
EMP019,Daniel Hahn,HR,HR Specialist,2026-04-29,1.1428571428571432,-0.4501267440858645,0,0.0,1.0,2,0.0
EMP019,Daniel Hahn,HR,HR Specialist,2026-04-30,1.0909090909090908,-0.4684883809841615,0,0.0,1.0,2,0.0
EMP019,Daniel Hahn,HR,HR Specialist,2026-05-01,1.0434782608695654,-0.43620199102001556,0,0.0,1.0,2,0.0
EMP019,Daniel Hahn,HR,HR Specialist,2026-05-04,1.0,-0.4460736737337321,0,0.0,1.0,2,0.0
EMP019,Daniel Hahn,HR,HR Specialist,2026-05-05,0.96,-0.45554619042792044,0,0.0,1.0,2,0.0
EMP019,Daniel Hahn,HR,HR Specialist,2026-05-06,0.9230769230769234,-0.4481309139882235,0,0.0,0.0,1,0.0
EMP019,Daniel Hahn,HR,HR Specialist,2026-05-07,0.8888888888888893,-0.46617782383266165,0,0.0,0.0,1,0.0
EMP019,Daniel Hahn,HR,HR Specialist,2026-05-08,5.892857142857143,2.5060814440007313,0,0.09090909090909091,0.0,1,1.0
EMP019,Daniel Hahn,HR,HR Specialist,2026-05-11,1.068965517241379,-0.45579183105532234,0,0.0,0.0,1,0.0
EMP019,Daniel Hahn,HR,HR Specialist,2026-05-12,1.0333333333333332,-0.4622245449854113,0,0.0,0.0,1,0.0
EMP019,Daniel Hahn,HR,HR Specialist,2026-05-13,1.0333333333333332,-0.3612355420447781,0,0.2,0.0,1,1.0
EMP019,Daniel Hahn,HR,HR Specialist,2026-05-14,1.0333333333333332,-0.46686868809722976,0,0.0,0.0,1,0.0
EMP019,Daniel Hahn,HR,HR Specialist,2026-05-15,2.0,2.199990193449063,0,0.0,1.0,1,1.0
EMP019,Daniel Hahn,HR,HR Specialist,2026-05-16,8.733333333333334,-0.4934823148223115,1,0.0,1.0,1,0.0
EMP019,Daniel Hahn,HR,HR Specialist,2026-05-18,6.033333333333333,3.2400019047905615,0,0.0,1.0,2,1.0
EMP019,Daniel Hahn,HR,HR Specialist,2026-05-19,0.7000000000000002,-0.1600174868545365,0,0.0,1.0,3,1.0
EMP019,Daniel Hahn,HR,HR Specialist,2026-05-20,1.4333333333333336,-0.45072549311515675,0,0.0,1.0,3,0.0
EMP019,Daniel Hahn,HR,HR Specialist,2026-05-21,0.43333333333333357,-0.452306804654057,0,0.0,1.0,3,0.0
EMP019,Daniel Hahn,HR,HR Specialist,2026-05-22,0.43333333333333357,-0.4803558937955189,0,0.0,1.0,3,0.0
EMP019,Daniel Hahn,HR,HR Specialist,2026-05-25,0.43333333333333357,-0.4497045492575174,0,0.0,0.0,3,0.0
EMP019,Daniel Hahn,HR,HR Specialist,2026-05-26,0.20000000000000018,-0.4186156573519561,0,0.0,0.0,3,0.0
EMP019,Daniel Hahn,HR,HR Specialist,2026-05-27,0.2333333333333334,-0.45962996585847804,0,0.0,0.0,2,0.0
EMP019,Daniel Hahn,HR,HR Specialist,2026-05-28,0.2333333333333334,-0.4809623190944175,0,0.0,0.0,1,0.0
EMP019,Daniel Hahn,HR,HR Specialist,2026-05-29,0.2333333333333334,-0.4658477442395903,0,0.0,0.0,1,0.0
EMP019,Daniel Hahn,HR,HR Specialist,2026-06-01,7.466666666666667,0.6497061362976188,0,0.0,0.0,1,1.0
EMP019,Daniel Hahn,HR,HR Specialist,2026-06-02,0.5333333333333332,-0.45249871139421477,0,0.0,0.0,1,0.0
EMP019,Daniel Hahn,HR,HR Specialist,2026-06-03,0.5333333333333332,-0.44959708148302907,0,0.0,0.0,1,0.0
EMP019,Daniel Hahn,HR,HR Specialist,2026-06-04,0.5333333333333332,-0.4558839462905981,0,0.0,0.0,1,0.0
EMP019,Daniel Hahn,HR,HR Specialist,2026-06-05,0.40000000000000036,-0.4854375842748971,0,0.0,0.0,1,0.0
EMP019,Daniel Hahn,HR,HR Specialist,2026-06-08,6.366666666666666,1.5588297745819006,0,0.0,1.0,1,1.0
EMP019,Daniel Hahn,HR,HR Specialist,2026-06-09,7.1,0.974373959296561,0,0.0,1.0,1,1.0
EMP019,Daniel Hahn,HR,HR Specialist,2026-06-10,0.9000000000000004,-0.47302505632149155,0,0.0,1.0,1,0.0
EMP019,Daniel Hahn,HR,HR Specialist,2026-06-11,0.9000000000000004,-0.4699775772877859,0,0.0,1.0,1,0.0
EMP019,Daniel Hahn,HR,HR Specialist,2026-06-12,0.9000000000000004,1.8495838384601588,0,0.0,2.0,1,1.0
EMP019,Daniel Hahn,HR,HR Specialist,2026-06-15,0.9000000000000004,-0.46167185357375684,0,0.0,2.0,1,0.0
EMP019,Daniel Hahn,HR,HR Specialist,2026-06-16,0.9000000000000004,-0.4683655606704605,0,0.0,2.0,1,0.0
EMP019,Daniel Hahn,HR,HR Specialist,2026-06-17,0.9000000000000004,-0.46923297913597367,0,0.0,1.0,1,0.0
EMP019,Daniel Hahn,HR,HR Specialist,2026-06-18,1.6333333333333337,-0.4655790748033694,0,0.0,1.0,1,0.0
EMP019,Daniel Hahn,HR,HR Specialist,2026-06-19,0.6333333333333337,-0.4691715689791232,0,0.0,1.0,1,0.0
EMP019,Daniel Hahn,HR,HR Specialist,2026-06-22,0.6333333333333337,-0.4637828277154925,0,0.0,1.0,1,0.0
EMP019,Daniel Hahn,HR,HR Specialist,2026-06-23,0.6333333333333337,-0.44443862830758774,0,0.0,0.0,1,0.0
EMP019,Daniel Hahn,HR,HR Specialist,2026-06-24,0.6333333333333337,-0.4496738441790921,0,0.0,0.0,1,0.0
EMP019,Daniel Hahn,HR,HR Specialist,2026-06-25,7.066666666666666,3.4688007966762795,0,0.125,0.0,1,1.0
EMP019,Daniel Hahn,HR,HR Specialist,2026-06-26,1.2000000000000002,2.0670064987893237,0,0.0,1.0,1,1.0
EMP019,Daniel Hahn,HR,HR Specialist,2026-06-29,0.9666666666666668,-0.45510864306036064,0,0.0,1.0,1,0.0
EMP019,Daniel Hahn,HR,HR Specialist,2026-06-30,0.9666666666666668,-0.4754123761690544,0,0.0,1.0,1,0.0
EMP019,Daniel Hahn,HR,HR Specialist,2026-07-01,1.0,-0.4566362207120166,0,0.0,1.0,1,0.0
EMP019,Daniel Hahn,HR,HR Specialist,2026-07-02,1.0,-0.45660551563359136,0,0.0,1.0,1,0.0
EMP019,Daniel Hahn,HR,HR Specialist,2026-07-03,1.9666666666666668,-0.4664541695384889,0,0.0,1.0,1,0.0
EMP019,Daniel Hahn,HR,HR Specialist,2026-07-06,0.9666666666666668,-0.46969355531235235,0,0.0,1.0,1,0.0
EMP019,Daniel Hahn,HR,HR Specialist,2026-07-07,6.766666666666667,0.30819657778242937,0,0.0,0.0,1,1.0
EMP019,Daniel Hahn,HR,HR Specialist,2026-07-08,1.2333333333333334,-0.43254041041780505,0,0.0,0.0,1,0.0
EMP019,Daniel Hahn,HR,HR Specialist,2026-07-09,1.2333333333333334,-0.463598597244941,0,0.0,0.0,1,0.0
EMP019,Daniel Hahn,HR,HR Specialist,2026-07-10,1.2333333333333334,-0.4139408091617124,0,0.0,0.0,1,0.0
EMP019,Daniel Hahn,HR,HR Specialist,2026-07-13,0.9666666666666668,-0.4629461143284046,0,0.0,0.0,1,0.0
EMP019,Daniel Hahn,HR,HR Specialist,2026-07-14,0.9666666666666668,-0.454625038075163,0,0.0,0.0,1,0.0
EMP019,Daniel Hahn,HR,HR Specialist,2026-07-15,0.9666666666666668,-0.43482026249087957,0,0.0,0.0,1,0.0
EMP019,Daniel Hahn,HR,HR Specialist,2026-07-16,0.9666666666666668,0.054219521588009356,0,0.2,0.0,1,1.0
EMP019,Daniel Hahn,HR,HR Specialist,2026-07-17,0.9666666666666668,-0.41500013436738337,0,0.0,0.0,1,0.0
EMP019,Daniel Hahn,HR,HR Specialist,2026-07-20,0.7333333333333334,-0.4668763643668361,0,0.0,0.0,1,0.0
EMP019,Daniel Hahn,HR,HR Specialist,2026-07-21,0.4666666666666668,-0.4606816147945427,0,0.0,0.0,1,0.0
EMP019,Daniel Hahn,HR,HR Specialist,2026-07-22,0.4666666666666668,-0.4747982746005494,0,0.0,0.0,1,0.0
EMP019,Daniel Hahn,HR,HR Specialist,2026-07-23,0.4666666666666668,-0.4786978195605557,0,0.0,0.0,1,0.0
EMP019,Daniel Hahn,HR,HR Specialist,2026-07-24,2.4000000000000004,2.4411785844793683,0,0.0,0.0,1,1.0
EMP019,Daniel Hahn,HR,HR Specialist,2026-07-27,5.4,2.7832945682934556,0,0.0,1.0,1,1.0
EMP019,Daniel Hahn,HR,HR Specialist,2026-07-28,0.5999999999999996,-0.43386072879009063,0,0.0,1.0,1,0.0
EMP019,Daniel Hahn,HR,HR Specialist,2026-07-29,0.5999999999999996,-0.4107858623535184,0,0.0,1.0,1,0.0
EMP020,Emily Rios,HR,HR Specialist,2026-04-01,0.0,0.04304316828967709,0,0.1111111111111111,0.0,1,1.0
EMP020,Emily Rios,HR,HR Specialist,2026-04-02,2.0,1.9874020489437887,0,0.0,1.0,1,1.0
EMP020,Emily Rios,HR,HR Specialist,2026-04-03,1.333333333333333,-0.45327597017991383,0,0.0,1.0,1,0.0
EMP020,Emily Rios,HR,HR Specialist,2026-04-06,1.0,-0.45130096848149714,0,0.0,1.0,1,0.0
EMP020,Emily Rios,HR,HR Specialist,2026-04-07,0.7999999999999998,-0.4404566340024609,0,0.0,1.0,1,0.0
EMP020,Emily Rios,HR,HR Specialist,2026-04-08,0.666666666666667,0.7552554372033669,0,0.08333333333333333,2.0,1,1.0
EMP020,Emily Rios,HR,HR Specialist,2026-04-09,0.5714285714285712,-0.42344496293143635,0,0.0,2.0,1,0.0
EMP020,Emily Rios,HR,HR Specialist,2026-04-10,0.5,-0.4367853118268765,0,0.0,2.0,1,0.0
EMP020,Emily Rios,HR,HR Specialist,2026-04-13,0.44444444444444464,-0.4013685635785827,0,0.0,1.0,1,0.0
EMP020,Emily Rios,HR,HR Specialist,2026-04-14,5.0,1.2349506349967143,0,0.0,1.0,1,1.0
EMP020,Emily Rios,HR,HR Specialist,2026-04-15,0.9090909090909092,-0.4234207297817626,0,0.0,1.0,1,0.0
EMP020,Emily Rios,HR,HR Specialist,2026-04-16,0.833333333333333,-0.40491872000579787,0,0.0,1.0,1,0.0
EMP020,Emily Rios,HR,HR Specialist,2026-04-17,0.7692307692307692,-0.4267164381374026,0,0.0,0.0,1,0.0
EMP020,Emily Rios,HR,HR Specialist,2026-04-20,0.7142857142857144,-0.4099834482876272,0,0.0,0.0,1,0.0
EMP020,Emily Rios,HR,HR Specialist,2026-04-21,0.666666666666667,-0.4500408446984583,0,0.0,0.0,1,0.0
EMP020,Emily Rios,HR,HR Specialist,2026-04-22,0.625,1.8476737079245191,0,0.0,1.0,1,1.0
EMP020,Emily Rios,HR,HR Specialist,2026-04-23,0.5882352941176467,-0.3863803605053225,0,0.0,1.0,1,0.0
EMP020,Emily Rios,HR,HR Specialist,2026-04-24,0.5555555555555554,-0.4333684377228673,0,0.0,1.0,1,0.0
EMP020,Emily Rios,HR,HR Specialist,2026-04-25,2.421052631578948,-0.4833129592006188,1,0.0,1.0,1,0.0
EMP020,Emily Rios,HR,HR Specialist,2026-04-27,0.40000000000000036,-0.4684943881750753,0,0.0,1.0,1,0.0
EMP020,Emily Rios,HR,HR Specialist,2026-04-28,0.3809523809523814,-0.4117767013634901,0,0.0,1.0,1,0.0
EMP020,Emily Rios,HR,HR Specialist,2026-04-29,0.3636363636363633,-0.25661184400199455,0,0.14285714285714285,1.0,1,1.0
EMP020,Emily Rios,HR,HR Specialist,2026-04-30,0.3478260869565215,0.15518206840529794,0,0.125,0.0,1,1.0
EMP020,Emily Rios,HR,HR Specialist,2026-05-01,0.33333333333333304,-0.07651107562613402,0,0.0,0.0,2,1.0
EMP020,Emily Rios,HR,HR Specialist,2026-05-04,0.3200000000000003,-0.4123825301053357,0,0.0,0.0,2,0.0
EMP020,Emily Rios,HR,HR Specialist,2026-05-05,1.2692307692307692,-0.4468178357918397,0,0.0,0.0,2,0.0
EMP020,Emily Rios,HR,HR Specialist,2026-05-06,0.2592592592592595,-0.3942561341493153,0,0.0,0.0,2,0.0
EMP020,Emily Rios,HR,HR Specialist,2026-05-07,0.25,-0.3817760620672959,0,0.0,0.0,2,0.0
EMP020,Emily Rios,HR,HR Specialist,2026-05-08,0.2413793103448274,-0.4258561613239819,0,0.0,0.0,2,0.0
EMP020,Emily Rios,HR,HR Specialist,2026-05-11,0.2333333333333334,-0.4388572461239885,0,0.0,0.0,2,0.0
EMP020,Emily Rios,HR,HR Specialist,2026-05-12,0.2333333333333334,-0.41135262124419814,0,0.0,0.0,1,0.0
EMP020,Emily Rios,HR,HR Specialist,2026-05-13,5.7,1.1424042363923803,0,0.0,0.0,1,1.0
EMP020,Emily Rios,HR,HR Specialist,2026-05-14,0.2999999999999998,-0.29938335317629405,0,0.14285714285714285,0.0,1,1.0
EMP020,Emily Rios,HR,HR Specialist,2026-05-15,5.5,3.1976176602293997,0,0.0,0.0,1,1.0
EMP020,Emily Rios,HR,HR Specialist,2026-05-18,0.5,-0.4321083139398285,0,0.0,0.0,1,0.0
EMP020,Emily Rios,HR,HR Specialist,2026-05-19,0.5,-0.4099228654134425,0,0.0,0.0,1,0.0
EMP020,Emily Rios,HR,HR Specialist,2026-05-20,1.4666666666666668,0.49717239317714024,0,0.125,0.0,1,1.0
EMP020,Emily Rios,HR,HR Specialist,2026-05-21,0.4666666666666668,-0.36538233631295386,0,0.0,0.0,1,0.0
EMP020,Emily Rios,HR,HR Specialist,2026-05-22,0.4666666666666668,-0.44027488537990717,0,0.0,0.0,1,0.0
EMP020,Emily Rios,HR,HR Specialist,2026-05-25,0.2666666666666666,-0.46338119359389845,0,0.0,0.0,1,0.0
EMP020,Emily Rios,HR,HR Specialist,2026-05-26,0.2666666666666666,-0.4497015806030248,0,0.0,0.0,1,0.0
EMP020,Emily Rios,HR,HR Specialist,2026-05-27,0.2666666666666666,-0.44829605792194294,0,0.0,0.0,1,0.0
EMP020,Emily Rios,HR,HR Specialist,2026-05-28,0.2666666666666666,-0.4442127722019036,0,0.0,0.0,1,0.0
EMP020,Emily Rios,HR,HR Specialist,2026-05-29,0.2666666666666666,-0.42514128340860413,0,0.0,0.0,1,0.0
EMP020,Emily Rios,HR,HR Specialist,2026-06-01,0.2666666666666666,-0.42474143643898593,0,0.0,0.0,1,0.0
EMP020,Emily Rios,HR,HR Specialist,2026-06-02,0.2666666666666666,-0.40049617019032496,0,0.0,0.0,1,0.0
EMP020,Emily Rios,HR,HR Specialist,2026-06-03,1.2333333333333334,-0.4401416030567012,0,0.0,0.0,1,0.0
EMP020,Emily Rios,HR,HR Specialist,2026-06-04,0.2333333333333334,-0.4649684648975339,0,0.0,0.0,1,0.0
EMP020,Emily Rios,HR,HR Specialist,2026-06-05,0.2999999999999998,1.6571405686140774,0,0.0,0.0,2,1.0
EMP020,Emily Rios,HR,HR Specialist,2026-06-06,2.2333333333333334,-0.4827434801832839,1,0.0,0.0,2,0.0
EMP020,Emily Rios,HR,HR Specialist,2026-06-08,0.2333333333333334,-0.42052486839574055,0,0.0,0.0,2,0.0
EMP020,Emily Rios,HR,HR Specialist,2026-06-09,0.2333333333333334,-0.31039731970304707,0,0.0,0.0,2,0.0
EMP020,Emily Rios,HR,HR Specialist,2026-06-10,5.566666666666666,0.9090390050334545,0,0.0,1.0,2,1.0
EMP020,Emily Rios,HR,HR Specialist,2026-06-11,7.3,3.4555189556330728,0,0.125,1.0,2,1.0
EMP020,Emily Rios,HR,HR Specialist,2026-06-12,0.7000000000000002,-0.43031506086396554,0,0.0,1.0,2,0.0
EMP020,Emily Rios,HR,HR Specialist,2026-06-15,0.7333333333333334,-0.4163567666518429,0,0.0,1.0,1,0.0
EMP020,Emily Rios,HR,HR Specialist,2026-06-16,0.7333333333333334,-0.42167594300524724,0,0.0,1.0,1,0.0
EMP020,Emily Rios,HR,HR Specialist,2026-06-17,1.7000000000000002,-0.3514846249750158,0,0.0,1.0,1,0.0
EMP020,Emily Rios,HR,HR Specialist,2026-06-18,0.7000000000000002,-0.4355736543431853,0,0.0,1.0,1,0.0
EMP020,Emily Rios,HR,HR Specialist,2026-06-19,0.7000000000000002,0.055353608323979744,0,0.09090909090909091,0.0,1,1.0
EMP020,Emily Rios,HR,HR Specialist,2026-06-22,0.7000000000000002,-0.43305340677710763,0,0.0,0.0,1,0.0
EMP020,Emily Rios,HR,HR Specialist,2026-06-23,0.5,-0.43170846697021037,0,0.0,0.0,1,0.0
EMP020,Emily Rios,HR,HR Specialist,2026-06-24,0.5,-0.3499821696952387,0,0.0,0.0,1,0.0
EMP020,Emily Rios,HR,HR Specialist,2026-06-25,0.2999999999999998,-0.38164277974408983,0,0.0,0.0,1,0.0
EMP020,Emily Rios,HR,HR Specialist,2026-06-26,0.2999999999999998,-0.3331158975222571,0,0.0,0.0,1,0.0
EMP020,Emily Rios,HR,HR Specialist,2026-06-29,0.2999999999999998,0.40563167028426983,0,0.0,0.0,1,1.0
EMP020,Emily Rios,HR,HR Specialist,2026-06-30,0.33333333333333304,-0.46414453780862386,0,0.0,0.0,1,0.0
EMP020,Emily Rios,HR,HR Specialist,2026-07-01,0.33333333333333304,0.42948920613814956,0,0.125,0.0,1,1.0
EMP020,Emily Rios,HR,HR Specialist,2026-07-02,0.33333333333333304,-0.40146549617727795,0,0.0,0.0,1,0.0
EMP020,Emily Rios,HR,HR Specialist,2026-07-03,7.4,4.347141348156919,0,0.0,1.0,1,1.0
EMP020,Emily Rios,HR,HR Specialist,2026-07-06,0.5999999999999996,-0.44656338772026455,0,0.0,1.0,1,0.0
EMP020,Emily Rios,HR,HR Specialist,2026-07-07,0.5999999999999996,0.6278254196435629,0,0.14285714285714285,1.0,1,1.0
EMP020,Emily Rios,HR,HR Specialist,2026-07-08,0.5999999999999996,-0.44283148267049566,0,0.0,1.0,1,0.0
EMP020,Emily Rios,HR,HR Specialist,2026-07-09,0.5999999999999996,-0.16527710288135158,0,0.125,1.0,1,1.0
EMP020,Emily Rios,HR,HR Specialist,2026-07-10,0.5999999999999996,-0.4411715119178387,0,0.0,1.0,1,0.0
EMP020,Emily Rios,HR,HR Specialist,2026-07-13,0.5999999999999996,-0.43648239745595374,0,0.0,1.0,1,0.0
EMP020,Emily Rios,HR,HR Specialist,2026-07-14,0.6333333333333337,0.4934647212770452,0,0.1,0.0,1,1.0
EMP020,Emily Rios,HR,HR Specialist,2026-07-15,0.6333333333333337,-0.4289943542067421,0,0.0,0.0,1,0.0
EMP020,Emily Rios,HR,HR Specialist,2026-07-16,0.6333333333333337,-0.45141001765502936,0,0.0,0.0,1,0.0
EMP020,Emily Rios,HR,HR Specialist,2026-07-17,0.7000000000000002,-0.43821506765763213,0,0.0,0.0,1,0.0
EMP020,Emily Rios,HR,HR Specialist,2026-07-20,0.7000000000000002,-0.4535910011256735,0,0.0,0.0,1,0.0
EMP020,Emily Rios,HR,HR Specialist,2026-07-21,1.666666666666667,-0.42654680608968587,0,0.0,0.0,1,0.0
EMP020,Emily Rios,HR,HR Specialist,2026-07-22,0.4666666666666668,0.035870155986225206,0,0.0,0.0,2,1.0
EMP020,Emily Rios,HR,HR Specialist,2026-07-23,7.533333333333333,4.328881669877692,0,0.0,0.0,2,1.0
EMP020,Emily Rios,HR,HR Specialist,2026-07-24,0.4666666666666668,-0.3695140883323409,0,0.0,0.0,2,0.0
EMP020,Emily Rios,HR,HR Specialist,2026-07-27,0.4666666666666668,-0.43207196421531774,0,0.0,0.0,2,0.0
EMP020,Emily Rios,HR,HR Specialist,2026-07-28,0.4666666666666668,-0.09360756272101692,0,0.0,0.0,3,1.0
EMP020,Emily Rios,HR,HR Specialist,2026-07-29,0.5,-0.4579772012166357,0,0.0,0.0,3,0.0
EMP021,Thomas Ellis,HR,HR Specialist,2026-04-01,0.0,-0.4115335153508778,0,0.0,0.0,1,0.0
EMP021,Thomas Ellis,HR,HR Specialist,2026-04-02,0.0,-0.42716919021540656,0,0.0,0.0,1,0.0
EMP021,Thomas Ellis,HR,HR Specialist,2026-04-03,4.666666666666667,0.21695979472234592,0,0.0,1.0,1,1.0
EMP021,Thomas Ellis,HR,HR Specialist,2026-04-06,1.75,-0.3878561535760133,0,0.0,1.0,1,0.0
EMP021,Thomas Ellis,HR,HR Specialist,2026-04-07,1.4000000000000004,-0.4145829365427173,0,0.0,1.0,1,0.0
EMP021,Thomas Ellis,HR,HR Specialist,2026-04-08,5.5,0.7253177358472559,0,0.0,2.0,1,1.0
EMP021,Thomas Ellis,HR,HR Specialist,2026-04-09,2.1428571428571432,-0.4256909389451243,0,0.0,2.0,1,0.0
EMP021,Thomas Ellis,HR,HR Specialist,2026-04-10,1.875,-0.4175478862333978,0,0.0,2.0,1,0.0
EMP021,Thomas Ellis,HR,HR Specialist,2026-04-12,11.444444444444445,-0.4500778613297243,1,0.0,2.0,1,0.0
EMP021,Thomas Ellis,HR,HR Specialist,2026-04-13,0.40000000000000036,-0.4170410572264438,0,0.0,1.0,1,0.0
EMP021,Thomas Ellis,HR,HR Specialist,2026-04-14,0.3636363636363633,-0.4185699913974215,0,0.0,1.0,1,0.0
EMP021,Thomas Ellis,HR,HR Specialist,2026-04-15,4.25,2.280505649385165,0,0.0,1.0,1,1.0
EMP021,Thomas Ellis,HR,HR Specialist,2026-04-16,0.6923076923076925,-0.4241197690235671,0,0.0,0.0,1,0.0
EMP021,Thomas Ellis,HR,HR Specialist,2026-04-17,0.6428571428571432,-0.38175731119233425,0,0.0,0.0,1,0.0
EMP021,Thomas Ellis,HR,HR Specialist,2026-04-20,4.066666666666666,0.15057364196149675,0,0.0,0.0,1,1.0
EMP021,Thomas Ellis,HR,HR Specialist,2026-04-21,0.875,-0.41592603341114515,0,0.0,0.0,1,0.0
EMP021,Thomas Ellis,HR,HR Specialist,2026-04-22,0.8235294117647056,-0.41055364593743354,0,0.0,0.0,1,0.0
EMP021,Thomas Ellis,HR,HR Specialist,2026-04-23,0.7777777777777777,-0.41734515463061617,0,0.0,0.0,1,0.0
EMP021,Thomas Ellis,HR,HR Specialist,2026-04-24,0.7368421052631575,-0.4205128359240783,0,0.0,0.0,1,0.0
EMP021,Thomas Ellis,HR,HR Specialist,2026-04-27,0.7000000000000002,-0.41305400237173956,0,0.0,0.0,1,0.0
EMP021,Thomas Ellis,HR,HR Specialist,2026-04-28,0.666666666666667,-0.41045228013604274,0,0.0,0.0,1,0.0
EMP021,Thomas Ellis,HR,HR Specialist,2026-04-29,0.6363636363636367,-0.4125894091153651,0,0.0,0.0,1,0.0
EMP021,Thomas Ellis,HR,HR Specialist,2026-04-30,0.6086956521739131,-0.4241788990743784,0,0.0,0.0,1,0.0
EMP021,Thomas Ellis,HR,HR Specialist,2026-05-01,1.541666666666667,-0.38170662829163887,0,0.0,0.0,1,0.0
EMP021,Thomas Ellis,HR,HR Specialist,2026-05-04,0.5199999999999996,-0.3815968153401322,0,0.0,0.0,1,0.0
EMP021,Thomas Ellis,HR,HR Specialist,2026-05-05,0.5,0.7453881645226317,0,0.0,0.0,2,1.0
EMP021,Thomas Ellis,HR,HR Specialist,2026-05-06,0.48148148148148184,-0.4138057987320546,0,0.0,0.0,2,0.0
EMP021,Thomas Ellis,HR,HR Specialist,2026-05-07,0.4642857142857144,-0.4093963863715554,0,0.0,0.0,2,0.0
EMP021,Thomas Ellis,HR,HR Specialist,2026-05-08,6.310344827586207,3.8199987580077335,0,0.09090909090909091,0.0,2,1.0
EMP021,Thomas Ellis,HR,HR Specialist,2026-05-11,0.666666666666667,-0.3688416186651249,0,0.0,0.0,2,0.0
EMP021,Thomas Ellis,HR,HR Specialist,2026-05-12,0.666666666666667,-0.4156641717575523,0,0.0,0.0,2,0.0
EMP021,Thomas Ellis,HR,HR Specialist,2026-05-13,0.666666666666667,-0.38342984691528226,0,0.0,0.0,2,0.0
EMP021,Thomas Ellis,HR,HR Specialist,2026-05-14,0.43333333333333357,-0.4152587085519892,0,0.0,0.0,1,0.0
EMP021,Thomas Ellis,HR,HR Specialist,2026-05-15,7.3,0.48967603621414096,0,0.0,1.0,1,1.0
EMP021,Thomas Ellis,HR,HR Specialist,2026-05-18,0.7000000000000002,-0.42522634568874984,0,0.0,1.0,1,0.0
EMP021,Thomas Ellis,HR,HR Specialist,2026-05-19,0.43333333333333357,-0.40474200665769505,0,0.0,1.0,1,0.0
EMP021,Thomas Ellis,HR,HR Specialist,2026-05-20,0.43333333333333357,-0.3969199456503727,0,0.0,1.0,1,0.0
EMP021,Thomas Ellis,HR,HR Specialist,2026-05-21,0.43333333333333357,0.047315678944748855,0,0.1111111111111111,1.0,1,1.0
EMP021,Thomas Ellis,HR,HR Specialist,2026-05-22,0.7999999999999998,-0.4142366033879654,0,0.0,1.0,1,0.0
EMP021,Thomas Ellis,HR,HR Specialist,2026-05-25,5.966666666666667,0.11476617262020136,0,0.0,2.0,1,1.0
EMP021,Thomas Ellis,HR,HR Specialist,2026-05-26,1.0333333333333332,-0.4231905825108182,0,0.0,1.0,1,0.0
EMP021,Thomas Ellis,HR,HR Specialist,2026-05-27,0.8666666666666663,-0.42134910378555224,0,0.0,1.0,1,0.0
EMP021,Thomas Ellis,HR,HR Specialist,2026-05-28,0.8666666666666663,1.0982763077644229,0,0.0,1.0,2,1.0
EMP021,Thomas Ellis,HR,HR Specialist,2026-05-29,0.8666666666666663,-0.414354863489588,0,0.0,1.0,2,0.0
EMP021,Thomas Ellis,HR,HR Specialist,2026-05-30,3.5999999999999996,-0.4361316164883753,1,0.0,1.0,2,0.0
EMP021,Thomas Ellis,HR,HR Specialist,2026-06-01,0.5999999999999996,-0.40705652578945134,0,0.0,1.0,2,0.0
EMP021,Thomas Ellis,HR,HR Specialist,2026-06-02,0.5999999999999996,-0.22198791390022302,0,0.1111111111111111,0.0,2,1.0
EMP021,Thomas Ellis,HR,HR Specialist,2026-06-03,0.5999999999999996,-0.3915982410773564,0,0.0,0.0,2,0.0
EMP021,Thomas Ellis,HR,HR Specialist,2026-06-04,0.5999999999999996,-0.41623857796543345,0,0.0,0.0,2,0.0
EMP021,Thomas Ellis,HR,HR Specialist,2026-06-05,1.5666666666666664,-0.4298215953517988,0,0.0,0.0,1,0.0
EMP021,Thomas Ellis,HR,HR Specialist,2026-06-08,0.5666666666666664,-0.43042979016014354,0,0.0,0.0,1,0.0
EMP021,Thomas Ellis,HR,HR Specialist,2026-06-09,0.5666666666666664,-0.41162643400215265,0,0.0,0.0,1,0.0
EMP021,Thomas Ellis,HR,HR Specialist,2026-06-10,0.5666666666666664,-0.37336929112724665,0,0.0,0.0,1,0.0
EMP021,Thomas Ellis,HR,HR Specialist,2026-06-11,0.5999999999999996,1.2117468752712925,0,0.0,0.0,2,1.0
EMP021,Thomas Ellis,HR,HR Specialist,2026-06-12,7.133333333333334,3.473445977352867,0,0.0,0.0,2,1.0
EMP021,Thomas Ellis,HR,HR Specialist,2026-06-15,6.866666666666666,0.8279590569055431,0,0.0,1.0,2,1.0
EMP021,Thomas Ellis,HR,HR Specialist,2026-06-16,1.1333333333333337,-0.4387248915739563,0,0.0,1.0,2,0.0
EMP021,Thomas Ellis,HR,HR Specialist,2026-06-17,4.666666666666667,1.2214864393549236,0,0.0,1.0,2,1.0
EMP021,Thomas Ellis,HR,HR Specialist,2026-06-18,1.0999999999999996,-0.3989641559784202,0,0.0,1.0,2,0.0
EMP021,Thomas Ellis,HR,HR Specialist,2026-06-19,1.0999999999999996,-0.4157824318591749,0,0.0,1.0,2,0.0
EMP021,Thomas Ellis,HR,HR Specialist,2026-06-22,1.0999999999999996,-0.42275977785490737,0,0.0,1.0,1,0.0
EMP021,Thomas Ellis,HR,HR Specialist,2026-06-23,1.0999999999999996,-0.4384799242205951,0,0.0,1.0,1,0.0
EMP021,Thomas Ellis,HR,HR Specialist,2026-06-24,1.0999999999999996,-0.0460929070368608,0,0.125,0.0,1,1.0
EMP021,Thomas Ellis,HR,HR Specialist,2026-06-25,0.833333333333333,0.12557852476855197,0,0.3333333333333333,0.0,1,1.0
EMP021,Thomas Ellis,HR,HR Specialist,2026-06-26,0.833333333333333,-0.42504050838620006,0,0.0,0.0,1,0.0
EMP021,Thomas Ellis,HR,HR Specialist,2026-06-28,6.633333333333334,-0.4393753221328805,1,0.0,0.0,1,0.0
EMP021,Thomas Ellis,HR,HR Specialist,2026-06-29,0.6333333333333337,-0.4180716095405835,0,0.0,0.0,1,0.0
EMP021,Thomas Ellis,HR,HR Specialist,2026-06-30,0.6333333333333337,-0.42485467108365027,0,0.0,0.0,1,0.0
EMP021,Thomas Ellis,HR,HR Specialist,2026-07-01,0.6333333333333337,-0.3693231062217311,0,0.0,0.0,1,0.0
EMP021,Thomas Ellis,HR,HR Specialist,2026-07-02,0.40000000000000036,0.5955526157668176,0,0.0,0.0,2,1.0
EMP021,Thomas Ellis,HR,HR Specialist,2026-07-03,5.4,4.718260254182304,0,0.1,0.0,3,1.0
EMP021,Thomas Ellis,HR,HR Specialist,2026-07-06,0.5999999999999996,-0.36346078404129734,0,0.0,0.0,3,0.0
EMP021,Thomas Ellis,HR,HR Specialist,2026-07-07,0.5999999999999996,-0.40032414714708,0,0.0,0.0,3,0.0
EMP021,Thomas Ellis,HR,HR Specialist,2026-07-08,0.5999999999999996,-0.41851930849672614,0,0.0,0.0,3,0.0
EMP021,Thomas Ellis,HR,HR Specialist,2026-07-09,0.7000000000000002,-0.376013249113523,0,0.0,0.0,3,0.0
EMP021,Thomas Ellis,HR,HR Specialist,2026-07-10,0.7000000000000002,0.07761560641047821,0,0.25,0.0,3,1.0
EMP021,Thomas Ellis,HR,HR Specialist,2026-07-12,5.533333333333333,-0.4464033510293083,1,0.0,0.0,2,0.0
EMP021,Thomas Ellis,HR,HR Specialist,2026-07-13,0.5333333333333332,-0.41398318888448843,0,0.0,0.0,1,0.0
EMP021,Thomas Ellis,HR,HR Specialist,2026-07-14,0.5333333333333332,-0.3944956135671097,0,0.0,0.0,1,0.0
EMP021,Thomas Ellis,HR,HR Specialist,2026-07-15,0.5666666666666664,-0.409007817466224,0,0.0,0.0,1,0.0
EMP021,Thomas Ellis,HR,HR Specialist,2026-07-16,6.2,0.570608181474568,0,0.0,0.0,1,1.0
EMP021,Thomas Ellis,HR,HR Specialist,2026-07-17,0.7999999999999998,-0.3940479146109671,0,0.0,0.0,1,0.0
EMP021,Thomas Ellis,HR,HR Specialist,2026-07-20,0.7999999999999998,1.516781913106516,0,0.0,1.0,1,1.0
EMP021,Thomas Ellis,HR,HR Specialist,2026-07-21,6.933333333333334,3.7721372054510516,0,0.0,2.0,1,1.0
EMP021,Thomas Ellis,HR,HR Specialist,2026-07-22,0.7999999999999998,-0.41327362827475295,0,0.0,2.0,1,0.0
EMP021,Thomas Ellis,HR,HR Specialist,2026-07-23,1.5,-0.4075802490966371,0,0.0,2.0,1,0.0
EMP021,Thomas Ellis,HR,HR Specialist,2026-07-24,0.5,-0.370919617593636,0,0.0,2.0,1,0.0
EMP021,Thomas Ellis,HR,HR Specialist,2026-07-27,0.2999999999999998,-0.41243736041327894,0,0.0,2.0,1,0.0
EMP021,Thomas Ellis,HR,HR Specialist,2026-07-28,1.2666666666666666,-0.42041991727280337,0,0.0,2.0,1,0.0
EMP021,Thomas Ellis,HR,HR Specialist,2026-07-29,0.2666666666666666,-0.4330568538461881,0,0.0,1.0,1,0.0
EMP022,Jessica Silva,HR,HR Specialist,2026-04-01,0.0,0.9608088907011655,0,0.0,0.0,1,1.0
EMP022,Jessica Silva,HR,HR Specialist,2026-04-02,2.5,-0.5043656067998364,0,0.0,0.0,1,0.0
EMP022,Jessica Silva,HR,HR Specialist,2026-04-03,1.666666666666667,-0.4753958843456532,0,0.0,0.0,1,0.0
EMP022,Jessica Silva,HR,HR Specialist,2026-04-06,1.25,-0.476486839590945,0,0.0,0.0,1,0.0
EMP022,Jessica Silva,HR,HR Specialist,2026-04-07,1.0,-0.4864890629289665,0,0.0,0.0,1,0.0
EMP022,Jessica Silva,HR,HR Specialist,2026-04-08,0.833333333333333,-0.44589688657444726,0,0.0,0.0,1,0.0
EMP022,Jessica Silva,HR,HR Specialist,2026-04-09,0.7142857142857144,-0.5174030620579272,0,0.0,0.0,1,0.0
EMP022,Jessica Silva,HR,HR Specialist,2026-04-10,0.625,-0.43208172064644557,0,0.0,0.0,1,0.0
EMP022,Jessica Silva,HR,HR Specialist,2026-04-13,0.5555555555555554,-0.4719393924793823,0,0.0,0.0,1,0.0
EMP022,Jessica Silva,HR,HR Specialist,2026-04-14,0.5,-0.4831405864335165,0,0.0,0.0,1,0.0
EMP022,Jessica Silva,HR,HR Specialist,2026-04-15,0.45454545454545414,-0.5000881981153261,0,0.0,0.0,1,0.0
EMP022,Jessica Silva,HR,HR Specialist,2026-04-16,0.41666666666666696,-0.4601225109115685,0,0.0,0.0,1,0.0
EMP022,Jessica Silva,HR,HR Specialist,2026-04-17,0.384615384615385,0.08390770576531195,0,0.14285714285714285,0.0,1,1.0
EMP022,Jessica Silva,HR,HR Specialist,2026-04-20,0.35714285714285676,-0.4446979159583345,0,0.0,0.0,1,0.0
EMP022,Jessica Silva,HR,HR Specialist,2026-04-21,0.33333333333333304,-0.4668734715878789,0,0.0,0.0,1,0.0
EMP022,Jessica Silva,HR,HR Specialist,2026-04-22,0.3125,-0.496718118545712,0,0.0,0.0,1,0.0
EMP022,Jessica Silva,HR,HR Specialist,2026-04-23,0.2941176470588234,-0.47695130568547517,0,0.0,0.0,1,0.0
EMP022,Jessica Silva,HR,HR Specialist,2026-04-24,4.444444444444445,3.4909501352744052,0,0.0,0.0,1,1.0
EMP022,Jessica Silva,HR,HR Specialist,2026-04-27,1.473684210526316,1.4512634834508464,0,0.0,0.0,2,1.0
EMP022,Jessica Silva,HR,HR Specialist,2026-04-28,0.4500000000000002,-0.4239157586123805,0,0.0,0.0,2,0.0
EMP022,Jessica Silva,HR,HR Specialist,2026-04-29,0.4285714285714288,-0.4873531858955342,0,0.0,0.0,2,0.0
EMP022,Jessica Silva,HR,HR Specialist,2026-04-30,0.40909090909090917,-0.48828211808459454,0,0.0,0.0,2,0.0
EMP022,Jessica Silva,HR,HR Specialist,2026-05-01,0.3913043478260869,-0.5079733201852568,0,0.0,0.0,2,0.0
EMP022,Jessica Silva,HR,HR Specialist,2026-05-04,7.291666666666667,4.512602718647436,0,0.0,0.0,2,1.0
EMP022,Jessica Silva,HR,HR Specialist,2026-05-05,0.6799999999999997,-0.28575329779528214,0,0.16666666666666666,0.0,2,1.0
EMP022,Jessica Silva,HR,HR Specialist,2026-05-06,0.6538461538461542,-0.4374284815020834,0,0.0,0.0,1,0.0
EMP022,Jessica Silva,HR,HR Specialist,2026-05-07,0.6296296296296298,-0.5008010995627445,0,0.0,0.0,1,0.0
EMP022,Jessica Silva,HR,HR Specialist,2026-05-08,0.6071428571428568,-0.48372386943594975,0,0.0,0.0,1,0.0
EMP022,Jessica Silva,HR,HR Specialist,2026-05-11,6.172413793103448,2.1310582197126,0,0.0,1.0,1,1.0
EMP022,Jessica Silva,HR,HR Specialist,2026-05-12,0.7999999999999998,-0.4956919725229128,0,0.0,1.0,1,0.0
EMP022,Jessica Silva,HR,HR Specialist,2026-05-13,0.6333333333333337,-0.4692390082088581,0,0.0,1.0,1,0.0
EMP022,Jessica Silva,HR,HR Specialist,2026-05-14,0.6333333333333337,-0.4753634797344069,0,0.0,1.0,1,0.0
EMP022,Jessica Silva,HR,HR Specialist,2026-05-15,0.6333333333333337,-0.4928943744186498,0,0.0,1.0,1,0.0
EMP022,Jessica Silva,HR,HR Specialist,2026-05-18,0.6333333333333337,-0.4700599250270975,0,0.0,1.0,1,0.0
EMP022,Jessica Silva,HR,HR Specialist,2026-05-19,0.6333333333333337,-0.4883253242329229,0,0.0,1.0,1,0.0
EMP022,Jessica Silva,HR,HR Specialist,2026-05-20,0.6333333333333337,-0.509237100023862,0,0.0,0.0,1,0.0
EMP022,Jessica Silva,HR,HR Specialist,2026-05-21,0.6333333333333337,-0.13165856978209112,0,0.2,0.0,1,1.0
EMP022,Jessica Silva,HR,HR Specialist,2026-05-22,0.6333333333333337,-0.4630281243866526,0,0.0,0.0,1,0.0
EMP022,Jessica Silva,HR,HR Specialist,2026-05-25,5.166666666666667,2.448979860649951,0,0.09090909090909091,0.0,2,1.0
EMP022,Jessica Silva,HR,HR Specialist,2026-05-26,0.833333333333333,1.465413497028393,0,0.0,0.0,2,1.0
EMP022,Jessica Silva,HR,HR Specialist,2026-05-27,0.833333333333333,-0.46395705657571285,0,0.0,0.0,2,0.0
EMP022,Jessica Silva,HR,HR Specialist,2026-05-28,0.833333333333333,-0.43226534677684125,0,0.0,0.0,2,0.0
EMP022,Jessica Silva,HR,HR Specialist,2026-05-29,0.833333333333333,0.062401845434857536,0,0.0,0.0,3,1.0
EMP022,Jessica Silva,HR,HR Specialist,2026-06-01,4.966666666666667,0.9285446994369424,0,0.0,1.0,3,1.0
EMP022,Jessica Silva,HR,HR Specialist,2026-06-02,1.0333333333333332,0.22716849208516,0,0.0,1.0,4,1.0
EMP022,Jessica Silva,HR,HR Specialist,2026-06-03,1.0333333333333332,-0.4863162383356529,0,0.0,1.0,4,0.0
EMP022,Jessica Silva,HR,HR Specialist,2026-06-04,1.0333333333333332,0.25474481625575285,0,0.0,2.0,3,1.0
EMP022,Jessica Silva,HR,HR Specialist,2026-06-05,0.8666666666666663,-0.4726306908526365,0,0.0,2.0,3,0.0
EMP022,Jessica Silva,HR,HR Specialist,2026-06-07,6.7,-0.5292199436257409,1,0.0,2.0,3,0.0
EMP022,Jessica Silva,HR,HR Specialist,2026-06-08,5.1,1.4088566488665348,0,0.0,3.0,2,1.0
EMP022,Jessica Silva,HR,HR Specialist,2026-06-09,0.9000000000000004,-0.4751906551410934,0,0.0,2.0,2,0.0
EMP022,Jessica Silva,HR,HR Specialist,2026-06-10,0.9000000000000004,0.4639057803134726,0,0.0,2.0,2,1.0
EMP022,Jessica Silva,HR,HR Specialist,2026-06-11,0.9000000000000004,-0.46954145124715685,0,0.0,2.0,2,0.0
EMP022,Jessica Silva,HR,HR Specialist,2026-06-12,6.133333333333334,2.9210286342117393,0,0.0,2.0,2,1.0
EMP022,Jessica Silva,HR,HR Specialist,2026-06-15,0.8666666666666663,-0.4594960217608069,0,0.0,2.0,2,0.0
EMP022,Jessica Silva,HR,HR Specialist,2026-06-16,0.8666666666666663,1.4534021877931016,0,0.0,2.0,3,1.0
EMP022,Jessica Silva,HR,HR Specialist,2026-06-17,0.8666666666666663,1.2390348828618112,0,0.0,1.0,4,1.0
EMP022,Jessica Silva,HR,HR Specialist,2026-06-18,0.8666666666666663,-0.44877009543828494,0,0.0,1.0,4,0.0
EMP022,Jessica Silva,HR,HR Specialist,2026-06-19,1.5999999999999996,-0.466657440846237,0,0.0,1.0,3,0.0
EMP022,Jessica Silva,HR,HR Specialist,2026-06-22,1.5666666666666664,-0.49874880751714623,0,0.0,1.0,3,0.0
EMP022,Jessica Silva,HR,HR Specialist,2026-06-23,5.233333333333333,2.2849369169841487,0,0.0,1.0,3,1.0
EMP022,Jessica Silva,HR,HR Specialist,2026-06-24,0.7666666666666666,-0.4702867573058215,0,0.0,1.0,3,0.0
EMP022,Jessica Silva,HR,HR Specialist,2026-06-25,0.7666666666666666,-0.4827409295614789,0,0.0,1.0,2,0.0
EMP022,Jessica Silva,HR,HR Specialist,2026-06-26,0.7666666666666666,-0.49683693545361507,0,0.0,1.0,1,0.0
EMP022,Jessica Silva,HR,HR Specialist,2026-06-29,0.7666666666666666,-0.4233108725357831,0,0.0,1.0,1,0.0
EMP022,Jessica Silva,HR,HR Specialist,2026-06-30,0.7666666666666666,-0.48740719358094464,0,0.0,1.0,1,0.0
EMP022,Jessica Silva,HR,HR Specialist,2026-07-01,0.7666666666666666,-0.4548621623525874,0,0.0,1.0,1,0.0
EMP022,Jessica Silva,HR,HR Specialist,2026-07-02,4.066666666666666,0.1897951737811055,0,0.0,0.0,1,1.0
EMP022,Jessica Silva,HR,HR Specialist,2026-07-03,0.7333333333333334,-0.49250551908369433,0,0.0,0.0,1,0.0
EMP022,Jessica Silva,HR,HR Specialist,2026-07-06,0.7333333333333334,-0.4636870181486604,0,0.0,0.0,1,0.0
EMP022,Jessica Silva,HR,HR Specialist,2026-07-07,0.7333333333333334,-0.48722356745054907,0,0.0,0.0,1,0.0
EMP022,Jessica Silva,HR,HR Specialist,2026-07-08,4.1,0.4271805542343438,0,0.0,0.0,1,1.0
EMP022,Jessica Silva,HR,HR Specialist,2026-07-09,0.9000000000000004,-0.4783555055061477,0,0.0,0.0,1,0.0
EMP022,Jessica Silva,HR,HR Specialist,2026-07-10,0.7000000000000002,-0.4848148246812415,0,0.0,0.0,1,0.0
EMP022,Jessica Silva,HR,HR Specialist,2026-07-13,0.7000000000000002,-0.47668126725842275,0,0.0,0.0,1,0.0
EMP022,Jessica Silva,HR,HR Specialist,2026-07-14,0.7000000000000002,-0.4870615443943176,0,0.0,0.0,1,0.0
EMP022,Jessica Silva,HR,HR Specialist,2026-07-15,0.7000000000000002,-0.4896647148311029,0,0.0,0.0,1,0.0
EMP022,Jessica Silva,HR,HR Specialist,2026-07-16,0.7000000000000002,-0.266191714139605,0,0.125,0.0,1,1.0
EMP022,Jessica Silva,HR,HR Specialist,2026-07-17,0.9000000000000004,-0.4734516076708758,0,0.0,0.0,1,0.0
EMP022,Jessica Silva,HR,HR Specialist,2026-07-20,0.7000000000000002,-0.4649075918389373,0,0.0,0.0,1,0.0
EMP022,Jessica Silva,HR,HR Specialist,2026-07-21,0.7000000000000002,-0.48215764655904575,0,0.0,0.0,1,0.0
EMP022,Jessica Silva,HR,HR Specialist,2026-07-22,0.7000000000000002,-0.45937720485290384,0,0.0,0.0,1,0.0
EMP022,Jessica Silva,HR,HR Specialist,2026-07-23,0.7000000000000002,-0.5069579756995396,0,0.0,0.0,1,0.0
EMP022,Jessica Silva,HR,HR Specialist,2026-07-24,0.4666666666666668,-0.4752554643635859,0,0.0,0.0,1,0.0
EMP022,Jessica Silva,HR,HR Specialist,2026-07-27,0.4666666666666668,0.1682029011539944,0,0.0,0.0,2,1.0
EMP022,Jessica Silva,HR,HR Specialist,2026-07-28,0.4666666666666668,-0.44443867906836415,0,0.0,0.0,2,0.0
EMP022,Jessica Silva,HR,HR Specialist,2026-07-29,3.4000000000000004,1.6261619718841558,0,0.0,1.0,2,1.0
EMP023,Zachary Taylor,HR,Recruiter,2026-04-01,0.0,-0.476098419973852,0,0.0,0.0,1,0.0
EMP023,Zachary Taylor,HR,Recruiter,2026-04-02,0.0,-0.49422942079808807,0,0.0,0.0,1,0.0
EMP023,Zachary Taylor,HR,Recruiter,2026-04-03,0.0,-0.498828342540002,0,0.0,0.0,1,0.0
EMP023,Zachary Taylor,HR,Recruiter,2026-04-06,0.0,-0.49284643569872116,0,0.0,0.0,1,0.0
EMP023,Zachary Taylor,HR,Recruiter,2026-04-07,0.0,-0.4112436976824878,0,0.0,0.0,1,0.0
EMP023,Zachary Taylor,HR,Recruiter,2026-04-08,0.0,-0.4968828993858686,0,0.0,0.0,1,0.0
EMP023,Zachary Taylor,HR,Recruiter,2026-04-09,0.0,-0.4693092203951417,0,0.0,0.0,1,0.0
EMP023,Zachary Taylor,HR,Recruiter,2026-04-10,0.0,-0.4713473036994719,0,0.0,0.0,1,0.0
EMP023,Zachary Taylor,HR,Recruiter,2026-04-13,0.0,-0.4553139405618354,0,0.0,0.0,1,0.0
EMP023,Zachary Taylor,HR,Recruiter,2026-04-14,6.3,1.329067695300758,0,0.0,1.0,1,1.0
EMP023,Zachary Taylor,HR,Recruiter,2026-04-15,0.6363636363636367,-0.512697896455184,0,0.0,1.0,1,0.0
EMP023,Zachary Taylor,HR,Recruiter,2026-04-16,0.583333333333333,-0.5037448876540193,0,0.0,1.0,1,0.0
EMP023,Zachary Taylor,HR,Recruiter,2026-04-17,0.5384615384615383,2.4104363170875605,0,0.0,2.0,2,1.0
EMP023,Zachary Taylor,HR,Recruiter,2026-04-20,0.5,-0.50551828481493,0,0.0,2.0,2,0.0
EMP023,Zachary Taylor,HR,Recruiter,2026-04-21,1.4000000000000004,-0.4888761435474286,0,0.0,2.0,2,0.0
EMP023,Zachary Taylor,HR,Recruiter,2026-04-22,0.375,-0.4819413665898376,0,0.0,2.0,2,0.0
EMP023,Zachary Taylor,HR,Recruiter,2026-04-23,1.2941176470588234,-0.49093407831251523,0,0.0,1.0,2,0.0
EMP023,Zachary Taylor,HR,Recruiter,2026-04-24,6.333333333333333,1.2920050180684417,0,0.0,2.0,2,1.0
EMP023,Zachary Taylor,HR,Recruiter,2026-04-27,0.6315789473684212,-0.5054388789719042,0,0.0,2.0,2,0.0
EMP023,Zachary Taylor,HR,Recruiter,2026-04-28,0.5999999999999996,-0.4999532586495349,0,0.0,1.0,1,0.0
EMP023,Zachary Taylor,HR,Recruiter,2026-04-29,0.5714285714285712,-0.4974453574406351,0,0.0,1.0,1,0.0
EMP023,Zachary Taylor,HR,Recruiter,2026-04-30,0.5454545454545459,-0.15718470292127584,0,0.09090909090909091,1.0,1,1.0
EMP023,Zachary Taylor,HR,Recruiter,2026-05-01,0.5217391304347823,-0.4987423195433907,0,0.0,1.0,1,0.0
EMP023,Zachary Taylor,HR,Recruiter,2026-05-04,0.5,-0.46345965662557065,0,0.0,1.0,1,0.0
EMP023,Zachary Taylor,HR,Recruiter,2026-05-05,7.2,1.3051135993212928,0,0.0,0.0,1,1.0
EMP023,Zachary Taylor,HR,Recruiter,2026-05-06,0.7692307692307692,-0.48984886512449527,0,0.0,0.0,1,0.0
EMP023,Zachary Taylor,HR,Recruiter,2026-05-07,0.7407407407407405,-0.4790893733944924,0,0.0,0.0,1,0.0
EMP023,Zachary Taylor,HR,Recruiter,2026-05-08,0.7142857142857144,-0.4867123343249741,0,0.0,0.0,1,0.0
EMP023,Zachary Taylor,HR,Recruiter,2026-05-10,3.586206896551724,-0.5178063390231805,1,0.0,0.0,1,0.0
EMP023,Zachary Taylor,HR,Recruiter,2026-05-11,4.266666666666667,1.700481908900593,0,0.0,0.0,1,1.0
EMP023,Zachary Taylor,HR,Recruiter,2026-05-12,0.7333333333333334,1.8410765711314487,0,0.0,1.0,1,1.0
EMP023,Zachary Taylor,HR,Recruiter,2026-05-13,0.7333333333333334,0.08973438312119492,0,0.0,1.0,2,1.0
EMP023,Zachary Taylor,HR,Recruiter,2026-05-14,0.7333333333333334,-0.47576094514099215,0,0.0,1.0,2,0.0
EMP023,Zachary Taylor,HR,Recruiter,2026-05-15,0.7333333333333334,-0.45641238805702633,0,0.0,1.0,2,0.0
EMP023,Zachary Taylor,HR,Recruiter,2026-05-18,6.033333333333333,2.6425462134057094,0,0.0,2.0,2,1.0
EMP023,Zachary Taylor,HR,Recruiter,2026-05-19,0.9666666666666668,-0.48473380540291333,0,0.0,2.0,2,0.0
EMP023,Zachary Taylor,HR,Recruiter,2026-05-20,0.9666666666666668,-0.4799893062821187,0,0.0,2.0,2,0.0
EMP023,Zachary Taylor,HR,Recruiter,2026-05-21,5.8,2.372764861725379,0,0.0,1.0,2,1.0
EMP023,Zachary Taylor,HR,Recruiter,2026-05-22,1.2000000000000002,-0.4928001156236228,0,0.0,1.0,2,0.0
EMP023,Zachary Taylor,HR,Recruiter,2026-05-25,1.9333333333333336,-0.48401253566209523,0,0.0,1.0,2,0.0
EMP023,Zachary Taylor,HR,Recruiter,2026-05-26,0.9333333333333336,-0.5018722331893264,0,0.0,1.0,2,0.0
EMP023,Zachary Taylor,HR,Recruiter,2026-05-27,0.9333333333333336,-0.4957315146619938,0,0.0,0.0,1,0.0
EMP023,Zachary Taylor,HR,Recruiter,2026-05-28,4.866666666666666,4.283838520135719,0,0.14285714285714285,1.0,2,1.0
EMP023,Zachary Taylor,HR,Recruiter,2026-05-29,1.1333333333333337,-0.5037713562683612,0,0.0,1.0,2,0.0
EMP023,Zachary Taylor,HR,Recruiter,2026-06-01,1.166666666666667,-0.5058425253406188,0,0.0,1.0,2,0.0
EMP023,Zachary Taylor,HR,Recruiter,2026-06-02,4.633333333333334,2.010211016776512,0,0.0,2.0,2,1.0
EMP023,Zachary Taylor,HR,Recruiter,2026-06-03,6.333333333333333,1.0882562420176922,0,0.0,2.0,2,1.0
EMP023,Zachary Taylor,HR,Recruiter,2026-06-04,1.4333333333333336,-0.49837837609618885,0,0.0,2.0,2,0.0
EMP023,Zachary Taylor,HR,Recruiter,2026-06-05,1.4333333333333336,-0.4878703362024345,0,0.0,2.0,2,0.0
EMP023,Zachary Taylor,HR,Recruiter,2026-06-08,1.4333333333333336,0.01609208086830315,0,0.1,1.0,1,1.0
EMP023,Zachary Taylor,HR,Recruiter,2026-06-09,1.4333333333333336,-0.5028581890735639,0,0.0,1.0,1,0.0
EMP023,Zachary Taylor,HR,Recruiter,2026-06-10,5.333333333333333,2.254470007077617,0,0.0,1.0,1,1.0
EMP023,Zachary Taylor,HR,Recruiter,2026-06-11,1.666666666666667,-0.43951217779969093,0,0.0,0.0,1,0.0
EMP023,Zachary Taylor,HR,Recruiter,2026-06-12,1.666666666666667,-0.49291260723457603,0,0.0,0.0,1,0.0
EMP023,Zachary Taylor,HR,Recruiter,2026-06-15,2.3666666666666663,-0.50314272667774,0,0.0,0.0,1,0.0
EMP023,Zachary Taylor,HR,Recruiter,2026-06-16,1.3666666666666663,-0.27751764087336833,0,0.0,0.0,2,1.0
EMP023,Zachary Taylor,HR,Recruiter,2026-06-17,2.333333333333333,-0.4942691237196011,0,0.0,0.0,2,0.0
EMP023,Zachary Taylor,HR,Recruiter,2026-06-18,1.333333333333333,0.7665765547663822,0,0.0,0.0,3,1.0
EMP023,Zachary Taylor,HR,Recruiter,2026-06-19,3.4000000000000004,1.095561579576071,0,0.0,0.0,3,1.0
EMP023,Zachary Taylor,HR,Recruiter,2026-06-22,1.4333333333333336,-0.46130246455670165,0,0.0,0.0,3,0.0
EMP023,Zachary Taylor,HR,Recruiter,2026-06-23,1.4333333333333336,-0.47303467786377124,0,0.0,0.0,3,0.0
EMP023,Zachary Taylor,HR,Recruiter,2026-06-24,1.4333333333333336,-0.4890018694655529,0,0.0,0.0,3,0.0
EMP023,Zachary Taylor,HR,Recruiter,2026-06-25,1.4333333333333336,-0.49245602363717744,0,0.0,0.0,2,0.0
EMP023,Zachary Taylor,HR,Recruiter,2026-06-26,1.4333333333333336,-0.49522199383591126,0,0.0,0.0,2,0.0
EMP023,Zachary Taylor,HR,Recruiter,2026-06-29,1.2000000000000002,-0.5092702108979015,0,0.0,0.0,1,0.0
EMP023,Zachary Taylor,HR,Recruiter,2026-06-30,3.6333333333333337,1.1305861735040565,0,0.0,1.0,1,1.0
EMP023,Zachary Taylor,HR,Recruiter,2026-07-01,1.3666666666666663,-0.48891584646894154,0,0.0,1.0,1,0.0
EMP023,Zachary Taylor,HR,Recruiter,2026-07-02,1.1333333333333337,-0.48950477313804996,0,0.0,1.0,1,0.0
EMP023,Zachary Taylor,HR,Recruiter,2026-07-03,1.1333333333333337,-0.48581240143734783,0,0.0,1.0,1,0.0
EMP023,Zachary Taylor,HR,Recruiter,2026-07-06,1.166666666666667,-0.4937993058150314,0,0.0,1.0,1,0.0
EMP023,Zachary Taylor,HR,Recruiter,2026-07-07,1.166666666666667,-0.5040095737974388,0,0.0,1.0,1,0.0
EMP023,Zachary Taylor,HR,Recruiter,2026-07-08,1.166666666666667,-0.48254352756611696,0,0.0,1.0,1,0.0
EMP023,Zachary Taylor,HR,Recruiter,2026-07-09,1.9333333333333336,-0.5013163922881454,0,0.0,0.0,1,0.0
EMP023,Zachary Taylor,HR,Recruiter,2026-07-10,0.9333333333333336,0.601968242173792,0,0.0,0.0,2,1.0
EMP023,Zachary Taylor,HR,Recruiter,2026-07-13,0.9333333333333336,-0.5011377291413373,0,0.0,0.0,2,0.0
EMP023,Zachary Taylor,HR,Recruiter,2026-07-14,7.0,2.5728874376112816,0,0.0,0.0,2,1.0
EMP023,Zachary Taylor,HR,Recruiter,2026-07-15,0.7333333333333334,-0.46959375799931763,0,0.0,0.0,2,0.0
EMP023,Zachary Taylor,HR,Recruiter,2026-07-16,0.7333333333333334,-0.4849124685497216,0,0.0,0.0,2,0.0
EMP023,Zachary Taylor,HR,Recruiter,2026-07-17,7.0,1.355145897581165,0,0.0,1.0,2,1.0
EMP023,Zachary Taylor,HR,Recruiter,2026-07-20,1.0,-0.492151634572245,0,0.0,1.0,2,0.0
EMP023,Zachary Taylor,HR,Recruiter,2026-07-21,1.0,-0.4883203026462477,0,0.0,1.0,1,0.0
EMP023,Zachary Taylor,HR,Recruiter,2026-07-22,0.7666666666666666,-0.4839331298190694,0,0.0,1.0,1,0.0
EMP023,Zachary Taylor,HR,Recruiter,2026-07-23,0.7666666666666666,-0.4971475855292881,0,0.0,1.0,1,0.0
EMP023,Zachary Taylor,HR,Recruiter,2026-07-24,0.7666666666666666,-0.496955688075309,0,0.0,1.0,1,0.0
EMP023,Zachary Taylor,HR,Recruiter,2026-07-27,0.7999999999999998,-0.4928861386202341,0,0.0,1.0,1,0.0
EMP023,Zachary Taylor,HR,Recruiter,2026-07-28,0.7999999999999998,-0.4834897805288417,0,0.0,0.0,1,0.0
EMP023,Zachary Taylor,HR,Recruiter,2026-07-29,0.833333333333333,-0.4792217164662022,0,0.0,0.0,1,0.0
EMP024,Brittany Moore,HR,HR Specialist,2026-04-01,0.0,-0.4425230369803107,0,0.0,0.0,1,0.0
EMP024,Brittany Moore,HR,HR Specialist,2026-04-02,0.0,-0.45163460846966214,0,0.0,0.0,1,0.0
EMP024,Brittany Moore,HR,HR Specialist,2026-04-03,0.0,-0.470293660936187,0,0.0,0.0,1,0.0
EMP024,Brittany Moore,HR,HR Specialist,2026-04-06,0.0,0.25458128955680265,0,0.16666666666666666,0.0,1,1.0
EMP024,Brittany Moore,HR,HR Specialist,2026-04-07,0.0,-0.3888317464071196,0,0.0,0.0,1,0.0
EMP024,Brittany Moore,HR,HR Specialist,2026-04-08,0.0,-0.4075758543834634,0,0.0,0.0,1,0.0
EMP024,Brittany Moore,HR,HR Specialist,2026-04-09,0.0,-0.46052290924573897,0,0.0,0.0,1,0.0
EMP024,Brittany Moore,HR,HR Specialist,2026-04-10,0.0,-0.4554089467178766,0,0.0,0.0,1,0.0
EMP024,Brittany Moore,HR,HR Specialist,2026-04-13,5.333333333333333,3.0510469733218715,0,0.0,0.0,1,1.0
EMP024,Brittany Moore,HR,HR Specialist,2026-04-14,0.5999999999999996,-0.017468758599002165,0,0.125,0.0,1,1.0
EMP024,Brittany Moore,HR,HR Specialist,2026-04-15,0.5454545454545459,-0.46340416464085477,0,0.0,0.0,1,0.0
EMP024,Brittany Moore,HR,HR Specialist,2026-04-16,1.416666666666667,-0.47712999753788243,0,0.0,0.0,1,0.0
EMP024,Brittany Moore,HR,HR Specialist,2026-04-17,0.384615384615385,-0.4722499376620221,0,0.0,0.0,1,0.0
EMP024,Brittany Moore,HR,HR Specialist,2026-04-20,0.35714285714285676,0.9570653770899628,0,0.0,0.0,3,1.0
EMP024,Brittany Moore,HR,HR Specialist,2026-04-21,0.33333333333333304,-0.48180805057792286,0,0.0,0.0,3,0.0
EMP024,Brittany Moore,HR,HR Specialist,2026-04-22,0.3125,-0.47802308039098107,0,0.0,0.0,3,0.0
EMP024,Brittany Moore,HR,HR Specialist,2026-04-23,6.294117647058823,1.5119462592711201,0,0.0,0.0,3,1.0
EMP024,Brittany Moore,HR,HR Specialist,2026-04-24,0.666666666666667,-0.46022521496137275,0,0.0,0.0,3,0.0
EMP024,Brittany Moore,HR,HR Specialist,2026-04-25,4.421052631578948,-0.49670339673496067,1,0.0,0.0,3,0.0
EMP024,Brittany Moore,HR,HR Specialist,2026-04-27,0.40000000000000036,-0.4450747022748782,0,0.0,0.0,3,0.0
EMP024,Brittany Moore,HR,HR Specialist,2026-04-28,0.3809523809523814,-0.3976456236121048,0,0.0,0.0,1,0.0
EMP024,Brittany Moore,HR,HR Specialist,2026-04-29,0.3636363636363633,-0.4429270506519506,0,0.0,0.0,1,0.0
EMP024,Brittany Moore,HR,HR Specialist,2026-04-30,0.3478260869565215,-0.4631277342339433,0,0.0,0.0,1,0.0
EMP024,Brittany Moore,HR,HR Specialist,2026-05-01,0.33333333333333304,-0.4488490405230926,0,0.0,0.0,1,0.0
EMP024,Brittany Moore,HR,HR Specialist,2026-05-04,4.48,2.8411299750887853,0,0.1,1.0,1,1.0
EMP024,Brittany Moore,HR,HR Specialist,2026-05-05,0.5,-0.4485194504225444,0,0.0,1.0,1,0.0
EMP024,Brittany Moore,HR,HR Specialist,2026-05-06,0.48148148148148184,-0.4242892620628805,0,0.0,1.0,1,0.0
EMP024,Brittany Moore,HR,HR Specialist,2026-05-07,0.4642857142857144,-0.45614255049006475,0,0.0,1.0,1,0.0
EMP024,Brittany Moore,HR,HR Specialist,2026-05-08,0.4482758620689653,-0.4736852493902163,0,0.0,1.0,1,0.0
EMP024,Brittany Moore,HR,HR Specialist,2026-05-11,0.43333333333333357,-0.4741105269393109,0,0.0,1.0,1,0.0
EMP024,Brittany Moore,HR,HR Specialist,2026-05-12,0.43333333333333357,-0.4776296986580686,0,0.0,1.0,1,0.0
EMP024,Brittany Moore,HR,HR Specialist,2026-05-13,0.43333333333333357,-0.42712798970308685,0,0.0,0.0,1,0.0
EMP024,Brittany Moore,HR,HR Specialist,2026-05-14,0.43333333333333357,2.213186409973178,0,0.07692307692307693,0.0,2,1.0
EMP024,Brittany Moore,HR,HR Specialist,2026-05-15,5.366666666666666,2.710101962212744,0,0.0,1.0,2,1.0
EMP024,Brittany Moore,HR,HR Specialist,2026-05-18,0.6333333333333337,0.03459584534890221,0,0.125,1.0,2,1.0
EMP024,Brittany Moore,HR,HR Specialist,2026-05-19,0.6333333333333337,-0.4842002367915799,0,0.0,1.0,2,0.0
EMP024,Brittany Moore,HR,HR Specialist,2026-05-20,0.6333333333333337,-0.4763219701946027,0,0.0,1.0,2,0.0
EMP024,Brittany Moore,HR,HR Specialist,2026-05-21,0.6333333333333337,-0.42021722953029983,0,0.0,1.0,2,0.0
EMP024,Brittany Moore,HR,HR Specialist,2026-05-22,5.366666666666666,1.902978333724862,0,0.0,2.0,2,1.0
EMP024,Brittany Moore,HR,HR Specialist,2026-05-25,0.6333333333333337,-0.468018426048531,0,0.0,2.0,1,0.0
EMP024,Brittany Moore,HR,HR Specialist,2026-05-26,0.6333333333333337,-0.4228220545185042,0,0.0,1.0,1,0.0
EMP024,Brittany Moore,HR,HR Specialist,2026-05-27,0.666666666666667,-0.4598318332284603,0,0.0,1.0,1,0.0
EMP024,Brittany Moore,HR,HR Specialist,2026-05-28,5.133333333333334,0.21369085321135856,0,0.0,2.0,1,1.0
EMP024,Brittany Moore,HR,HR Specialist,2026-05-29,0.8666666666666663,-0.46661501013651885,0,0.0,2.0,1,0.0
EMP024,Brittany Moore,HR,HR Specialist,2026-06-01,0.8666666666666663,-0.45199609438639254,0,0.0,2.0,1,0.0
EMP024,Brittany Moore,HR,HR Specialist,2026-06-02,0.8666666666666663,-0.45675920293625194,0,0.0,1.0,1,0.0
EMP024,Brittany Moore,HR,HR Specialist,2026-06-03,0.6333333333333337,-0.453059288259129,0,0.0,1.0,1,0.0
EMP024,Brittany Moore,HR,HR Specialist,2026-06-04,0.6333333333333337,-0.44654190981925457,0,0.0,1.0,1,0.0
EMP024,Brittany Moore,HR,HR Specialist,2026-06-05,0.7666666666666666,-0.20608998356117722,0,0.16666666666666666,1.0,1,1.0
EMP024,Brittany Moore,HR,HR Specialist,2026-06-08,0.7666666666666666,1.7621370414034632,0,0.0,1.0,1,1.0
EMP024,Brittany Moore,HR,HR Specialist,2026-06-09,0.7666666666666666,-0.4514644974500243,0,0.0,1.0,1,0.0
EMP024,Brittany Moore,HR,HR Specialist,2026-06-10,0.7666666666666666,-0.4397481009724686,0,0.0,1.0,1,0.0
EMP024,Brittany Moore,HR,HR Specialist,2026-06-11,0.7666666666666666,-0.4422785023895814,0,0.0,1.0,1,0.0
EMP024,Brittany Moore,HR,HR Specialist,2026-06-12,1.7333333333333334,-0.48465741015685654,0,0.0,1.0,1,0.0
EMP024,Brittany Moore,HR,HR Specialist,2026-06-15,0.5666666666666664,-0.4600551039417349,0,0.0,1.0,1,0.0
EMP024,Brittany Moore,HR,HR Specialist,2026-06-16,0.5666666666666664,-0.48316893873502553,0,0.0,1.0,1,0.0
EMP024,Brittany Moore,HR,HR Specialist,2026-06-17,0.5666666666666664,1.443625421009075,0,0.14285714285714285,0.0,2,1.0
EMP024,Brittany Moore,HR,HR Specialist,2026-06-18,0.5666666666666664,1.5873904964804992,0,0.0,1.0,2,1.0
EMP024,Brittany Moore,HR,HR Specialist,2026-06-19,0.5666666666666664,-0.47310049276021127,0,0.0,1.0,2,0.0
EMP024,Brittany Moore,HR,HR Specialist,2026-06-22,0.5666666666666664,-0.46511590677596043,0,0.0,1.0,2,0.0
EMP024,Brittany Moore,HR,HR Specialist,2026-06-23,0.5666666666666664,-0.4594597153730025,0,0.0,1.0,2,0.0
EMP024,Brittany Moore,HR,HR Specialist,2026-06-24,0.5666666666666664,-0.4580669313997177,0,0.0,1.0,2,0.0
EMP024,Brittany Moore,HR,HR Specialist,2026-06-25,0.5666666666666664,-0.4718246601129275,0,0.0,1.0,2,0.0
EMP024,Brittany Moore,HR,HR Specialist,2026-06-26,0.36666666666666625,-0.4842959242401262,0,0.0,1.0,1,0.0
EMP024,Brittany Moore,HR,HR Specialist,2026-06-29,0.36666666666666625,0.12828448941443885,0,0.18181818181818182,0.0,1,1.0
EMP024,Brittany Moore,HR,HR Specialist,2026-06-30,0.36666666666666625,-0.43808951853099964,0,0.0,0.0,1,0.0
EMP024,Brittany Moore,HR,HR Specialist,2026-07-01,0.36666666666666625,-0.45029498419001424,0,0.0,0.0,1,0.0
EMP024,Brittany Moore,HR,HR Specialist,2026-07-02,0.36666666666666625,-0.4864435758630538,0,0.0,0.0,1,0.0
EMP024,Brittany Moore,HR,HR Specialist,2026-07-03,7.566666666666666,0.7640637933721135,0,0.0,0.0,1,1.0
EMP024,Brittany Moore,HR,HR Specialist,2026-07-06,0.43333333333333357,-0.47284532623075454,0,0.0,0.0,1,0.0
EMP024,Brittany Moore,HR,HR Specialist,2026-07-07,0.43333333333333357,-0.4488490405230926,0,0.0,0.0,1,0.0
EMP024,Brittany Moore,HR,HR Specialist,2026-07-08,0.43333333333333357,3.181213799160996,0,0.0,1.0,2,1.0
EMP024,Brittany Moore,HR,HR Specialist,2026-07-09,0.2333333333333334,-0.4590344378239079,0,0.0,1.0,2,0.0
EMP024,Brittany Moore,HR,HR Specialist,2026-07-10,5.566666666666666,3.843020089123259,0,0.0,1.0,2,1.0
EMP024,Brittany Moore,HR,HR Specialist,2026-07-13,0.43333333333333357,-0.45856663251990387,0,0.0,1.0,2,0.0
EMP024,Brittany Moore,HR,HR Specialist,2026-07-14,0.43333333333333357,-0.45678046681370665,0,0.0,1.0,2,0.0
EMP024,Brittany Moore,HR,HR Specialist,2026-07-15,0.43333333333333357,-0.4592470765984552,0,0.0,1.0,2,0.0
EMP024,Brittany Moore,HR,HR Specialist,2026-07-16,0.43333333333333357,-0.43719643567790106,0,0.0,1.0,2,0.0
EMP024,Brittany Moore,HR,HR Specialist,2026-07-17,0.43333333333333357,-0.4808299122150053,0,0.0,0.0,1,0.0
EMP024,Brittany Moore,HR,HR Specialist,2026-07-18,8.166666666666668,-0.5019236786500966,1,0.0,0.0,1,0.0
EMP024,Brittany Moore,HR,HR Specialist,2026-07-20,0.16666666666666696,-0.48249912659520156,0,0.0,0.0,1,0.0
EMP024,Brittany Moore,HR,HR Specialist,2026-07-21,0.16666666666666696,1.5783533485622394,0,0.0,0.0,2,1.0
EMP024,Brittany Moore,HR,HR Specialist,2026-07-22,0.16666666666666696,-0.4326353339638616,0,0.0,0.0,2,0.0
EMP024,Brittany Moore,HR,HR Specialist,2026-07-23,0.20000000000000018,-0.4476369995081731,0,0.0,0.0,2,0.0
EMP024,Brittany Moore,HR,HR Specialist,2026-07-24,0.20000000000000018,-0.4841683409753978,0,0.0,0.0,2,0.0
EMP024,Brittany Moore,HR,HR Specialist,2026-07-27,4.633333333333334,0.8389020100740326,0,0.0,1.0,2,1.0
EMP024,Brittany Moore,HR,HR Specialist,2026-07-28,0.36666666666666625,-0.4298497660172922,0,0.0,1.0,2,0.0
EMP024,Brittany Moore,HR,HR Specialist,2026-07-29,0.36666666666666625,-0.40178144777704966,0,0.0,1.0,2,0.0
EMP025,Linda Cruz,IT,SysAdmin,2026-04-01,0.0,-0.39787350988414666,0,0.0,0.0,1,0.0
EMP025,Linda Cruz,IT,SysAdmin,2026-04-02,0.5,-0.502458980132409,0,0.0,0.0,1,0.0
EMP025,Linda Cruz,IT,SysAdmin,2026-04-03,0.3333333333333339,-0.4771542292010131,0,0.0,0.0,1,0.0
EMP025,Linda Cruz,IT,SysAdmin,2026-04-06,0.25,-0.0456926483406603,0,0.1111111111111111,0.0,1,1.0
EMP025,Linda Cruz,IT,SysAdmin,2026-04-07,0.1999999999999993,-0.47003185915431717,0,0.0,0.0,1,0.0
EMP025,Linda Cruz,IT,SysAdmin,2026-04-08,0.16666666666666607,0.015111448801606185,0,0.0,0.0,2,1.0
EMP025,Linda Cruz,IT,SysAdmin,2026-04-09,0.14285714285714235,-0.43145163355508237,0,0.0,0.0,2,0.0
EMP025,Linda Cruz,IT,SysAdmin,2026-04-10,0.125,-0.45048212168714097,0,0.0,0.0,2,0.0
EMP025,Linda Cruz,IT,SysAdmin,2026-04-13,0.11111111111111072,-0.4670721379441471,0,0.0,0.0,2,0.0
EMP025,Linda Cruz,IT,SysAdmin,2026-04-14,7.3,0.934667404672467,0,0.1,0.0,2,1.0
EMP025,Linda Cruz,IT,SysAdmin,2026-04-15,0.6363636363636367,-0.4243811884418982,0,0.0,0.0,2,0.0
EMP025,Linda Cruz,IT,SysAdmin,2026-04-16,0.583333333333333,-0.4451511618466007,0,0.0,0.0,2,0.0
EMP025,Linda Cruz,IT,SysAdmin,2026-04-17,0.5384615384615383,-0.44351552644098036,0,0.0,0.0,1,0.0
EMP025,Linda Cruz,IT,SysAdmin,2026-04-20,0.5,-0.5105246531379017,0,0.0,0.0,1,0.0
EMP025,Linda Cruz,IT,SysAdmin,2026-04-21,0.4666666666666668,-0.44724546749824146,0,0.0,0.0,1,0.0
EMP025,Linda Cruz,IT,SysAdmin,2026-04-22,0.4375,-0.4865786046333968,0,0.0,0.0,1,0.0
EMP025,Linda Cruz,IT,SysAdmin,2026-04-23,0.41176470588235325,-0.48005337132208614,0,0.0,0.0,1,0.0
EMP025,Linda Cruz,IT,SysAdmin,2026-04-24,0.3888888888888893,-0.44035675965234855,0,0.0,0.0,1,0.0
EMP025,Linda Cruz,IT,SysAdmin,2026-04-27,0.36842105263157876,-0.45631502255162826,0,0.0,0.0,1,0.0
EMP025,Linda Cruz,IT,SysAdmin,2026-04-28,0.34999999999999964,0.1846550108730754,0,0.09090909090909091,0.0,1,1.0
EMP025,Linda Cruz,IT,SysAdmin,2026-04-29,0.33333333333333304,-0.4161164698579437,0,0.0,0.0,1,0.0
EMP025,Linda Cruz,IT,SysAdmin,2026-04-30,0.31818181818181834,-0.46077191267805406,0,0.0,0.0,1,0.0
EMP025,Linda Cruz,IT,SysAdmin,2026-05-01,5.434782608695652,0.8051233497162208,0,0.0,1.0,1,1.0
EMP025,Linda Cruz,IT,SysAdmin,2026-05-04,0.541666666666667,-0.45830547833624563,0,0.0,1.0,1,0.0
EMP025,Linda Cruz,IT,SysAdmin,2026-05-05,0.5199999999999996,-0.4482320412349649,0,0.0,1.0,1,0.0
EMP025,Linda Cruz,IT,SysAdmin,2026-05-06,0.5,-0.015671382615279984,0,0.0,1.0,2,1.0
EMP025,Linda Cruz,IT,SysAdmin,2026-05-07,0.48148148148148184,-0.4662586473191296,0,0.0,1.0,2,0.0
EMP025,Linda Cruz,IT,SysAdmin,2026-05-08,5.321428571428571,0.48335319089945283,0,0.0,2.0,2,1.0
EMP025,Linda Cruz,IT,SysAdmin,2026-05-11,0.6551724137931032,-0.45840932820326913,0,0.0,2.0,2,0.0
EMP025,Linda Cruz,IT,SysAdmin,2026-05-12,0.6333333333333337,-0.47085400393492005,0,0.0,1.0,2,0.0
EMP025,Linda Cruz,IT,SysAdmin,2026-05-13,0.6333333333333337,-0.5046138648731469,0,0.0,1.0,2,0.0
EMP025,Linda Cruz,IT,SysAdmin,2026-05-14,0.666666666666667,-0.45511209492527255,0,0.0,1.0,2,0.0
EMP025,Linda Cruz,IT,SysAdmin,2026-05-15,0.666666666666667,1.911513870517966,0,0.0,1.0,1,1.0
EMP025,Linda Cruz,IT,SysAdmin,2026-05-16,11.3,-0.522891441469285,1,0.0,1.0,1,0.0
EMP025,Linda Cruz,IT,SysAdmin,2026-05-18,6.466666666666667,2.9056513392228793,0,0.0,1.0,1,1.0
EMP025,Linda Cruz,IT,SysAdmin,2026-05-19,0.5333333333333332,-0.40835369229793617,0,0.0,1.0,1,0.0
EMP025,Linda Cruz,IT,SysAdmin,2026-05-20,0.5333333333333332,-0.4393528776044546,0,0.0,1.0,1,0.0
EMP025,Linda Cruz,IT,SysAdmin,2026-05-21,0.5333333333333332,-0.48179285659473,0,0.0,1.0,1,0.0
EMP025,Linda Cruz,IT,SysAdmin,2026-05-22,0.5333333333333332,-0.46635384303056776,0,0.0,1.0,1,0.0
EMP025,Linda Cruz,IT,SysAdmin,2026-05-25,1.2333333333333334,0.8207354463920886,0,0.0,1.0,2,1.0
EMP025,Linda Cruz,IT,SysAdmin,2026-05-26,0.2333333333333334,-0.450897521155235,0,0.0,1.0,2,0.0
EMP025,Linda Cruz,IT,SysAdmin,2026-05-27,0.2333333333333334,-0.4775350120467659,0,0.0,0.0,2,0.0
EMP025,Linda Cruz,IT,SysAdmin,2026-05-28,0.2333333333333334,-0.4489849527708853,0,0.0,0.0,2,0.0
EMP025,Linda Cruz,IT,SysAdmin,2026-05-29,0.2333333333333334,-0.41338175669299115,0,0.0,0.0,2,0.0
EMP025,Linda Cruz,IT,SysAdmin,2026-06-01,0.2333333333333334,-0.038639511538646774,0,0.14285714285714285,0.0,2,1.0
EMP025,Linda Cruz,IT,SysAdmin,2026-06-02,0.2333333333333334,-0.46100557487885696,0,0.0,0.0,2,0.0
EMP025,Linda Cruz,IT,SysAdmin,2026-06-03,0.2333333333333334,-0.42556680775708333,0,0.0,0.0,1,0.0
EMP025,Linda Cruz,IT,SysAdmin,2026-06-04,4.6,2.00802501360515,0,0.0,0.0,1,1.0
EMP025,Linda Cruz,IT,SysAdmin,2026-06-05,0.40000000000000036,2.457487238082911,0,0.0,1.0,1,1.0
EMP025,Linda Cruz,IT,SysAdmin,2026-06-08,0.40000000000000036,0.19318800828017402,0,0.0,1.0,2,1.0
EMP025,Linda Cruz,IT,SysAdmin,2026-06-09,0.40000000000000036,-0.4835323418673738,0,0.0,1.0,2,0.0
EMP025,Linda Cruz,IT,SysAdmin,2026-06-10,0.40000000000000036,-0.4281457461215005,0,0.0,1.0,2,0.0
EMP025,Linda Cruz,IT,SysAdmin,2026-06-11,5.6,3.573077126271823,0,0.0,1.0,2,1.0
EMP025,Linda Cruz,IT,SysAdmin,2026-06-12,0.40000000000000036,-0.4650643738483592,0,0.0,1.0,2,0.0
EMP025,Linda Cruz,IT,SysAdmin,2026-06-15,0.40000000000000036,2.743991712889611,0,0.0,1.0,3,1.0
EMP025,Linda Cruz,IT,SysAdmin,2026-06-16,0.40000000000000036,-0.4736319878777989,0,0.0,0.0,3,0.0
EMP025,Linda Cruz,IT,SysAdmin,2026-06-17,0.40000000000000036,-0.4710443953577964,0,0.0,0.0,2,0.0
EMP025,Linda Cruz,IT,SysAdmin,2026-06-18,0.20000000000000018,-0.47356275463311664,0,0.0,0.0,2,0.0
EMP025,Linda Cruz,IT,SysAdmin,2026-06-19,0.20000000000000018,-0.4522821860488819,0,0.0,0.0,2,0.0
EMP025,Linda Cruz,IT,SysAdmin,2026-06-22,0.20000000000000018,-0.48062454559071544,0,0.0,0.0,2,0.0
EMP025,Linda Cruz,IT,SysAdmin,2026-06-23,0.20000000000000018,-0.3807036652029259,0,0.0,0.0,2,0.0
EMP025,Linda Cruz,IT,SysAdmin,2026-06-24,0.20000000000000018,-0.48634494243259396,0,0.0,0.0,1,0.0
EMP025,Linda Cruz,IT,SysAdmin,2026-06-25,0.20000000000000018,-0.41977717767052247,0,0.0,0.0,1,0.0
EMP025,Linda Cruz,IT,SysAdmin,2026-06-26,0.5666666666666664,-0.43855669529060765,0,0.0,0.0,1,0.0
EMP025,Linda Cruz,IT,SysAdmin,2026-06-29,0.33333333333333304,-0.4706809208232141,0,0.0,0.0,1,0.0
EMP025,Linda Cruz,IT,SysAdmin,2026-06-30,0.33333333333333304,-0.4845016072929266,0,0.0,0.0,1,0.0
EMP025,Linda Cruz,IT,SysAdmin,2026-07-01,0.33333333333333304,-0.465029757226018,0,0.0,0.0,1,0.0
EMP025,Linda Cruz,IT,SysAdmin,2026-07-02,0.33333333333333304,-0.46423357491217115,0,0.0,0.0,1,0.0
EMP025,Linda Cruz,IT,SysAdmin,2026-07-03,1.2999999999999998,-0.45952571427377187,0,0.0,0.0,1,0.0
EMP025,Linda Cruz,IT,SysAdmin,2026-07-06,0.33333333333333304,-0.38760102720440426,0,0.0,0.0,1,0.0
EMP025,Linda Cruz,IT,SysAdmin,2026-07-07,5.466666666666667,1.5637466283229784,0,0.0,1.0,1,1.0
EMP025,Linda Cruz,IT,SysAdmin,2026-07-08,0.5333333333333332,0.15787905349217984,0,0.14285714285714285,1.0,1,1.0
EMP025,Linda Cruz,IT,SysAdmin,2026-07-09,0.5333333333333332,-0.48696804163473506,0,0.0,1.0,1,0.0
EMP025,Linda Cruz,IT,SysAdmin,2026-07-10,0.5333333333333332,0.774089547787361,0,0.25,1.0,1,1.0
EMP025,Linda Cruz,IT,SysAdmin,2026-07-13,0.5333333333333332,-0.4591016606500925,0,0.0,1.0,1,0.0
EMP025,Linda Cruz,IT,SysAdmin,2026-07-14,0.5333333333333332,-0.5012906691283944,0,0.0,1.0,1,0.0
EMP025,Linda Cruz,IT,SysAdmin,2026-07-15,0.5333333333333332,-0.43951730656057514,0,0.0,1.0,1,0.0
EMP025,Linda Cruz,IT,SysAdmin,2026-07-16,0.36666666666666625,-0.4179857674643669,0,0.0,0.0,1,0.0
EMP025,Linda Cruz,IT,SysAdmin,2026-07-17,0.36666666666666625,-0.4761849637754603,0,0.0,0.0,1,0.0
EMP025,Linda Cruz,IT,SysAdmin,2026-07-20,0.36666666666666625,-0.3575018740787563,0,0.0,0.0,1,0.0
EMP025,Linda Cruz,IT,SysAdmin,2026-07-21,0.36666666666666625,-0.41381446447225584,0,0.0,1.0,1,0.0
EMP025,Linda Cruz,IT,SysAdmin,2026-07-22,6.4,2.1707231386086523,0,0.0,2.0,1,1.0
EMP025,Linda Cruz,IT,SysAdmin,2026-07-23,3.466666666666667,3.8921731510127344,0,0.0,3.0,2,1.0
EMP025,Linda Cruz,IT,SysAdmin,2026-07-24,0.5333333333333332,-0.47031744628863187,0,0.0,3.0,2,0.0
EMP025,Linda Cruz,IT,SysAdmin,2026-07-27,1.5,-0.4671673336555853,0,0.0,3.0,2,0.0
EMP025,Linda Cruz,IT,SysAdmin,2026-07-28,0.5,-0.48464007378229124,0,0.0,3.0,2,0.0
EMP025,Linda Cruz,IT,SysAdmin,2026-07-29,6.266666666666667,2.129581282956171,0,0.0,4.0,2,1.0
EMP026,Shannon Smith,IT,Network Engineer,2026-04-01,0.0,-0.29983657126163893,0,0.125,0.0,1,1.0
EMP026,Shannon Smith,IT,Network Engineer,2026-04-02,0.0,-0.4896457416461352,0,0.0,0.0,1,0.0
EMP026,Shannon Smith,IT,Network Engineer,2026-04-03,0.0,-0.4951063802175889,0,0.0,0.0,1,0.0
EMP026,Shannon Smith,IT,Network Engineer,2026-04-06,0.0,-0.4655707820124718,0,0.0,0.0,1,0.0
EMP026,Shannon Smith,IT,Network Engineer,2026-04-07,0.0,-0.5213152567278726,0,0.0,0.0,1,0.0
EMP026,Shannon Smith,IT,Network Engineer,2026-04-08,0.0,-0.45986939384468156,0,0.0,0.0,1,0.0
EMP026,Shannon Smith,IT,Network Engineer,2026-04-09,0.8571428571428577,-0.4701450243428679,0,0.0,0.0,1,0.0
EMP026,Shannon Smith,IT,Network Engineer,2026-04-10,0.125,-0.47416116533630176,0,0.0,0.0,1,0.0
EMP026,Shannon Smith,IT,Network Engineer,2026-04-13,0.11111111111111072,-0.4190185646117427,0,0.0,0.0,1,0.0
EMP026,Shannon Smith,IT,Network Engineer,2026-04-14,0.09999999999999964,-0.49941798662470865,0,0.0,0.0,1,0.0
EMP026,Shannon Smith,IT,Network Engineer,2026-04-15,0.09090909090909172,-0.47907464573426306,0,0.0,0.0,1,0.0
EMP026,Shannon Smith,IT,Network Engineer,2026-04-16,0.08333333333333393,-0.5166644122531876,0,0.0,0.0,1,0.0
EMP026,Shannon Smith,IT,Network Engineer,2026-04-17,0.07692307692307665,-0.48699749608643234,0,0.0,0.0,1,0.0
EMP026,Shannon Smith,IT,Network Engineer,2026-04-20,0.07142857142857117,1.0671177504108307,0,0.0,0.0,2,1.0
EMP026,Shannon Smith,IT,Network Engineer,2026-04-21,0.8666666666666671,-0.4645421246463063,0,0.0,0.0,2,0.0
EMP026,Shannon Smith,IT,Network Engineer,2026-04-22,0.125,-0.4843054778728499,0,0.0,0.0,2,0.0
EMP026,Shannon Smith,IT,Network Engineer,2026-04-23,0.117647058823529,-0.5224314594017969,0,0.0,0.0,2,0.0
EMP026,Shannon Smith,IT,Network Engineer,2026-04-24,0.11111111111111072,-0.5161829130605142,0,0.0,0.0,2,0.0
EMP026,Shannon Smith,IT,Network Engineer,2026-04-27,0.10526315789473628,-0.5157999023390696,0,0.0,0.0,2,0.0
EMP026,Shannon Smith,IT,Network Engineer,2026-04-28,0.09999999999999964,-0.4512461810304421,0,0.0,0.0,2,0.0
EMP026,Shannon Smith,IT,Network Engineer,2026-04-29,0.8571428571428577,-0.4421742985139389,0,0.0,0.0,1,0.0
EMP026,Shannon Smith,IT,Network Engineer,2026-04-30,0.1363636363636367,-0.5029416852619994,0,0.0,0.0,1,0.0
EMP026,Shannon Smith,IT,Network Engineer,2026-05-01,0.13043478260869534,-0.4933007582450642,0,0.0,0.0,1,0.0
EMP026,Shannon Smith,IT,Network Engineer,2026-05-04,6.833333333333333,2.619876044637833,0,0.0,1.0,2,1.0
EMP026,Shannon Smith,IT,Network Engineer,2026-05-05,0.16000000000000014,0.38625600564388934,0,0.0,1.0,3,1.0
EMP026,Shannon Smith,IT,Network Engineer,2026-05-06,4.653846153846154,2.6154659497594843,0,0.0,1.0,3,1.0
EMP026,Shannon Smith,IT,Network Engineer,2026-05-07,0.33333333333333304,-0.509627958142076,0,0.0,1.0,3,0.0
EMP026,Shannon Smith,IT,Network Engineer,2026-05-08,0.3214285714285712,0.38684693647126106,0,0.1111111111111111,1.0,3,1.0
EMP026,Shannon Smith,IT,Network Engineer,2026-05-11,0.3103448275862073,-0.434514084085046,0,0.0,1.0,3,0.0
EMP026,Shannon Smith,IT,Network Engineer,2026-05-12,0.2999999999999998,-0.4687114699283179,0,0.0,1.0,3,0.0
EMP026,Shannon Smith,IT,Network Engineer,2026-05-13,0.2999999999999998,-0.47409550635548264,0,0.0,0.0,2,0.0
EMP026,Shannon Smith,IT,Network Engineer,2026-05-14,0.2999999999999998,-0.4886280274434395,0,0.0,0.0,1,0.0
EMP026,Shannon Smith,IT,Network Engineer,2026-05-15,0.2999999999999998,-0.4337480626421567,0,0.0,0.0,1,0.0
EMP026,Shannon Smith,IT,Network Engineer,2026-05-18,0.2999999999999998,-0.4668511321384439,0,0.0,0.0,1,0.0
EMP026,Shannon Smith,IT,Network Engineer,2026-05-19,0.2999999999999998,-0.191674343525671,0,0.14285714285714285,0.0,1,1.0
EMP026,Shannon Smith,IT,Network Engineer,2026-05-20,0.2999999999999998,1.599579255363177,0,0.0,0.0,2,1.0
EMP026,Shannon Smith,IT,Network Engineer,2026-05-21,0.33333333333333304,-0.49772179628688235,0,0.0,0.0,2,0.0
EMP026,Shannon Smith,IT,Network Engineer,2026-05-22,0.33333333333333304,-0.46548323670471303,0,0.0,0.0,2,0.0
EMP026,Shannon Smith,IT,Network Engineer,2026-05-25,0.33333333333333304,-0.5058416235815089,0,0.0,0.0,2,0.0
EMP026,Shannon Smith,IT,Network Engineer,2026-05-26,0.33333333333333304,-0.47223516856560865,0,0.0,0.0,2,0.0
EMP026,Shannon Smith,IT,Network Engineer,2026-05-27,0.33333333333333304,1.6572934995031499,0,0.0,0.0,3,1.0
EMP026,Shannon Smith,IT,Network Engineer,2026-05-28,1.2999999999999998,-0.4833753089779129,0,0.0,0.0,3,0.0
EMP026,Shannon Smith,IT,Network Engineer,2026-05-29,0.2999999999999998,-0.35326109532143196,0,0.14285714285714285,0.0,2,1.0
EMP026,Shannon Smith,IT,Network Engineer,2026-06-01,1.2666666666666666,-0.5035982750701902,0,0.0,0.0,2,0.0
EMP026,Shannon Smith,IT,Network Engineer,2026-06-02,4.533333333333333,0.151951932590995,0,0.0,1.0,2,1.0
EMP026,Shannon Smith,IT,Network Engineer,2026-06-03,0.4666666666666668,-0.4310669875920442,0,0.0,1.0,2,0.0
EMP026,Shannon Smith,IT,Network Engineer,2026-06-04,0.4666666666666668,-0.5298509242343532,0,0.0,1.0,2,0.0
EMP026,Shannon Smith,IT,Network Engineer,2026-06-05,0.4666666666666668,0.38359681692071645,0,0.1111111111111111,1.0,1,1.0
EMP026,Shannon Smith,IT,Network Engineer,2026-06-08,0.4666666666666668,-0.4921845555711398,0,0.0,1.0,1,0.0
EMP026,Shannon Smith,IT,Network Engineer,2026-06-09,0.4666666666666668,-0.481657232313147,0,0.0,1.0,1,0.0
EMP026,Shannon Smith,IT,Network Engineer,2026-06-10,0.5,0.6563989390605327,0,0.0,1.0,2,1.0
EMP026,Shannon Smith,IT,Network Engineer,2026-06-11,0.5,-0.4785493738877104,0,0.0,0.0,2,0.0
EMP026,Shannon Smith,IT,Network Engineer,2026-06-12,0.5,-0.5341844169684127,0,0.0,0.0,2,0.0
EMP026,Shannon Smith,IT,Network Engineer,2026-06-15,0.2666666666666666,-0.47710487630969056,0,0.0,0.0,2,0.0
EMP026,Shannon Smith,IT,Network Engineer,2026-06-16,0.2666666666666666,-0.4591471450556716,0,0.0,0.0,2,0.0
EMP026,Shannon Smith,IT,Network Engineer,2026-06-17,0.09999999999999964,-0.36819851345777316,0,0.0,0.0,2,0.0
EMP026,Shannon Smith,IT,Network Engineer,2026-06-18,0.09999999999999964,-0.5122871468652488,0,0.0,0.0,2,0.0
EMP026,Shannon Smith,IT,Network Engineer,2026-06-19,0.09999999999999964,-0.4677922441968508,0,0.0,0.0,1,0.0
EMP026,Shannon Smith,IT,Network Engineer,2026-06-22,1.0666666666666664,-0.4838568081705862,0,0.0,0.0,1,0.0
EMP026,Shannon Smith,IT,Network Engineer,2026-06-23,0.06666666666666643,-0.4884091641740425,0,0.0,0.0,1,0.0
EMP026,Shannon Smith,IT,Network Engineer,2026-06-24,0.06666666666666643,0.2527712976386955,0,0.1,1.0,1,1.0
EMP026,Shannon Smith,IT,Network Engineer,2026-06-25,0.06666666666666643,-0.4758135830202486,0,0.0,1.0,1,0.0
EMP026,Shannon Smith,IT,Network Engineer,2026-06-26,0.06666666666666643,-0.4208679592381468,0,0.0,1.0,1,0.0
EMP026,Shannon Smith,IT,Network Engineer,2026-06-29,1.0333333333333332,-0.48047537065840346,0,0.0,1.0,1,0.0
EMP026,Shannon Smith,IT,Network Engineer,2026-06-30,0.033333333333333215,-0.3944292762949964,0,0.0,1.0,1,0.0
EMP026,Shannon Smith,IT,Network Engineer,2026-07-01,3.833333333333333,0.7942061966363162,0,0.0,2.0,1,1.0
EMP026,Shannon Smith,IT,Network Engineer,2026-07-02,3.7,1.5354960900837524,0,0.0,3.0,1,1.0
EMP026,Shannon Smith,IT,Network Engineer,2026-07-03,0.2999999999999998,-0.4742705969710002,0,0.0,2.0,1,0.0
EMP026,Shannon Smith,IT,Network Engineer,2026-07-06,0.2999999999999998,-0.3695226362376246,0,0.0,2.0,1,0.0
EMP026,Shannon Smith,IT,Network Engineer,2026-07-07,0.2999999999999998,-0.5351364721902894,0,0.0,2.0,1,0.0
EMP026,Shannon Smith,IT,Network Engineer,2026-07-08,7.433333333333334,0.8600730975613251,0,0.0,2.0,1,1.0
EMP026,Shannon Smith,IT,Network Engineer,2026-07-09,7.133333333333334,3.5406447621542303,0,0.0,3.0,2,1.0
EMP026,Shannon Smith,IT,Network Engineer,2026-07-10,4.933333333333334,3.027443224908815,0,0.0,3.0,2,1.0
EMP026,Shannon Smith,IT,Network Engineer,2026-07-13,1.0999999999999996,-0.4987942263069274,0,0.0,2.0,2,0.0
EMP026,Shannon Smith,IT,Network Engineer,2026-07-14,0.9333333333333336,-0.4314499983134889,0,0.0,2.0,2,0.0
EMP026,Shannon Smith,IT,Network Engineer,2026-07-15,4.866666666666666,2.804082315325768,0,0.0,2.0,2,1.0
EMP026,Shannon Smith,IT,Network Engineer,2026-07-16,1.1333333333333337,-0.48727107517317847,0,0.0,2.0,2,0.0
EMP026,Shannon Smith,IT,Network Engineer,2026-07-17,1.1333333333333337,0.47634012732767,0,0.0,2.0,3,1.0
EMP026,Shannon Smith,IT,Network Engineer,2026-07-20,2.7333333333333334,1.68232051435869,0,0.0,2.0,2,1.0
EMP026,Shannon Smith,IT,Network Engineer,2026-07-21,1.2666666666666666,-0.3506675655790782,0,0.0,1.0,2,0.0
EMP026,Shannon Smith,IT,Network Engineer,2026-07-22,1.2666666666666666,-0.4972840697480885,0,0.0,1.0,2,0.0
EMP026,Shannon Smith,IT,Network Engineer,2026-07-23,1.2666666666666666,-0.5335497134871614,0,0.0,1.0,2,0.0
EMP026,Shannon Smith,IT,Network Engineer,2026-07-24,6.466666666666667,3.6213505927443514,0,0.0,1.0,2,1.0
EMP026,Shannon Smith,IT,Network Engineer,2026-07-27,1.5333333333333332,-0.5060386005239661,0,0.0,1.0,2,0.0
EMP026,Shannon Smith,IT,Network Engineer,2026-07-28,1.5333333333333332,0.2192195584401446,0,0.125,1.0,2,1.0
EMP026,Shannon Smith,IT,Network Engineer,2026-07-29,1.5333333333333332,-0.45935506516159874,0,0.0,0.0,2,0.0
EMP027,Gina Carter,IT,IT Support,2026-04-01,0.0,-0.42784938812574586,0,0.0,0.0,1,0.0
EMP027,Gina Carter,IT,IT Support,2026-04-02,0.0,-0.4080357863046478,0,0.0,0.0,1,0.0
EMP027,Gina Carter,IT,IT Support,2026-04-03,0.0,-0.41573602478153765,0,0.0,0.0,1,0.0
EMP027,Gina Carter,IT,IT Support,2026-04-04,0.75,-0.45492960918162,1,0.0,0.0,1,0.0
EMP027,Gina Carter,IT,IT Support,2026-04-06,0.1999999999999993,0.7138840640770819,0,0.0,0.0,2,1.0
EMP027,Gina Carter,IT,IT Support,2026-04-07,0.16666666666666607,-0.37548636771114613,0,0.0,0.0,2,0.0
EMP027,Gina Carter,IT,IT Support,2026-04-08,0.14285714285714235,2.1520522191345655,0,0.0,1.0,2,1.0
EMP027,Gina Carter,IT,IT Support,2026-04-09,0.125,-0.06259511523240151,0,0.16666666666666666,1.0,2,1.0
EMP027,Gina Carter,IT,IT Support,2026-04-10,0.11111111111111072,-0.35588957551110495,0,0.0,1.0,2,0.0
EMP027,Gina Carter,IT,IT Support,2026-04-13,0.09999999999999964,-0.4228347914064633,0,0.0,1.0,2,0.0
EMP027,Gina Carter,IT,IT Support,2026-04-14,0.09090909090909172,-0.3896908948197413,0,0.0,1.0,2,0.0
EMP027,Gina Carter,IT,IT Support,2026-04-15,1.0,-0.4221703748258053,0,0.0,1.0,1,0.0
EMP027,Gina Carter,IT,IT Support,2026-04-16,0.0,-0.43467539425966456,0,0.0,1.0,1,0.0
EMP027,Gina Carter,IT,IT Support,2026-04-17,0.0,-0.4057138252017165,0,0.0,0.0,1,0.0
EMP027,Gina Carter,IT,IT Support,2026-04-20,0.9333333333333336,-0.4052452366658839,0,0.0,0.0,1,0.0
EMP027,Gina Carter,IT,IT Support,2026-04-21,0.0625,0.9156778704110534,0,0.0,0.0,2,1.0
EMP027,Gina Carter,IT,IT Support,2026-04-22,0.0588235294117645,-0.4039653605157742,0,0.0,0.0,2,0.0
EMP027,Gina Carter,IT,IT Support,2026-04-23,0.05555555555555536,-0.35719043323744604,0,0.0,0.0,2,0.0
EMP027,Gina Carter,IT,IT Support,2026-04-24,0.05263157894736814,-0.3819416993316451,0,0.0,0.0,2,0.0
EMP027,Gina Carter,IT,IT Support,2026-04-27,7.65,2.282907316230487,0,0.16666666666666666,1.0,2,1.0
EMP027,Gina Carter,IT,IT Support,2026-04-28,0.3333333333333339,-0.39518806779234383,0,0.0,1.0,2,0.0
EMP027,Gina Carter,IT,IT Support,2026-04-29,0.31818181818181834,-0.3667790135751535,0,0.0,1.0,2,0.0
EMP027,Gina Carter,IT,IT Support,2026-04-30,0.304347826086957,-0.4257162612088962,0,0.0,1.0,1,0.0
EMP027,Gina Carter,IT,IT Support,2026-05-01,0.2916666666666661,-0.38964193780853495,0,0.0,1.0,1,0.0
EMP027,Gina Carter,IT,IT Support,2026-05-04,0.27999999999999936,-0.4399837330461854,0,0.0,1.0,1,0.0
EMP027,Gina Carter,IT,IT Support,2026-05-05,0.26923076923077005,-0.41371479960458835,0,0.0,1.0,1,0.0
EMP027,Gina Carter,IT,IT Support,2026-05-06,0.2592592592592595,-0.3758010913546157,0,0.0,0.0,1,0.0
EMP027,Gina Carter,IT,IT Support,2026-05-07,0.25,0.6239919976434167,0,0.0,0.0,1,1.0
EMP027,Gina Carter,IT,IT Support,2026-05-08,10.379310344827585,4.739954800797749,0,0.0,0.0,1,1.0
EMP027,Gina Carter,IT,IT Support,2026-05-11,1.5666666666666664,-0.4153373748331428,0,0.0,0.0,1,0.0
EMP027,Gina Carter,IT,IT Support,2026-05-12,0.5666666666666664,-0.3039042234686688,0,0.125,0.0,1,1.0
EMP027,Gina Carter,IT,IT Support,2026-05-13,0.5666666666666664,-0.3478955949669768,0,0.0,0.0,1,0.0
EMP027,Gina Carter,IT,IT Support,2026-05-14,0.5666666666666664,-0.41747749560873615,0,0.0,0.0,1,0.0
EMP027,Gina Carter,IT,IT Support,2026-05-15,0.5333333333333332,-0.4291012888408805,0,0.0,0.0,1,0.0
EMP027,Gina Carter,IT,IT Support,2026-05-17,9.233333333333333,-0.4543351311883997,1,0.0,0.0,1,0.0
EMP027,Gina Carter,IT,IT Support,2026-05-18,0.2333333333333325,-0.40245468702712,0,0.0,0.0,1,0.0
EMP027,Gina Carter,IT,IT Support,2026-05-19,1.1999999999999993,-0.41780620696969334,0,0.0,0.0,1,0.0
EMP027,Gina Carter,IT,IT Support,2026-05-20,0.1999999999999993,-0.38426366043457644,0,0.0,0.0,1,0.0
EMP027,Gina Carter,IT,IT Support,2026-05-21,0.1999999999999993,-0.424995893758288,0,0.0,0.0,1,0.0
EMP027,Gina Carter,IT,IT Support,2026-05-22,0.1999999999999993,-0.39322978734408853,0,0.0,0.0,1,0.0
EMP027,Gina Carter,IT,IT Support,2026-05-25,0.1999999999999993,-0.4088610616364126,0,0.0,0.0,1,0.0
EMP027,Gina Carter,IT,IT Support,2026-05-26,0.2333333333333325,0.005846786434123584,0,0.1111111111111111,0.0,1,1.0
EMP027,Gina Carter,IT,IT Support,2026-05-27,0.2333333333333325,-0.3855295488671986,0,0.0,0.0,1,0.0
EMP027,Gina Carter,IT,IT Support,2026-05-28,0.2333333333333325,-0.4073573820065022,0,0.0,0.0,1,0.0
EMP027,Gina Carter,IT,IT Support,2026-05-29,10.366666666666667,3.1602589202013522,0,0.0,2.0,1,1.0
EMP027,Gina Carter,IT,IT Support,2026-06-01,0.6333333333333329,-0.41610669929495736,0,0.0,2.0,1,0.0
EMP027,Gina Carter,IT,IT Support,2026-06-02,0.6333333333333329,-0.4064411865110685,0,0.0,2.0,1,0.0
EMP027,Gina Carter,IT,IT Support,2026-06-03,0.6333333333333329,-0.42282779754771954,0,0.0,2.0,1,0.0
EMP027,Gina Carter,IT,IT Support,2026-06-04,0.6333333333333329,-0.4323254577217581,0,0.0,2.0,1,0.0
EMP027,Gina Carter,IT,IT Support,2026-06-05,0.36666666666666714,-0.3651704260640867,0,0.0,2.0,1,0.0
EMP027,Gina Carter,IT,IT Support,2026-06-08,9.3,1.2957940931349072,0,0.0,2.0,1,1.0
EMP027,Gina Carter,IT,IT Support,2026-06-09,0.6999999999999993,-0.3531270013073161,0,0.0,0.0,1,0.0
EMP027,Gina Carter,IT,IT Support,2026-06-10,0.6999999999999993,-0.41091026224833693,0,0.0,0.0,1,0.0
EMP027,Gina Carter,IT,IT Support,2026-06-11,1.666666666666666,-0.42000227861523687,0,0.0,0.0,1,0.0
EMP027,Gina Carter,IT,IT Support,2026-06-12,0.6666666666666661,-0.3952020555098314,0,0.0,0.0,1,0.0
EMP027,Gina Carter,IT,IT Support,2026-06-15,0.6666666666666661,-0.4334444751207612,0,0.0,0.0,1,0.0
EMP027,Gina Carter,IT,IT Support,2026-06-16,1.6333333333333329,-0.14528350715998425,0,0.14285714285714285,0.0,1,1.0
EMP027,Gina Carter,IT,IT Support,2026-06-17,0.6333333333333329,-0.3564281026343752,0,0.0,0.0,1,0.0
EMP027,Gina Carter,IT,IT Support,2026-06-18,7.466666666666667,3.1664904483420506,0,0.0,0.0,2,1.0
EMP027,Gina Carter,IT,IT Support,2026-06-19,0.5666666666666664,-0.4029232755629526,0,0.0,0.0,2,0.0
EMP027,Gina Carter,IT,IT Support,2026-06-22,0.5666666666666664,-0.39513911078113745,0,0.0,0.0,2,0.0
EMP027,Gina Carter,IT,IT Support,2026-06-23,6.199999999999999,0.8897516360479013,0,0.0,1.0,2,1.0
EMP027,Gina Carter,IT,IT Support,2026-06-24,0.8000000000000007,0.12053907597319395,0,0.09090909090909091,1.0,2,1.0
EMP027,Gina Carter,IT,IT Support,2026-06-25,0.8000000000000007,-0.41888326121623376,0,0.0,1.0,2,0.0
EMP027,Gina Carter,IT,IT Support,2026-06-26,1.0999999999999996,-0.3821585089527019,0,0.0,1.0,2,0.0
EMP027,Gina Carter,IT,IT Support,2026-06-29,1.0999999999999996,-0.4209254679694144,0,0.0,1.0,1,0.0
EMP027,Gina Carter,IT,IT Support,2026-06-30,1.1333333333333329,-0.42798227144187745,0,0.0,1.0,1,0.0
EMP027,Gina Carter,IT,IT Support,2026-07-01,1.1333333333333329,-0.4303322079797839,0,0.0,1.0,1,0.0
EMP027,Gina Carter,IT,IT Support,2026-07-02,1.1333333333333329,-0.43740999302847827,0,0.0,0.0,1,0.0
EMP027,Gina Carter,IT,IT Support,2026-07-03,1.1333333333333329,-0.4048675682937204,0,0.0,0.0,1,0.0
EMP027,Gina Carter,IT,IT Support,2026-07-06,1.1333333333333329,0.38436840936439803,0,0.0,0.0,2,1.0
EMP027,Gina Carter,IT,IT Support,2026-07-07,1.1333333333333329,-0.35515522034300917,0,0.0,0.0,2,0.0
EMP027,Gina Carter,IT,IT Support,2026-07-08,1.1333333333333329,-0.14133197696975464,0,0.1111111111111111,0.0,2,1.0
EMP027,Gina Carter,IT,IT Support,2026-07-09,2.0999999999999996,-0.1518927036728461,0,0.16666666666666666,0.0,2,1.0
EMP027,Gina Carter,IT,IT Support,2026-07-10,0.7333333333333325,-0.4044409429103505,0,0.0,0.0,2,0.0
EMP027,Gina Carter,IT,IT Support,2026-07-13,7.0,3.8511682377808207,0,0.0,0.0,3,1.0
EMP027,Gina Carter,IT,IT Support,2026-07-14,1.0,-0.4160857177187261,0,0.0,0.0,3,0.0
EMP027,Gina Carter,IT,IT Support,2026-07-15,6.7333333333333325,1.5166321768281623,0,0.0,1.0,2,1.0
EMP027,Gina Carter,IT,IT Support,2026-07-16,2.2333333333333325,-0.4088610616364126,0,0.0,1.0,2,0.0
EMP027,Gina Carter,IT,IT Support,2026-07-17,1.2333333333333325,1.4942937920005637,0,0.0,2.0,2,1.0
EMP027,Gina Carter,IT,IT Support,2026-07-20,0.9000000000000004,-0.41578498179274404,0,0.0,2.0,2,0.0
EMP027,Gina Carter,IT,IT Support,2026-07-21,0.9000000000000004,-0.37066060517794536,0,0.0,2.0,2,0.0
EMP027,Gina Carter,IT,IT Support,2026-07-22,0.9000000000000004,-0.3647857638331793,0,0.0,2.0,1,0.0
EMP027,Gina Carter,IT,IT Support,2026-07-23,0.9333333333333336,-0.39240451201232374,0,0.0,2.0,1,0.0
EMP027,Gina Carter,IT,IT Support,2026-07-24,0.9333333333333336,-0.3825082018898904,0,0.0,1.0,1,0.0
EMP027,Gina Carter,IT,IT Support,2026-07-27,8.733333333333333,0.10077443116330231,0,0.0,1.0,1,1.0
EMP027,Gina Carter,IT,IT Support,2026-07-28,1.3000000000000007,-0.3902923666717054,0,0.0,0.0,1,0.0
EMP027,Gina Carter,IT,IT Support,2026-07-29,1.3000000000000007,-0.41896718752115897,0,0.0,0.0,1,0.0
EMP028,Aaron Bowen,IT,IT Support,2026-04-01,0.0,-0.4597155338218049,0,0.0,0.0,1,0.0
EMP028,Aaron Bowen,IT,IT Support,2026-04-02,0.0,-0.4516397370976973,0,0.0,0.0,1,0.0
EMP028,Aaron Bowen,IT,IT Support,2026-04-03,0.0,-0.474436969929764,0,0.0,0.0,1,0.0
EMP028,Aaron Bowen,IT,IT Support,2026-04-06,0.0,-0.48440870918292694,0,0.0,0.0,1,0.0
EMP028,Aaron Bowen,IT,IT Support,2026-04-07,0.0,-0.48932241490701844,0,0.0,0.0,1,0.0
EMP028,Aaron Bowen,IT,IT Support,2026-04-08,0.0,-0.4911133917597247,0,0.0,0.0,1,0.0
EMP028,Aaron Bowen,IT,IT Support,2026-04-09,0.0,-0.47599833436545663,0,0.0,0.0,1,0.0
EMP028,Aaron Bowen,IT,IT Support,2026-04-10,0.0,-0.16381729219373667,0,0.2,0.0,1,1.0
EMP028,Aaron Bowen,IT,IT Support,2026-04-13,0.0,-0.46714841577827443,0,0.0,0.0,1,0.0
EMP028,Aaron Bowen,IT,IT Support,2026-04-14,0.0,-0.47251478598162133,0,0.0,0.0,1,0.0
EMP028,Aaron Bowen,IT,IT Support,2026-04-15,6.363636363636363,2.666785541557244,0,0.09090909090909091,0.0,1,1.0
EMP028,Aaron Bowen,IT,IT Support,2026-04-16,0.583333333333333,1.1559095961885266,0,0.0,1.0,1,1.0
EMP028,Aaron Bowen,IT,IT Support,2026-04-17,6.846153846153846,2.7492032785555907,0,0.0,1.0,1,1.0
EMP028,Aaron Bowen,IT,IT Support,2026-04-19,2.928571428571429,-0.5196968575005347,1,0.0,1.0,1,0.0
EMP028,Aaron Bowen,IT,IT Support,2026-04-20,5.666666666666667,0.959676264253914,0,0.0,2.0,2,1.0
EMP028,Aaron Bowen,IT,IT Support,2026-04-21,1.25,-0.4566190463695069,0,0.0,2.0,2,0.0
EMP028,Aaron Bowen,IT,IT Support,2026-04-22,1.1764705882352944,0.22223990506342298,0,0.0,2.0,3,1.0
EMP028,Aaron Bowen,IT,IT Support,2026-04-23,1.1111111111111107,-0.4441150101744223,0,0.0,2.0,3,0.0
EMP028,Aaron Bowen,IT,IT Support,2026-04-24,1.0526315789473681,-0.4668007169753681,0,0.0,1.0,3,0.0
EMP028,Aaron Bowen,IT,IT Support,2026-04-27,1.0,-0.46338277213925105,0,0.0,1.0,3,0.0
EMP028,Aaron Bowen,IT,IT Support,2026-04-28,0.9523809523809526,-0.45688802091515146,0,0.0,1.0,3,0.0
EMP028,Aaron Bowen,IT,IT Support,2026-04-29,0.9090909090909092,-0.4754538249193957,0,0.0,0.0,2,0.0
EMP028,Aaron Bowen,IT,IT Support,2026-04-30,0.8695652173913047,-0.46346805675128466,0,0.0,0.0,2,0.0
EMP028,Aaron Bowen,IT,IT Support,2026-05-01,0.833333333333333,-0.4572750818466887,0,0.0,0.0,1,0.0
EMP028,Aaron Bowen,IT,IT Support,2026-05-04,0.7999999999999998,0.26290754429392127,0,0.0,0.0,2,1.0
EMP028,Aaron Bowen,IT,IT Support,2026-05-05,0.7692307692307692,-0.4514429264545427,0,0.0,0.0,2,0.0
EMP028,Aaron Bowen,IT,IT Support,2026-05-06,0.7407407407407405,-0.4441150101744223,0,0.0,0.0,2,0.0
EMP028,Aaron Bowen,IT,IT Support,2026-05-07,0.7142857142857144,-0.48181736904805894,0,0.0,0.0,2,0.0
EMP028,Aaron Bowen,IT,IT Support,2026-05-08,1.6551724137931032,-0.44260612857690423,0,0.0,0.0,2,0.0
EMP028,Aaron Bowen,IT,IT Support,2026-05-11,0.6333333333333337,-0.4695363849152161,0,0.0,0.0,2,0.0
EMP028,Aaron Bowen,IT,IT Support,2026-05-12,0.6333333333333337,-0.4810366868302126,0,0.0,0.0,2,0.0
EMP028,Aaron Bowen,IT,IT Support,2026-05-13,5.166666666666667,2.623310070484408,0,0.0,0.0,1,1.0
EMP028,Aaron Bowen,IT,IT Support,2026-05-14,4.966666666666667,2.5916169965817555,0,0.0,0.0,1,1.0
EMP028,Aaron Bowen,IT,IT Support,2026-05-15,1.0333333333333332,-0.2283252606650207,0,0.14285714285714285,0.0,1,1.0
EMP028,Aaron Bowen,IT,IT Support,2026-05-17,7.8,-0.5068188810834564,1,0.0,0.0,1,0.0
EMP028,Aaron Bowen,IT,IT Support,2026-05-18,0.7999999999999998,-0.505972595317892,0,0.0,0.0,1,0.0
EMP028,Aaron Bowen,IT,IT Support,2026-05-19,0.7999999999999998,0.4272641123922716,0,0.0,0.0,2,1.0
EMP028,Aaron Bowen,IT,IT Support,2026-05-20,0.7999999999999998,-0.45954496459773764,0,0.0,0.0,2,0.0
EMP028,Aaron Bowen,IT,IT Support,2026-05-21,1.7666666666666666,-0.49712267673070976,0,0.0,0.0,2,0.0
EMP028,Aaron Bowen,IT,IT Support,2026-05-22,0.7666666666666666,-0.48035440993394357,0,0.0,0.0,2,0.0
EMP028,Aaron Bowen,IT,IT Support,2026-05-25,0.5333333333333332,-0.04651814887363509,0,0.0,0.0,2,1.0
EMP028,Aaron Bowen,IT,IT Support,2026-05-26,0.5333333333333332,-0.46727306251893896,0,0.0,0.0,2,0.0
EMP028,Aaron Bowen,IT,IT Support,2026-05-27,0.2666666666666666,-0.44196321380926606,0,0.0,0.0,2,0.0
EMP028,Aaron Bowen,IT,IT Support,2026-05-28,0.33333333333333304,-0.48602255645679415,0,0.0,0.0,2,0.0
EMP028,Aaron Bowen,IT,IT Support,2026-05-29,0.09999999999999964,-0.46788973586748983,0,0.0,0.0,2,0.0
EMP028,Aaron Bowen,IT,IT Support,2026-06-01,0.09999999999999964,-0.46863105595670523,0,0.0,0.0,2,0.0
EMP028,Aaron Bowen,IT,IT Support,2026-06-02,0.09999999999999964,-0.4886335776559776,0,0.0,0.0,2,0.0
EMP028,Aaron Bowen,IT,IT Support,2026-06-03,7.633333333333334,2.6674415770344257,0,0.0,0.0,1,1.0
EMP028,Aaron Bowen,IT,IT Support,2026-06-04,6.4,0.856094822761683,0,0.0,2.0,2,1.0
EMP028,Aaron Bowen,IT,IT Support,2026-06-05,5.2,1.693287936612435,0,0.0,2.0,2,1.0
EMP028,Aaron Bowen,IT,IT Support,2026-06-08,0.7999999999999998,-0.4672402607450799,0,0.0,2.0,2,0.0
EMP028,Aaron Bowen,IT,IT Support,2026-06-09,0.7999999999999998,-0.502115106712063,0,0.0,2.0,2,0.0
EMP028,Aaron Bowen,IT,IT Support,2026-06-10,0.7999999999999998,-0.4740958314816295,0,0.0,2.0,2,0.0
EMP028,Aaron Bowen,IT,IT Support,2026-06-11,0.7999999999999998,-0.4748502722803885,0,0.0,2.0,2,0.0
EMP028,Aaron Bowen,IT,IT Support,2026-06-12,4.033333333333333,1.7769390203078828,0,0.0,2.0,3,1.0
EMP028,Aaron Bowen,IT,IT Support,2026-06-15,0.9666666666666668,-0.47818293250447197,0,0.0,0.0,2,0.0
EMP028,Aaron Bowen,IT,IT Support,2026-06-16,5.8,2.909971332593756,0,0.1,0.0,2,1.0
EMP028,Aaron Bowen,IT,IT Support,2026-06-17,1.2000000000000002,-0.00947182547718018,0,0.14285714285714285,0.0,2,1.0
EMP028,Aaron Bowen,IT,IT Support,2026-06-18,1.2333333333333334,-0.4990973435170269,0,0.0,0.0,2,0.0
EMP028,Aaron Bowen,IT,IT Support,2026-06-19,1.2333333333333334,-0.45684865878652053,0,0.0,0.0,2,0.0
EMP028,Aaron Bowen,IT,IT Support,2026-06-22,1.2333333333333334,-0.46464236025544003,0,0.0,0.0,2,0.0
EMP028,Aaron Bowen,IT,IT Support,2026-06-23,1.0333333333333332,-0.4864686605812777,0,0.0,0.0,1,0.0
EMP028,Aaron Bowen,IT,IT Support,2026-06-24,0.833333333333333,-0.44628648760389394,0,0.0,0.0,1,0.0
EMP028,Aaron Bowen,IT,IT Support,2026-06-25,0.833333333333333,-0.48160743769536074,0,0.0,0.0,1,0.0
EMP028,Aaron Bowen,IT,IT Support,2026-06-26,1.0666666666666664,-0.4679356583508925,0,0.0,0.0,1,0.0
EMP028,Aaron Bowen,IT,IT Support,2026-06-28,3.966666666666667,-0.5178337167453384,1,0.0,0.0,1,0.0
EMP028,Aaron Bowen,IT,IT Support,2026-06-29,0.9666666666666668,-0.4888500693634476,0,0.0,0.0,1,0.0
EMP028,Aaron Bowen,IT,IT Support,2026-06-30,0.9666666666666668,-0.4717931469567214,0,0.0,0.0,1,0.0
EMP028,Aaron Bowen,IT,IT Support,2026-07-01,1.0,-0.47843878634057285,0,0.0,0.0,1,0.0
EMP028,Aaron Bowen,IT,IT Support,2026-07-02,1.0,-0.4778877165397401,0,0.0,0.0,1,0.0
EMP028,Aaron Bowen,IT,IT Support,2026-07-03,1.0,-0.44402316520761687,0,0.0,0.0,1,0.0
EMP028,Aaron Bowen,IT,IT Support,2026-07-06,1.0,-0.49155949588420833,0,0.0,0.0,1,0.0
EMP028,Aaron Bowen,IT,IT Support,2026-07-07,1.0,-0.47076973161231783,0,0.0,0.0,1,0.0
EMP028,Aaron Bowen,IT,IT Support,2026-07-08,1.9666666666666668,-0.46598723298366274,0,0.0,0.0,1,0.0
EMP028,Aaron Bowen,IT,IT Support,2026-07-09,0.9666666666666668,-0.4619329337346793,0,0.0,0.0,1,0.0
EMP028,Aaron Bowen,IT,IT Support,2026-07-10,0.9666666666666668,-0.4707172487741433,0,0.0,0.0,1,0.0
EMP028,Aaron Bowen,IT,IT Support,2026-07-13,0.9666666666666668,-0.4741942368032067,0,0.0,0.0,1,0.0
EMP028,Aaron Bowen,IT,IT Support,2026-07-14,7.033333333333333,1.4529952620302935,0,0.0,0.0,1,1.0
EMP028,Aaron Bowen,IT,IT Support,2026-07-15,0.7333333333333334,2.2132813368910256,0,0.0,0.0,1,1.0
EMP028,Aaron Bowen,IT,IT Support,2026-07-16,0.5333333333333332,-0.4953448205875472,0,0.0,0.0,1,0.0
EMP028,Aaron Bowen,IT,IT Support,2026-07-17,0.5333333333333332,-0.49597461464564163,0,0.0,0.0,1,0.0
EMP028,Aaron Bowen,IT,IT Support,2026-07-20,0.5333333333333332,-0.46116537222637666,0,0.0,0.0,1,0.0
EMP028,Aaron Bowen,IT,IT Support,2026-07-21,6.233333333333333,2.733694599875013,0,0.0,0.0,1,1.0
EMP028,Aaron Bowen,IT,IT Support,2026-07-22,0.7666666666666666,-0.4854911677202769,0,0.0,0.0,1,0.0
EMP028,Aaron Bowen,IT,IT Support,2026-07-23,0.5999999999999996,-0.4536865677865044,0,0.0,0.0,1,0.0
EMP028,Aaron Bowen,IT,IT Support,2026-07-24,0.5999999999999996,-0.4866720315792041,0,0.0,0.0,1,0.0
EMP028,Aaron Bowen,IT,IT Support,2026-07-27,7.366666666666666,2.2729280824763927,0,0.0,0.0,1,1.0
EMP028,Aaron Bowen,IT,IT Support,2026-07-28,0.6333333333333337,-0.4930749378364982,0,0.0,0.0,1,0.0
EMP028,Aaron Bowen,IT,IT Support,2026-07-29,0.6333333333333337,-0.4918678325584837,0,0.0,0.0,1,0.0
EMP029,Valerie Gill,IT,Security Analyst,2026-04-01,0.0,1.963349415524828,0,0.0,1.0,2,1.0
EMP029,Valerie Gill,IT,Security Analyst,2026-04-02,4.0,-0.4659718061617278,0,0.0,1.0,2,0.0
EMP029,Valerie Gill,IT,Security Analyst,2026-04-03,2.666666666666667,-0.08968192933068837,0,0.14285714285714285,1.0,2,1.0
EMP029,Valerie Gill,IT,Security Analyst,2026-04-06,2.0,-0.46649622761972886,0,0.0,1.0,2,0.0
EMP029,Valerie Gill,IT,Security Analyst,2026-04-07,1.5999999999999996,-0.48452758541733254,0,0.0,1.0,2,0.0
EMP029,Valerie Gill,IT,Security Analyst,2026-04-08,1.333333333333333,-0.4466905772225548,0,0.0,1.0,2,0.0
EMP029,Valerie Gill,IT,Security Analyst,2026-04-09,1.1428571428571432,-0.40803197541024216,0,0.0,1.0,2,0.0
EMP029,Valerie Gill,IT,Security Analyst,2026-04-10,1.0,-0.5064921041499443,0,0.0,0.0,1,0.0
EMP029,Valerie Gill,IT,Security Analyst,2026-04-13,0.8888888888888893,-0.531489526981329,0,0.0,0.0,1,0.0
EMP029,Valerie Gill,IT,Security Analyst,2026-04-14,0.7999999999999998,-0.4738468683893773,0,0.0,0.0,1,0.0
EMP029,Valerie Gill,IT,Security Analyst,2026-04-15,0.7272727272727275,-0.5032406911103376,0,0.0,0.0,1,0.0
EMP029,Valerie Gill,IT,Security Analyst,2026-04-16,5.75,1.7044338013520623,0,0.0,0.0,1,1.0
EMP029,Valerie Gill,IT,Security Analyst,2026-04-17,4.384615384615385,3.6211417882001986,0,0.0,1.0,2,1.0
EMP029,Valerie Gill,IT,Security Analyst,2026-04-20,1.5,-0.4803147330380572,0,0.0,1.0,2,0.0
EMP029,Valerie Gill,IT,Security Analyst,2026-04-21,1.4000000000000004,-0.5058278369698096,0,0.0,1.0,2,0.0
EMP029,Valerie Gill,IT,Security Analyst,2026-04-22,1.3125,-0.508895702499116,0,0.0,1.0,2,0.0
EMP029,Valerie Gill,IT,Security Analyst,2026-04-23,1.2352941176470589,-0.49246383014841544,0,0.0,1.0,2,0.0
EMP029,Valerie Gill,IT,Security Analyst,2026-04-24,6.388888888888889,0.26658378816234324,0,0.0,2.0,2,1.0
EMP029,Valerie Gill,IT,Security Analyst,2026-04-26,4.368421052631579,-0.5453342534725574,1,0.0,2.0,2,0.0
EMP029,Valerie Gill,IT,Security Analyst,2026-04-27,1.2999999999999998,-0.4143425136215217,0,0.0,1.0,1,0.0
EMP029,Valerie Gill,IT,Security Analyst,2026-04-28,1.2380952380952381,-0.4663826029704953,0,0.0,1.0,1,0.0
EMP029,Valerie Gill,IT,Security Analyst,2026-04-29,1.1818181818181817,-0.39037645299087254,0,0.16666666666666666,1.0,1,1.0
EMP029,Valerie Gill,IT,Security Analyst,2026-04-30,1.1304347826086953,-0.5068154973823783,0,0.0,1.0,1,0.0
EMP029,Valerie Gill,IT,Security Analyst,2026-05-01,1.083333333333333,-0.08363360184840922,0,0.1111111111111111,1.0,1,1.0
EMP029,Valerie Gill,IT,Security Analyst,2026-05-04,1.04,-0.48374095323033095,0,0.0,0.0,1,0.0
EMP029,Valerie Gill,IT,Security Analyst,2026-05-05,1.0,-0.4627291334797544,0,0.0,0.0,1,0.0
EMP029,Valerie Gill,IT,Security Analyst,2026-05-06,0.9629629629629628,-0.46717797551513024,0,0.0,0.0,1,0.0
EMP029,Valerie Gill,IT,Security Analyst,2026-05-07,0.9285714285714288,-0.5200309181240055,0,0.0,0.0,1,0.0
EMP029,Valerie Gill,IT,Security Analyst,2026-05-08,2.9655172413793105,1.1924760933361447,0,0.0,1.0,1,1.0
EMP029,Valerie Gill,IT,Security Analyst,2026-05-11,1.0,-0.46993118816963586,0,0.0,1.0,1,0.0
EMP029,Valerie Gill,IT,Security Analyst,2026-05-12,0.7333333333333334,-0.46197746272328616,0,0.0,1.0,1,0.0
EMP029,Valerie Gill,IT,Security Analyst,2026-05-13,0.7333333333333334,1.6548584928556942,0,0.0,2.0,1,1.0
EMP029,Valerie Gill,IT,Security Analyst,2026-05-14,0.7333333333333334,-0.5245759040933481,0,0.0,2.0,1,0.0
EMP029,Valerie Gill,IT,Security Analyst,2026-05-15,0.7333333333333334,-0.48730701914473823,0,0.0,2.0,1,0.0
EMP029,Valerie Gill,IT,Security Analyst,2026-05-18,4.1,2.5113086566325196,0,0.0,2.0,1,1.0
EMP029,Valerie Gill,IT,Security Analyst,2026-05-19,1.8666666666666663,-0.44606127147295355,0,0.0,1.0,1,0.0
EMP029,Valerie Gill,IT,Security Analyst,2026-05-20,0.8666666666666663,-0.2177631300898181,0,0.16666666666666666,1.0,1,1.0
EMP029,Valerie Gill,IT,Security Analyst,2026-05-21,0.8666666666666663,-0.5147167806829278,0,0.0,1.0,1,0.0
EMP029,Valerie Gill,IT,Security Analyst,2026-05-22,0.8666666666666663,-0.4300401959310206,0,0.0,0.0,1,0.0
EMP029,Valerie Gill,IT,Security Analyst,2026-05-24,6.666666666666667,-0.5532093157002068,1,0.0,0.0,1,0.0
EMP029,Valerie Gill,IT,Security Analyst,2026-05-25,4.166666666666667,2.3661050952696545,0,0.0,0.0,1,1.0
EMP029,Valerie Gill,IT,Security Analyst,2026-05-26,0.5999999999999996,2.32994623574048,0,0.0,1.0,1,1.0
EMP029,Valerie Gill,IT,Security Analyst,2026-05-27,0.40000000000000036,-0.47603195779771507,0,0.0,1.0,1,0.0
EMP029,Valerie Gill,IT,Security Analyst,2026-05-28,0.40000000000000036,-0.4808653755689583,0,0.0,1.0,1,0.0
EMP029,Valerie Gill,IT,Security Analyst,2026-05-29,0.40000000000000036,-0.48377591466086434,0,0.0,1.0,1,0.0
EMP029,Valerie Gill,IT,Security Analyst,2026-06-01,0.40000000000000036,-0.4999717973554642,0,0.0,1.0,1,0.0
EMP029,Valerie Gill,IT,Security Analyst,2026-06-02,0.40000000000000036,-0.12006341246421742,0,0.125,1.0,1,1.0
EMP029,Valerie Gill,IT,Security Analyst,2026-06-03,0.13333333333333375,-0.4853491790348675,0,0.0,1.0,1,0.0
EMP029,Valerie Gill,IT,Security Analyst,2026-06-04,0.2333333333333334,-0.5044118990332067,0,0.0,0.0,1,0.0
EMP029,Valerie Gill,IT,Security Analyst,2026-06-05,6.533333333333333,2.708797037358092,0,0.0,0.0,1,1.0
EMP029,Valerie Gill,IT,Security Analyst,2026-06-08,0.4666666666666668,0.1466573410751303,0,0.1111111111111111,0.0,1,1.0
EMP029,Valerie Gill,IT,Security Analyst,2026-06-09,0.4666666666666668,-0.4739342719657108,0,0.0,0.0,1,0.0
EMP029,Valerie Gill,IT,Security Analyst,2026-06-10,0.4666666666666668,-0.5011867070665,0,0.0,0.0,1,0.0
EMP029,Valerie Gill,IT,Security Analyst,2026-06-11,0.4666666666666668,-0.4650540686102258,0,0.0,0.0,1,0.0
EMP029,Valerie Gill,IT,Security Analyst,2026-06-12,0.4666666666666668,-0.48941344533437586,0,0.0,0.0,1,0.0
EMP029,Valerie Gill,IT,Security Analyst,2026-06-15,0.4666666666666668,-0.40513891703360283,0,0.0,0.0,1,0.0
EMP029,Valerie Gill,IT,Security Analyst,2026-06-16,6.3,2.015031150210834,0,0.0,1.0,1,1.0
EMP029,Valerie Gill,IT,Security Analyst,2026-06-17,0.7000000000000002,0.7895805678691841,0,0.0,1.0,2,1.0
EMP029,Valerie Gill,IT,Security Analyst,2026-06-18,0.5666666666666664,-0.4801399258853901,0,0.0,1.0,2,0.0
EMP029,Valerie Gill,IT,Security Analyst,2026-06-19,0.5666666666666664,-0.507951743874714,0,0.0,1.0,2,0.0
EMP029,Valerie Gill,IT,Security Analyst,2026-06-22,0.5666666666666664,-0.48384583752193105,0,0.0,1.0,2,0.0
EMP029,Valerie Gill,IT,Security Analyst,2026-06-23,5.233333333333333,-0.003056244826543704,0,0.0,2.0,2,1.0
EMP029,Valerie Gill,IT,Security Analyst,2026-06-24,0.7666666666666666,1.5330790899502107,0,0.0,3.0,2,1.0
EMP029,Valerie Gill,IT,Security Analyst,2026-06-25,0.7666666666666666,-0.42996153271232046,0,0.0,2.0,2,0.0
EMP029,Valerie Gill,IT,Security Analyst,2026-06-26,7.133333333333334,3.4432842507191337,0,0.0,2.0,1,1.0
EMP029,Valerie Gill,IT,Security Analyst,2026-06-29,0.9000000000000004,-0.4265265721624134,0,0.0,2.0,1,0.0
EMP029,Valerie Gill,IT,Security Analyst,2026-06-30,0.9000000000000004,-0.5194365738049376,0,0.0,2.0,1,0.0
EMP029,Valerie Gill,IT,Security Analyst,2026-07-01,0.9000000000000004,-0.4040638530447006,0,0.0,2.0,1,0.0
EMP029,Valerie Gill,IT,Security Analyst,2026-07-02,0.9000000000000004,-0.08923617109138737,0,0.08333333333333333,1.0,1,1.0
EMP029,Valerie Gill,IT,Security Analyst,2026-07-03,1.0999999999999996,-0.5112818201330208,0,0.0,0.0,1,0.0
EMP029,Valerie Gill,IT,Security Analyst,2026-07-06,0.9333333333333336,-0.4198576792881664,0,0.0,0.0,1,0.0
EMP029,Valerie Gill,IT,Security Analyst,2026-07-07,0.9333333333333336,-0.45406743906510333,0,0.0,0.0,1,0.0
EMP029,Valerie Gill,IT,Security Analyst,2026-07-08,1.9000000000000004,-0.5134144673955585,0,0.0,0.0,1,0.0
EMP029,Valerie Gill,IT,Security Analyst,2026-07-09,0.9000000000000004,-0.48052450162125765,0,0.0,0.0,1,0.0
EMP029,Valerie Gill,IT,Security Analyst,2026-07-10,1.8666666666666663,-0.520467936005673,0,0.0,0.0,1,0.0
EMP029,Valerie Gill,IT,Security Analyst,2026-07-13,0.8666666666666663,-0.18494308717658395,0,0.0,0.0,2,1.0
EMP029,Valerie Gill,IT,Security Analyst,2026-07-14,0.8666666666666663,-0.5176010987019337,0,0.0,0.0,2,0.0
EMP029,Valerie Gill,IT,Security Analyst,2026-07-15,6.866666666666666,1.9055669112107425,0,0.0,1.0,2,1.0
EMP029,Valerie Gill,IT,Security Analyst,2026-07-16,1.1333333333333337,-0.15056726060461342,0,0.2,1.0,2,1.0
EMP029,Valerie Gill,IT,Security Analyst,2026-07-17,0.9000000000000004,-0.45591165452574045,0,0.0,1.0,2,0.0
EMP029,Valerie Gill,IT,Security Analyst,2026-07-20,0.9000000000000004,-0.4818705166967937,0,0.0,1.0,2,0.0
EMP029,Valerie Gill,IT,Security Analyst,2026-07-21,0.9000000000000004,-0.49070701826411184,0,0.0,1.0,2,0.0
EMP029,Valerie Gill,IT,Security Analyst,2026-07-22,0.9000000000000004,-0.42034713931563406,0,0.0,1.0,1,0.0
EMP029,Valerie Gill,IT,Security Analyst,2026-07-23,0.9000000000000004,-0.46015072797791584,0,0.0,1.0,1,0.0
EMP029,Valerie Gill,IT,Security Analyst,2026-07-24,0.9000000000000004,-0.5373368262380409,0,0.0,0.0,1,0.0
EMP029,Valerie Gill,IT,Security Analyst,2026-07-27,0.9000000000000004,-0.4703157639055034,0,0.0,0.0,1,0.0
EMP029,Valerie Gill,IT,Security Analyst,2026-07-28,0.666666666666667,-0.531314719828662,0,0.0,0.0,1,0.0
EMP029,Valerie Gill,IT,Security Analyst,2026-07-29,0.666666666666667,0.9880129072191581,0,0.0,0.0,2,1.0
EMP030,Ashley Garrett,IT,Security Analyst,2026-04-01,0.0,-0.4478880749767906,0,0.0,0.0,1,0.0
EMP030,Ashley Garrett,IT,Security Analyst,2026-04-02,0.0,2.383991402917955,0,0.0,1.0,2,1.0
EMP030,Ashley Garrett,IT,Security Analyst,2026-04-03,0.0,-0.5044924982268436,0,0.0,1.0,2,0.0
EMP030,Ashley Garrett,IT,Security Analyst,2026-04-06,0.0,-0.44476654012107725,0,0.0,1.0,2,0.0
EMP030,Ashley Garrett,IT,Security Analyst,2026-04-07,0.0,-0.46544670854017856,0,0.0,1.0,2,0.0
EMP030,Ashley Garrett,IT,Security Analyst,2026-04-08,0.0,0.12700641827942635,0,0.125,1.0,2,1.0
EMP030,Ashley Garrett,IT,Security Analyst,2026-04-09,0.0,-0.48413157769071297,0,0.0,1.0,2,0.0
EMP030,Ashley Garrett,IT,Security Analyst,2026-04-10,0.0,-0.10114940208362591,0,0.125,1.0,2,1.0
EMP030,Ashley Garrett,IT,Security Analyst,2026-04-13,0.0,-0.4872176405594297,0,0.0,0.0,1,0.0
EMP030,Ashley Garrett,IT,Security Analyst,2026-04-14,0.0,-0.4484556267687385,0,0.0,0.0,1,0.0
EMP030,Ashley Garrett,IT,Security Analyst,2026-04-15,5.454545454545454,3.2503592133264108,0,0.14285714285714285,0.0,1,1.0
EMP030,Ashley Garrett,IT,Security Analyst,2026-04-16,0.5,-0.4885744440620551,0,0.0,0.0,1,0.0
EMP030,Ashley Garrett,IT,Security Analyst,2026-04-17,0.4615384615384617,-0.47983946726410703,0,0.0,0.0,1,0.0
EMP030,Ashley Garrett,IT,Security Analyst,2026-04-20,0.4285714285714288,-0.4651806686377029,0,0.0,0.0,1,0.0
EMP030,Ashley Garrett,IT,Security Analyst,2026-04-21,0.40000000000000036,-0.4014020360175587,0,0.0,0.0,1,0.0
EMP030,Ashley Garrett,IT,Security Analyst,2026-04-22,6.1875,1.6331824581481393,0,0.0,1.0,2,1.0
EMP030,Ashley Garrett,IT,Security Analyst,2026-04-23,0.7647058823529411,-0.40329978732188443,0,0.0,1.0,2,0.0
EMP030,Ashley Garrett,IT,Security Analyst,2026-04-24,0.7222222222222223,-0.48303194609381395,0,0.0,1.0,2,0.0
EMP030,Ashley Garrett,IT,Security Analyst,2026-04-27,0.6842105263157894,-0.4401995217952466,0,0.0,1.0,2,0.0
EMP030,Ashley Garrett,IT,Security Analyst,2026-04-28,0.6500000000000004,-0.42238371632613225,0,0.0,1.0,2,0.0
EMP030,Ashley Garrett,IT,Security Analyst,2026-04-29,0.6190476190476186,-0.4927778745211691,0,0.0,1.0,2,0.0
EMP030,Ashley Garrett,IT,Security Analyst,2026-04-30,0.5909090909090908,-0.4754054688895141,0,0.0,1.0,2,0.0
EMP030,Ashley Garrett,IT,Security Analyst,2026-05-01,0.5652173913043477,-0.48678310871871955,0,0.0,0.0,1,0.0
EMP030,Ashley Garrett,IT,Security Analyst,2026-05-04,0.541666666666667,-0.4807351349357749,0,0.0,0.0,1,0.0
EMP030,Ashley Garrett,IT,Security Analyst,2026-05-05,1.4800000000000004,-0.48742160448466093,0,0.0,0.0,1,0.0
EMP030,Ashley Garrett,IT,Security Analyst,2026-05-06,0.4615384615384617,0.04418819663878019,0,0.09090909090909091,0.0,1,1.0
EMP030,Ashley Garrett,IT,Security Analyst,2026-05-07,0.44444444444444464,-0.42139936868697264,0,0.0,0.0,1,0.0
EMP030,Ashley Garrett,IT,Security Analyst,2026-05-08,1.3928571428571432,-0.4691091911975923,0,0.0,0.0,1,0.0
EMP030,Ashley Garrett,IT,Security Analyst,2026-05-11,0.3793103448275863,-0.43799139060469927,0,0.0,0.0,1,0.0
EMP030,Ashley Garrett,IT,Security Analyst,2026-05-12,4.466666666666667,1.192540567677846,0,0.0,0.0,1,1.0
EMP030,Ashley Garrett,IT,Security Analyst,2026-05-13,4.3,2.4779566964723276,0,0.0,0.0,1,1.0
EMP030,Ashley Garrett,IT,Security Analyst,2026-05-14,0.7000000000000002,-0.2326529258773021,0,0.2,0.0,1,1.0
EMP030,Ashley Garrett,IT,Security Analyst,2026-05-15,0.7000000000000002,-0.4514796136602109,0,0.0,0.0,1,0.0
EMP030,Ashley Garrett,IT,Security Analyst,2026-05-18,0.7000000000000002,-0.48928388380199,0,0.0,0.0,1,0.0
EMP030,Ashley Garrett,IT,Security Analyst,2026-05-19,0.7000000000000002,-0.4878117963416251,0,0.0,0.0,1,0.0
EMP030,Ashley Garrett,IT,Security Analyst,2026-05-20,0.7000000000000002,0.9468527177416535,0,0.0,0.0,2,1.0
EMP030,Ashley Garrett,IT,Security Analyst,2026-05-21,0.7000000000000002,-0.4371311949200282,0,0.0,0.0,2,0.0
EMP030,Ashley Garrett,IT,Security Analyst,2026-05-22,6.066666666666666,2.5210374246798724,0,0.0,0.0,2,1.0
EMP030,Ashley Garrett,IT,Security Analyst,2026-05-25,0.9333333333333336,3.8754820401700156,0,0.0,0.0,2,1.0
EMP030,Ashley Garrett,IT,Security Analyst,2026-05-26,0.9333333333333336,-0.4645067008847648,0,0.0,0.0,2,0.0
EMP030,Ashley Garrett,IT,Security Analyst,2026-05-27,0.7333333333333334,-0.4924142866544525,0,0.0,0.0,2,0.0
EMP030,Ashley Garrett,IT,Security Analyst,2026-05-28,0.7333333333333334,-0.42606393497704437,0,0.0,0.0,2,0.0
EMP030,Ashley Garrett,IT,Security Analyst,2026-05-29,0.7333333333333334,-0.4857810250860615,0,0.0,0.0,1,0.0
EMP030,Ashley Garrett,IT,Security Analyst,2026-06-01,6.033333333333333,2.6042103661904856,0,0.0,0.0,1,1.0
EMP030,Ashley Garrett,IT,Security Analyst,2026-06-02,0.9666666666666668,-0.4915540909697815,0,0.0,0.0,1,0.0
EMP030,Ashley Garrett,IT,Security Analyst,2026-06-03,0.7333333333333334,-0.4486063827134747,0,0.0,0.0,1,0.0
EMP030,Ashley Garrett,IT,Security Analyst,2026-06-04,0.7333333333333334,-0.4871289605919378,0,0.0,0.0,1,0.0
EMP030,Ashley Garrett,IT,Security Analyst,2026-06-05,0.7333333333333334,-0.484991773375384,0,0.0,0.0,1,0.0
EMP030,Ashley Garrett,IT,Security Analyst,2026-06-08,0.7333333333333334,0.807172900945228,0,0.0,0.0,2,1.0
EMP030,Ashley Garrett,IT,Security Analyst,2026-06-09,1.7000000000000002,-0.5220688677837299,0,0.0,0.0,2,0.0
EMP030,Ashley Garrett,IT,Security Analyst,2026-06-10,0.7000000000000002,-0.489337091782485,0,0.0,0.0,2,0.0
EMP030,Ashley Garrett,IT,Security Analyst,2026-06-11,0.7000000000000002,-0.48246439430186605,0,0.0,0.0,2,0.0
EMP030,Ashley Garrett,IT,Security Analyst,2026-06-12,0.7000000000000002,-0.4806730589585305,0,0.0,0.0,2,0.0
EMP030,Ashley Garrett,IT,Security Analyst,2026-06-15,5.1,2.2906025291522796,0,0.0,1.0,2,1.0
EMP030,Ashley Garrett,IT,Security Analyst,2026-06-16,0.9333333333333336,-0.4919974908072408,0,0.0,1.0,2,0.0
EMP030,Ashley Garrett,IT,Security Analyst,2026-06-17,0.9333333333333336,-0.4441457803486342,0,0.0,1.0,1,0.0
EMP030,Ashley Garrett,IT,Security Analyst,2026-06-18,0.9333333333333336,-0.4934252382838597,0,0.0,1.0,1,0.0
EMP030,Ashley Garrett,IT,Security Analyst,2026-06-19,0.9666666666666668,-0.45486718841839985,0,0.0,1.0,1,0.0
EMP030,Ashley Garrett,IT,Security Analyst,2026-06-22,0.9666666666666668,-0.44851770274598285,0,0.0,1.0,1,0.0
EMP030,Ashley Garrett,IT,Security Analyst,2026-06-23,1.7666666666666666,-0.5137506868329935,0,0.0,1.0,1,0.0
EMP030,Ashley Garrett,IT,Security Analyst,2026-06-24,1.5666666666666664,-0.507135161258101,0,0.0,0.0,1,0.0
EMP030,Ashley Garrett,IT,Security Analyst,2026-06-25,0.5666666666666664,-0.45344830893853016,0,0.0,0.0,1,0.0
EMP030,Ashley Garrett,IT,Security Analyst,2026-06-26,0.5666666666666664,0.1308196568815762,0,0.0,0.0,2,1.0
EMP030,Ashley Garrett,IT,Security Analyst,2026-06-29,0.5666666666666664,0.1352181832691724,0,0.1,0.0,2,1.0
EMP030,Ashley Garrett,IT,Security Analyst,2026-06-30,0.5666666666666664,-0.518592613058049,0,0.0,0.0,2,0.0
EMP030,Ashley Garrett,IT,Security Analyst,2026-07-01,0.5666666666666664,-0.4052507466067053,0,0.0,0.0,2,0.0
EMP030,Ashley Garrett,IT,Security Analyst,2026-07-02,0.5666666666666664,-0.4786068157159702,0,0.0,0.0,2,0.0
EMP030,Ashley Garrett,IT,Security Analyst,2026-07-03,0.33333333333333304,-0.39771294936989743,0,0.0,0.0,2,0.0
EMP030,Ashley Garrett,IT,Security Analyst,2026-07-06,0.33333333333333304,-0.43695383498504453,0,0.0,0.0,2,0.0
EMP030,Ashley Garrett,IT,Security Analyst,2026-07-07,1.2999999999999998,-0.47862455170946866,0,0.0,0.0,1,0.0
EMP030,Ashley Garrett,IT,Security Analyst,2026-07-08,1.2666666666666666,-0.5058049617457231,0,0.0,0.0,1,0.0
EMP030,Ashley Garrett,IT,Security Analyst,2026-07-09,0.2666666666666666,0.2514598846574999,0,0.0,0.0,2,1.0
EMP030,Ashley Garrett,IT,Security Analyst,2026-07-10,1.2333333333333334,1.15535705730851,0,0.0,0.0,3,1.0
EMP030,Ashley Garrett,IT,Security Analyst,2026-07-13,0.0,-0.46584576839389186,0,0.0,0.0,3,0.0
EMP030,Ashley Garrett,IT,Security Analyst,2026-07-14,0.0,0.4995598297094711,0,0.0,0.0,4,1.0
EMP030,Ashley Garrett,IT,Security Analyst,2026-07-15,0.0,-0.5105759439967851,0,0.0,0.0,4,0.0
EMP030,Ashley Garrett,IT,Security Analyst,2026-07-16,0.0,-0.16335839927916426,0,0.1,0.0,4,1.0
EMP030,Ashley Garrett,IT,Security Analyst,2026-07-17,0.0,-0.4880955722375991,0,0.0,0.0,4,0.0
EMP030,Ashley Garrett,IT,Security Analyst,2026-07-20,0.0,-0.45238414932862786,0,0.0,0.0,3,0.0
EMP030,Ashley Garrett,IT,Security Analyst,2026-07-21,0.033333333333333215,-0.5001471798197425,0,0.0,0.0,2,0.0
EMP030,Ashley Garrett,IT,Security Analyst,2026-07-22,3.833333333333333,2.7880439388011076,0,0.0,1.0,2,1.0
EMP030,Ashley Garrett,IT,Security Analyst,2026-07-23,0.16666666666666696,0.5189807425901879,0,0.0,1.0,2,1.0
EMP030,Ashley Garrett,IT,Security Analyst,2026-07-24,0.16666666666666696,-0.4293007537904972,0,0.0,1.0,2,0.0
EMP030,Ashley Garrett,IT,Security Analyst,2026-07-27,0.033333333333333215,-0.4942410939847848,0,0.0,1.0,2,0.0
EMP030,Ashley Garrett,IT,Security Analyst,2026-07-28,0.033333333333333215,-0.016539845099644183,0,0.09090909090909091,1.0,2,1.0
EMP030,Ashley Garrett,IT,Security Analyst,2026-07-29,0.033333333333333215,-0.511666707596935,0,0.0,1.0,2,0.0
EMP031,Katie Gonzalez,IT,Network Engineer,2026-04-01,0.0,-0.5121819410341527,0,0.0,0.0,1,0.0
EMP031,Katie Gonzalez,IT,Network Engineer,2026-04-02,0.0,-0.45641261331547844,0,0.0,0.0,1,0.0
EMP031,Katie Gonzalez,IT,Network Engineer,2026-04-03,5.333333333333333,0.4678133970048858,0,0.0,1.0,1,1.0
EMP031,Katie Gonzalez,IT,Network Engineer,2026-04-06,3.25,1.9862742248517031,0,0.0,2.0,1,1.0
EMP031,Katie Gonzalez,IT,Network Engineer,2026-04-07,3.0,-0.5037485305010849,0,0.0,2.0,1,0.0
EMP031,Katie Gonzalez,IT,Network Engineer,2026-04-08,2.5,0.5925268274224648,0,0.0,3.0,1,1.0
EMP031,Katie Gonzalez,IT,Network Engineer,2026-04-09,3.0,-0.52375359074024,0,0.0,3.0,1,0.0
EMP031,Katie Gonzalez,IT,Network Engineer,2026-04-10,1.75,2.8570821578554697,0,0.0,4.0,1,1.0
EMP031,Katie Gonzalez,IT,Network Engineer,2026-04-13,2.8888888888888893,-0.4959855178099315,0,0.0,4.0,1,0.0
EMP031,Katie Gonzalez,IT,Network Engineer,2026-04-14,2.5999999999999996,-0.41749067484143504,0,0.0,3.0,1,0.0
EMP031,Katie Gonzalez,IT,Network Engineer,2026-04-15,2.3636363636363633,-0.48502597048124424,0,0.0,2.0,1,0.0
EMP031,Katie Gonzalez,IT,Network Engineer,2026-04-16,2.166666666666667,-0.4043158998612047,0,0.0,2.0,1,0.0
EMP031,Katie Gonzalez,IT,Network Engineer,2026-04-17,2.0,0.12164521280825767,0,0.14285714285714285,1.0,1,1.0
EMP031,Katie Gonzalez,IT,Network Engineer,2026-04-20,1.8571428571428568,-0.4632914781281651,0,0.0,1.0,1,0.0
EMP031,Katie Gonzalez,IT,Network Engineer,2026-04-21,1.7333333333333334,-0.515796259834039,0,0.0,0.0,1,0.0
EMP031,Katie Gonzalez,IT,Network Engineer,2026-04-22,1.625,-0.4431212474062195,0,0.0,0.0,1,0.0
EMP031,Katie Gonzalez,IT,Network Engineer,2026-04-23,1.5294117647058822,-0.4778750601674909,0,0.0,0.0,1,0.0
EMP031,Katie Gonzalez,IT,Network Engineer,2026-04-24,1.4444444444444446,-0.42322306218534056,0,0.0,0.0,1,0.0
EMP031,Katie Gonzalez,IT,Network Engineer,2026-04-27,1.3684210526315788,-0.49040858503806406,0,0.0,0.0,1,0.0
EMP031,Katie Gonzalez,IT,Network Engineer,2026-04-28,1.2999999999999998,-0.5022522802452181,0,0.0,0.0,1,0.0
EMP031,Katie Gonzalez,IT,Network Engineer,2026-04-29,1.2380952380952381,-0.4030139678203854,0,0.0,0.0,1,0.0
EMP031,Katie Gonzalez,IT,Network Engineer,2026-04-30,1.1818181818181817,-0.5111520544944003,0,0.0,0.0,1,0.0
EMP031,Katie Gonzalez,IT,Network Engineer,2026-05-01,1.1304347826086953,1.156379992026218,0,0.1,0.0,2,1.0
EMP031,Katie Gonzalez,IT,Network Engineer,2026-05-04,1.083333333333333,-0.18877813573035615,0,0.1111111111111111,0.0,2,1.0
EMP031,Katie Gonzalez,IT,Network Engineer,2026-05-05,3.76,0.9125397798736801,0,0.0,0.0,2,1.0
EMP031,Katie Gonzalez,IT,Network Engineer,2026-05-06,1.1923076923076925,-0.43519306423227555,0,0.0,0.0,2,0.0
EMP031,Katie Gonzalez,IT,Network Engineer,2026-05-07,1.148148148148148,0.11984776931906692,0,0.0,0.0,3,1.0
EMP031,Katie Gonzalez,IT,Network Engineer,2026-05-08,1.1071428571428568,-0.4066962979955383,0,0.0,0.0,3,0.0
EMP031,Katie Gonzalez,IT,Network Engineer,2026-05-11,1.068965517241379,-0.44041050830630485,0,0.0,0.0,3,0.0
EMP031,Katie Gonzalez,IT,Network Engineer,2026-05-12,2.0,-0.4831993792597964,0,0.0,0.0,2,0.0
EMP031,Katie Gonzalez,IT,Network Engineer,2026-05-13,1.0,-0.3896060109820979,0,0.0,0.0,2,0.0
EMP031,Katie Gonzalez,IT,Network Engineer,2026-05-14,1.0,0.15660305969532912,0,0.1,0.0,2,1.0
EMP031,Katie Gonzalez,IT,Network Engineer,2026-05-15,0.7333333333333334,0.6751509324607237,0,0.0,1.0,2,1.0
EMP031,Katie Gonzalez,IT,Network Engineer,2026-05-18,0.5,-0.30084145034833343,0,0.1111111111111111,1.0,1,1.0
EMP031,Katie Gonzalez,IT,Network Engineer,2026-05-19,0.5,-0.4526234081220493,0,0.0,1.0,1,0.0
EMP031,Katie Gonzalez,IT,Network Engineer,2026-05-20,0.2999999999999998,-0.4575785226057643,0,0.0,1.0,1,0.0
EMP031,Katie Gonzalez,IT,Network Engineer,2026-05-21,0.2999999999999998,0.02110496834260582,0,0.0,2.0,1,1.0
EMP031,Katie Gonzalez,IT,Network Engineer,2026-05-22,0.13333333333333375,-0.5329059786689841,0,0.0,2.0,1,0.0
EMP031,Katie Gonzalez,IT,Network Engineer,2026-05-23,6.9,-0.5540380845554156,1,0.0,2.0,1,0.0
EMP031,Katie Gonzalez,IT,Network Engineer,2026-05-25,4.933333333333334,3.382771225023865,0,0.0,2.0,1,1.0
EMP031,Katie Gonzalez,IT,Network Engineer,2026-05-26,6.7,3.684751447118658,0,0.0,2.0,1,1.0
EMP031,Katie Gonzalez,IT,Network Engineer,2026-05-27,0.2999999999999998,1.1471887404544645,0,0.0,2.0,2,1.0
EMP031,Katie Gonzalez,IT,Network Engineer,2026-05-28,0.2999999999999998,-0.5107828498858096,0,0.0,2.0,2,0.0
EMP031,Katie Gonzalez,IT,Network Engineer,2026-05-29,0.2999999999999998,-0.48086756067922465,0,0.0,1.0,2,0.0
EMP031,Katie Gonzalez,IT,Network Engineer,2026-06-01,0.2999999999999998,-0.4526622717650589,0,0.0,1.0,2,0.0
EMP031,Katie Gonzalez,IT,Network Engineer,2026-06-02,0.2999999999999998,-0.5235884202574496,0,0.0,1.0,2,0.0
EMP031,Katie Gonzalez,IT,Network Engineer,2026-06-03,0.2999999999999998,-0.48875688021015906,0,0.0,0.0,2,0.0
EMP031,Katie Gonzalez,IT,Network Engineer,2026-06-04,0.2999999999999998,-0.4552467040251926,0,0.0,0.0,2,0.0
EMP031,Katie Gonzalez,IT,Network Engineer,2026-06-05,0.2999999999999998,-0.4724535819676616,0,0.0,0.0,1,0.0
EMP031,Katie Gonzalez,IT,Network Engineer,2026-06-08,0.2999999999999998,-0.45547016997249734,0,0.0,0.0,1,0.0
EMP031,Katie Gonzalez,IT,Network Engineer,2026-06-09,0.2999999999999998,-0.46895585409680396,0,0.0,0.0,1,0.0
EMP031,Katie Gonzalez,IT,Network Engineer,2026-06-10,0.2999999999999998,-0.45563534045528786,0,0.0,0.0,1,0.0
EMP031,Katie Gonzalez,IT,Network Engineer,2026-06-11,0.2999999999999998,-0.4757472757127192,0,0.0,0.0,1,0.0
EMP031,Katie Gonzalez,IT,Network Engineer,2026-06-12,0.2999999999999998,-0.4436653384083529,0,0.0,0.0,1,0.0
EMP031,Katie Gonzalez,IT,Network Engineer,2026-06-15,0.13333333333333375,-0.5131923957524005,0,0.0,0.0,1,0.0
EMP031,Katie Gonzalez,IT,Network Engineer,2026-06-16,0.13333333333333375,-0.5321092739872888,0,0.0,0.0,1,0.0
EMP031,Katie Gonzalez,IT,Network Engineer,2026-06-17,5.666666666666667,0.1064495283915318,0,0.0,0.0,1,1.0
EMP031,Katie Gonzalez,IT,Network Engineer,2026-06-18,0.33333333333333304,-0.46023096624116466,0,0.0,0.0,1,0.0
EMP031,Katie Gonzalez,IT,Network Engineer,2026-06-19,0.33333333333333304,2.9227519986308206,0,0.0,1.0,1,1.0
EMP031,Katie Gonzalez,IT,Network Engineer,2026-06-22,0.36666666666666625,-0.4475128390662963,0,0.0,1.0,1,0.0
EMP031,Katie Gonzalez,IT,Network Engineer,2026-06-23,0.36666666666666625,-0.15182852713904638,0,0.0,1.0,2,1.0
EMP031,Katie Gonzalez,IT,Network Engineer,2026-06-24,0.36666666666666625,-0.4549163630596116,0,0.0,1.0,2,0.0
EMP031,Katie Gonzalez,IT,Network Engineer,2026-06-25,0.36666666666666625,-0.4451032931997055,0,0.0,1.0,2,0.0
EMP031,Katie Gonzalez,IT,Network Engineer,2026-06-26,3.5,0.7536554913399724,0,0.0,2.0,2,1.0
EMP031,Katie Gonzalez,IT,Network Engineer,2026-06-29,0.5,-0.49475159714437894,0,0.0,2.0,2,0.0
EMP031,Katie Gonzalez,IT,Network Engineer,2026-06-30,1.4666666666666668,-0.47126824085587093,0,0.0,1.0,2,0.0
EMP031,Katie Gonzalez,IT,Network Engineer,2026-07-01,0.4666666666666668,-0.4591330683261455,0,0.0,1.0,2,0.0
EMP031,Katie Gonzalez,IT,Network Engineer,2026-07-02,0.4666666666666668,-0.4691113086688421,0,0.0,1.0,1,0.0
EMP031,Katie Gonzalez,IT,Network Engineer,2026-07-03,6.066666666666666,1.1173997580876602,0,0.0,1.0,1,1.0
EMP031,Katie Gonzalez,IT,Network Engineer,2026-07-06,0.7666666666666666,-0.46232960296367925,0,0.0,1.0,1,0.0
EMP031,Katie Gonzalez,IT,Network Engineer,2026-07-07,0.5333333333333332,-0.46774136525275617,0,0.0,0.0,1,0.0
EMP031,Katie Gonzalez,IT,Network Engineer,2026-07-08,0.5333333333333332,-0.4861238683962635,0,0.0,0.0,1,0.0
EMP031,Katie Gonzalez,IT,Network Engineer,2026-07-09,0.5333333333333332,-0.423563119061674,0,0.0,0.0,1,0.0
EMP031,Katie Gonzalez,IT,Network Engineer,2026-07-10,0.5333333333333332,-0.45734534074770716,0,0.0,0.0,1,0.0
EMP031,Katie Gonzalez,IT,Network Engineer,2026-07-13,6.233333333333333,0.13858004524965992,0,0.0,0.0,1,1.0
EMP031,Katie Gonzalez,IT,Network Engineer,2026-07-14,0.7666666666666666,-0.4984436432302842,0,0.0,0.0,1,0.0
EMP031,Katie Gonzalez,IT,Network Engineer,2026-07-15,0.7666666666666666,-0.016077822106761144,0,0.14285714285714285,0.0,1,1.0
EMP031,Katie Gonzalez,IT,Network Engineer,2026-07-16,1.7333333333333334,1.912472166776607,0,0.0,0.0,1,1.0
EMP031,Katie Gonzalez,IT,Network Engineer,2026-07-17,0.7333333333333334,-0.4444134635362863,0,0.0,0.0,1,0.0
EMP031,Katie Gonzalez,IT,Network Engineer,2026-07-20,0.7333333333333334,-0.4325503365076276,0,0.0,0.0,1,0.0
EMP031,Katie Gonzalez,IT,Network Engineer,2026-07-21,0.7333333333333334,-0.49063205098536883,0,0.0,0.0,1,0.0
EMP031,Katie Gonzalez,IT,Network Engineer,2026-07-22,0.7333333333333334,-0.451826703440354,0,0.0,0.0,1,0.0
EMP031,Katie Gonzalez,IT,Network Engineer,2026-07-23,4.1,4.080052991990085,0,0.0,0.0,1,1.0
EMP031,Katie Gonzalez,IT,Network Engineer,2026-07-24,0.9000000000000004,-0.46749846748394663,0,0.0,0.0,1,0.0
EMP031,Katie Gonzalez,IT,Network Engineer,2026-07-27,0.9000000000000004,-0.4825581291501391,0,0.0,0.0,1,0.0
EMP031,Katie Gonzalez,IT,Network Engineer,2026-07-28,0.9000000000000004,0.15863368504257694,0,0.0,0.0,2,1.0
EMP031,Katie Gonzalez,IT,Network Engineer,2026-07-29,0.7000000000000002,0.3633382086845192,0,0.0,0.0,3,1.0
EMP032,Christopher Ashley,IT,IT Support,2026-04-01,0.0,-0.4874096086688205,0,0.0,0.0,1,0.0
EMP032,Christopher Ashley,IT,IT Support,2026-04-02,0.0,-0.14191163951786323,0,0.0,0.0,2,1.0
EMP032,Christopher Ashley,IT,IT Support,2026-04-03,0.0,0.11755560154722675,0,0.14285714285714285,0.0,2,1.0
EMP032,Christopher Ashley,IT,IT Support,2026-04-06,0.0,-0.46226998312322826,0,0.0,0.0,2,0.0
EMP032,Christopher Ashley,IT,IT Support,2026-04-07,0.0,-0.43647272171318535,0,0.0,0.0,2,0.0
EMP032,Christopher Ashley,IT,IT Support,2026-04-08,0.0,-0.4712227986415456,0,0.0,0.0,2,0.0
EMP032,Christopher Ashley,IT,IT Support,2026-04-09,0.0,-0.4761550676249258,0,0.0,0.0,2,0.0
EMP032,Christopher Ashley,IT,IT Support,2026-04-10,0.0,-0.4121401947285098,0,0.0,0.0,2,0.0
EMP032,Christopher Ashley,IT,IT Support,2026-04-13,0.0,-0.513565580550382,0,0.0,0.0,1,0.0
EMP032,Christopher Ashley,IT,IT Support,2026-04-14,0.0,-0.4975805451633363,0,0.0,0.0,1,0.0
EMP032,Christopher Ashley,IT,IT Support,2026-04-15,0.0,-0.08984630920390921,0,0.0,0.0,2,1.0
EMP032,Christopher Ashley,IT,IT Support,2026-04-16,0.0,-0.4940681717963838,0,0.0,0.0,2,0.0
EMP032,Christopher Ashley,IT,IT Support,2026-04-17,0.0,-0.4842111069644467,0,0.0,0.0,2,0.0
EMP032,Christopher Ashley,IT,IT Support,2026-04-20,0.0,-0.4870434250624786,0,0.0,0.0,2,0.0
EMP032,Christopher Ashley,IT,IT Support,2026-04-21,0.0,-0.45557405432154857,0,0.0,0.0,2,0.0
EMP032,Christopher Ashley,IT,IT Support,2026-04-22,10.3125,2.4435239764914334,0,0.0,1.0,2,1.0
EMP032,Christopher Ashley,IT,IT Support,2026-04-23,0.6470588235294112,0.4323539328440544,0,0.0,1.0,3,1.0
EMP032,Christopher Ashley,IT,IT Support,2026-04-24,0.6111111111111107,-0.5016085648330967,0,0.0,1.0,2,0.0
EMP032,Christopher Ashley,IT,IT Support,2026-04-27,0.5789473684210531,-0.48418121442515355,0,0.0,1.0,2,0.0
EMP032,Christopher Ashley,IT,IT Support,2026-04-28,0.5500000000000007,-0.029186873843156505,0,0.1,1.0,2,1.0
EMP032,Christopher Ashley,IT,IT Support,2026-04-29,0.5238095238095237,-0.49010741034003297,0,0.0,1.0,2,0.0
EMP032,Christopher Ashley,IT,IT Support,2026-04-30,0.5,-0.49128069250729167,0,0.0,1.0,2,0.0
EMP032,Christopher Ashley,IT,IT Support,2026-05-01,0.47826086956521685,-0.4271014106447631,0,0.0,0.0,2,0.0
EMP032,Christopher Ashley,IT,IT Support,2026-05-04,9.125,2.8988097693315398,0,0.0,0.0,2,1.0
EMP032,Christopher Ashley,IT,IT Support,2026-05-05,1.8000000000000007,-0.48976364613816104,0,0.0,0.0,2,0.0
EMP032,Christopher Ashley,IT,IT Support,2026-05-06,0.76923076923077,-0.45404953481759464,0,0.0,0.0,2,0.0
EMP032,Christopher Ashley,IT,IT Support,2026-05-07,0.7407407407407405,-0.4714021538773049,0,0.0,0.0,2,0.0
EMP032,Christopher Ashley,IT,IT Support,2026-05-08,0.7142857142857135,-0.49508451813235294,0,0.0,0.0,2,0.0
EMP032,Christopher Ashley,IT,IT Support,2026-05-11,0.6896551724137936,-0.504298893369486,0,0.0,0.0,2,0.0
EMP032,Christopher Ashley,IT,IT Support,2026-05-12,0.6666666666666661,0.6443667677811682,0,0.0,0.0,3,1.0
EMP032,Christopher Ashley,IT,IT Support,2026-05-13,0.6666666666666661,-0.469384407475013,0,0.0,0.0,2,0.0
EMP032,Christopher Ashley,IT,IT Support,2026-05-14,0.6666666666666661,-0.4757440452096441,0,0.0,0.0,2,0.0
EMP032,Christopher Ashley,IT,IT Support,2026-05-15,0.6666666666666661,-0.46733676853342787,0,0.0,0.0,2,0.0
EMP032,Christopher Ashley,IT,IT Support,2026-05-18,0.6666666666666661,-0.4720523166069323,0,0.0,0.0,2,0.0
EMP032,Christopher Ashley,IT,IT Support,2026-05-19,0.6666666666666661,-0.43887159799146563,0,0.0,0.0,2,0.0
EMP032,Christopher Ashley,IT,IT Support,2026-05-20,8.033333333333333,3.1806964148665386,0,0.0,0.0,2,1.0
EMP032,Christopher Ashley,IT,IT Support,2026-05-21,0.9666666666666668,-0.46134331440513865,0,0.0,0.0,1,0.0
EMP032,Christopher Ashley,IT,IT Support,2026-05-22,0.9666666666666668,2.176807794647739,0,0.0,0.0,1,1.0
EMP032,Christopher Ashley,IT,IT Support,2026-05-24,1.9333333333333336,-0.5368219761205018,1,0.0,0.0,1,0.0
EMP032,Christopher Ashley,IT,IT Support,2026-05-25,0.9333333333333336,-0.4156301486909925,0,0.0,0.0,1,0.0
EMP032,Christopher Ashley,IT,IT Support,2026-05-26,0.9333333333333336,-0.47227651065163134,0,0.0,0.0,1,0.0
EMP032,Christopher Ashley,IT,IT Support,2026-05-27,0.9333333333333336,-0.4652218713784331,0,0.0,0.0,1,0.0
EMP032,Christopher Ashley,IT,IT Support,2026-05-28,0.9333333333333336,-0.46484074150244464,0,0.0,0.0,1,0.0
EMP032,Christopher Ashley,IT,IT Support,2026-05-29,0.9333333333333336,-0.4624044995500477,0,0.0,0.0,1,0.0
EMP032,Christopher Ashley,IT,IT Support,2026-06-01,9.7,2.887189044681303,0,0.0,0.0,1,1.0
EMP032,Christopher Ashley,IT,IT Support,2026-06-02,0.9333333333333336,-0.4772013065001882,0,0.0,0.0,1,0.0
EMP032,Christopher Ashley,IT,IT Support,2026-06-03,0.9333333333333336,-0.4995833452959816,0,0.0,0.0,1,0.0
EMP032,Christopher Ashley,IT,IT Support,2026-06-04,0.9333333333333336,0.878395457907734,0,0.0,0.0,3,1.0
EMP032,Christopher Ashley,IT,IT Support,2026-06-05,0.9333333333333336,-0.49402333298744394,0,0.0,0.0,3,0.0
EMP032,Christopher Ashley,IT,IT Support,2026-06-06,0.9333333333333336,-0.5263969530419937,1,0.0,0.0,3,0.0
EMP032,Christopher Ashley,IT,IT Support,2026-06-08,0.9333333333333336,-0.4609397651246803,0,0.0,0.0,3,0.0
EMP032,Christopher Ashley,IT,IT Support,2026-06-09,0.9333333333333336,-0.5160167687724254,0,0.0,0.0,3,0.0
EMP032,Christopher Ashley,IT,IT Support,2026-06-10,0.9333333333333336,-0.4559178185234205,0,0.0,0.0,3,0.0
EMP032,Christopher Ashley,IT,IT Support,2026-06-11,0.5999999999999996,-0.4674264461513075,0,0.0,1.0,3,0.0
EMP032,Christopher Ashley,IT,IT Support,2026-06-12,0.6333333333333329,-0.15079719682277082,0,0.14285714285714285,1.0,1,1.0
EMP032,Christopher Ashley,IT,IT Support,2026-06-15,9.033333333333333,3.709375864806306,0,0.0,2.0,1,1.0
EMP032,Christopher Ashley,IT,IT Support,2026-06-16,0.9666666666666668,-0.5029612022361146,0,0.0,2.0,1,0.0
EMP032,Christopher Ashley,IT,IT Support,2026-06-17,0.9666666666666668,-0.4303447511580767,0,0.0,2.0,1,0.0
EMP032,Christopher Ashley,IT,IT Support,2026-06-18,0.9666666666666668,-0.5049042172901735,0,0.0,2.0,1,0.0
EMP032,Christopher Ashley,IT,IT Support,2026-06-19,0.9666666666666668,-0.49344042847122627,0,0.0,2.0,1,0.0
EMP032,Christopher Ashley,IT,IT Support,2026-06-21,2.9000000000000004,-0.5235272692698453,1,0.0,1.0,1,0.0
EMP032,Christopher Ashley,IT,IT Support,2026-06-22,0.9000000000000004,-0.4588547605089787,0,0.0,1.0,1,0.0
EMP032,Christopher Ashley,IT,IT Support,2026-06-23,0.9000000000000004,1.883644188664375,0,0.0,1.0,1,1.0
EMP032,Christopher Ashley,IT,IT Support,2026-06-24,0.9000000000000004,0.2498823998634579,0,0.0,1.0,2,1.0
EMP032,Christopher Ashley,IT,IT Support,2026-06-25,0.9000000000000004,-0.48303035166236474,0,0.0,1.0,2,0.0
EMP032,Christopher Ashley,IT,IT Support,2026-06-26,0.5999999999999996,-0.4892928386442929,0,0.0,1.0,2,0.0
EMP032,Christopher Ashley,IT,IT Support,2026-06-29,0.5999999999999996,-0.48734982359023415,0,0.0,1.0,2,0.0
EMP032,Christopher Ashley,IT,IT Support,2026-06-30,10.033333333333333,2.2329459834403935,0,0.0,2.0,2,1.0
EMP032,Christopher Ashley,IT,IT Support,2026-07-01,1.0,-0.40396458523181605,0,0.0,2.0,2,0.0
EMP032,Christopher Ashley,IT,IT Support,2026-07-02,8.666666666666666,1.9638159790487726,0,0.0,1.0,2,1.0
EMP032,Christopher Ashley,IT,IT Support,2026-07-03,5.433333333333334,0.38728345672471215,0,0.1,2.0,1,1.0
EMP032,Christopher Ashley,IT,IT Support,2026-07-06,1.5666666666666664,-0.4326390035488308,0,0.0,2.0,1,0.0
EMP032,Christopher Ashley,IT,IT Support,2026-07-07,1.5666666666666664,-0.46379450262718214,0,0.0,2.0,1,0.0
EMP032,Christopher Ashley,IT,IT Support,2026-07-08,1.5666666666666664,-0.3850949198029753,0,0.0,2.0,1,0.0
EMP032,Christopher Ashley,IT,IT Support,2026-07-09,1.1999999999999993,1.2809134457604952,0,0.0,2.0,1,1.0
EMP032,Christopher Ashley,IT,IT Support,2026-07-10,7.5,0.9086691270769356,0,0.0,3.0,1,1.0
EMP032,Christopher Ashley,IT,IT Support,2026-07-13,1.5,-0.4357702470397949,0,0.0,3.0,1,0.0
EMP032,Christopher Ashley,IT,IT Support,2026-07-14,1.5,-0.5075870726917393,0,0.0,2.0,1,0.0
EMP032,Christopher Ashley,IT,IT Support,2026-07-15,7.199999999999999,0.4334823762023728,0,0.0,3.0,1,1.0
EMP032,Christopher Ashley,IT,IT Support,2026-07-16,1.8000000000000007,-0.47371882567252893,0,0.0,3.0,1,0.0
EMP032,Christopher Ashley,IT,IT Support,2026-07-17,6.9,2.3497660269982705,0,0.0,4.0,1,1.0
EMP032,Christopher Ashley,IT,IT Support,2026-07-20,2.0999999999999996,-0.4551331393669737,0,0.0,3.0,1,0.0
EMP032,Christopher Ashley,IT,IT Support,2026-07-21,2.0999999999999996,-0.49085472382236334,0,0.0,2.0,1,0.0
EMP032,Christopher Ashley,IT,IT Support,2026-07-22,2.0999999999999996,-0.06801728238504039,0,0.0,2.0,2,1.0
EMP032,Christopher Ashley,IT,IT Support,2026-07-23,2.0999999999999996,-0.4044503389953308,0,0.0,2.0,2,0.0
EMP032,Christopher Ashley,IT,IT Support,2026-07-24,1.7666666666666675,-0.4629575115269721,0,0.0,1.0,2,0.0
EMP032,Christopher Ashley,IT,IT Support,2026-07-27,1.7666666666666675,-0.4313461512243993,0,0.0,1.0,2,0.0
EMP032,Christopher Ashley,IT,IT Support,2026-07-28,1.7666666666666675,-0.4727248987410296,0,0.0,0.0,2,0.0
EMP032,Christopher Ashley,IT,IT Support,2026-07-29,1.7666666666666675,-0.3999515118317022,0,0.0,0.0,2,0.0
EMP033,Tamara George,IT,Security Analyst,2026-04-01,0.0,-0.48879018840243876,0,0.0,0.0,1,0.0
EMP033,Tamara George,IT,Security Analyst,2026-04-02,0.0,-0.4348636383559099,0,0.0,0.0,1,0.0
EMP033,Tamara George,IT,Security Analyst,2026-04-03,0.0,0.8982297301343768,0,0.0,0.0,2,1.0
EMP033,Tamara George,IT,Security Analyst,2026-04-06,6.0,0.4925831016298154,0,0.0,0.0,2,1.0
EMP033,Tamara George,IT,Security Analyst,2026-04-07,1.5999999999999996,-0.4456022587114957,0,0.0,0.0,2,0.0
EMP033,Tamara George,IT,Security Analyst,2026-04-08,1.333333333333333,-0.2615326220367236,0,0.1,0.0,2,1.0
EMP033,Tamara George,IT,Security Analyst,2026-04-09,1.1428571428571432,-0.44107163305422764,0,0.0,0.0,2,0.0
EMP033,Tamara George,IT,Security Analyst,2026-04-10,1.0,-0.455484902082216,0,0.0,0.0,2,0.0
EMP033,Tamara George,IT,Security Analyst,2026-04-13,0.8888888888888893,-0.40437702372322415,0,0.0,0.0,2,0.0
EMP033,Tamara George,IT,Security Analyst,2026-04-14,0.7999999999999998,-0.45213016400011674,0,0.0,0.0,1,0.0
EMP033,Tamara George,IT,Security Analyst,2026-04-15,0.7272727272727275,-0.46664718781414943,0,0.0,0.0,1,0.0
EMP033,Tamara George,IT,Security Analyst,2026-04-16,0.666666666666667,0.22558745220913032,0,0.0,0.0,2,1.0
EMP033,Tamara George,IT,Security Analyst,2026-04-17,0.615384615384615,-0.4224476489592744,0,0.0,0.0,2,0.0
EMP033,Tamara George,IT,Security Analyst,2026-04-20,0.5714285714285712,-0.4051465383863861,0,0.0,0.0,2,0.0
EMP033,Tamara George,IT,Security Analyst,2026-04-21,0.5333333333333332,0.11091247493365931,0,0.2,0.0,2,1.0
EMP033,Tamara George,IT,Security Analyst,2026-04-22,0.5,-0.4424463839693147,0,0.0,0.0,2,0.0
EMP033,Tamara George,IT,Security Analyst,2026-04-23,0.47058823529411775,-0.4313273293982331,0,0.0,0.0,2,0.0
EMP033,Tamara George,IT,Security Analyst,2026-04-24,0.44444444444444464,-0.41175225976454033,0,0.0,0.0,2,0.0
EMP033,Tamara George,IT,Security Analyst,2026-04-27,0.4210526315789478,-0.4659554892405207,0,0.0,0.0,1,0.0
EMP033,Tamara George,IT,Security Analyst,2026-04-28,0.40000000000000036,-0.45099750758579976,0,0.0,0.0,1,0.0
EMP033,Tamara George,IT,Security Analyst,2026-04-29,0.3809523809523814,-0.44007731635463637,0,0.0,0.0,1,0.0
EMP033,Tamara George,IT,Security Analyst,2026-04-30,0.3636363636363633,-0.011872668117608306,0,0.09090909090909091,0.0,1,1.0
EMP033,Tamara George,IT,Security Analyst,2026-05-01,0.3478260869565215,-0.41772680619425845,0,0.0,0.0,1,0.0
EMP033,Tamara George,IT,Security Analyst,2026-05-04,0.33333333333333304,-0.45775021491085005,0,0.0,0.0,1,0.0
EMP033,Tamara George,IT,Security Analyst,2026-05-05,0.3200000000000003,-0.41464010130944023,0,0.0,0.0,1,0.0
EMP033,Tamara George,IT,Security Analyst,2026-05-06,0.3076923076923075,-0.43674851696904815,0,0.0,0.0,1,0.0
EMP033,Tamara George,IT,Security Analyst,2026-05-07,6.444444444444445,4.010821434070583,0,0.14285714285714285,1.0,2,1.0
EMP033,Tamara George,IT,Security Analyst,2026-05-08,0.5357142857142856,0.5468122698023069,0,0.0,1.0,2,1.0
EMP033,Tamara George,IT,Security Analyst,2026-05-11,0.5172413793103452,3.3839436630230466,0,0.0,1.0,2,1.0
EMP033,Tamara George,IT,Security Analyst,2026-05-12,0.5,-0.4634913130719684,0,0.0,1.0,2,0.0
EMP033,Tamara George,IT,Security Analyst,2026-05-13,0.5,-0.40544915651234864,0,0.0,1.0,2,0.0
EMP033,Tamara George,IT,Security Analyst,2026-05-14,4.333333333333333,1.512968191214729,0,0.0,1.0,2,1.0
EMP033,Tamara George,IT,Security Analyst,2026-05-15,0.666666666666667,-0.39160653880760393,0,0.0,1.0,2,0.0
EMP033,Tamara George,IT,Security Analyst,2026-05-17,6.2,-0.492577238093056,1,0.0,0.0,2,0.0
EMP033,Tamara George,IT,Security Analyst,2026-05-18,1.166666666666667,-0.39020584919600576,0,0.0,0.0,1,0.0
EMP033,Tamara George,IT,Security Analyst,2026-05-19,0.16666666666666696,-0.47798239818949,0,0.0,0.0,1,0.0
EMP033,Tamara George,IT,Security Analyst,2026-05-20,0.16666666666666696,-0.40072831374733264,0,0.0,0.0,1,0.0
EMP033,Tamara George,IT,Security Analyst,2026-05-21,0.16666666666666696,-0.4019042013225015,0,0.0,0.0,1,0.0
EMP033,Tamara George,IT,Security Analyst,2026-05-22,0.16666666666666696,-0.473572819782607,0,0.0,0.0,1,0.0
EMP033,Tamara George,IT,Security Analyst,2026-05-25,3.7,2.8419718918884365,0,0.0,1.0,1,1.0
EMP033,Tamara George,IT,Security Analyst,2026-05-26,0.2999999999999998,-0.44117538784027194,0,0.0,1.0,1,0.0
EMP033,Tamara George,IT,Security Analyst,2026-05-27,0.2999999999999998,-0.39854081700823185,0,0.0,1.0,1,0.0
EMP033,Tamara George,IT,Security Analyst,2026-05-28,6.466666666666667,2.552807303182951,0,0.0,2.0,1,1.0
EMP033,Tamara George,IT,Security Analyst,2026-05-29,0.5333333333333332,-0.4305578147350711,0,0.0,2.0,1,0.0
EMP033,Tamara George,IT,Security Analyst,2026-06-01,1.5,-0.44667439150062027,0,0.0,2.0,1,0.0
EMP033,Tamara George,IT,Security Analyst,2026-06-02,0.5,-0.46723513160173386,0,0.0,2.0,1,0.0
EMP033,Tamara George,IT,Security Analyst,2026-06-03,6.266666666666667,3.007382959539574,0,0.0,1.0,1,1.0
EMP033,Tamara George,IT,Security Analyst,2026-06-04,0.7333333333333334,-0.46158049576231913,0,0.0,1.0,1,0.0
EMP033,Tamara George,IT,Security Analyst,2026-06-05,0.7333333333333334,-0.4553119774388089,0,0.0,1.0,1,0.0
EMP033,Tamara George,IT,Security Analyst,2026-06-08,0.7333333333333334,-0.24586564934403315,0,0.14285714285714285,0.0,1,1.0
EMP033,Tamara George,IT,Security Analyst,2026-06-09,7.0,1.629242721441717,0,0.0,0.0,1,1.0
EMP033,Tamara George,IT,Security Analyst,2026-06-10,1.0,-0.400615912729118,0,0.0,0.0,1,0.0
EMP033,Tamara George,IT,Security Analyst,2026-06-11,1.0,-0.4364026676822338,0,0.0,0.0,1,0.0
EMP033,Tamara George,IT,Security Analyst,2026-06-12,1.0,-0.4355293982330275,0,0.0,0.0,1,0.0
EMP033,Tamara George,IT,Security Analyst,2026-06-15,1.0,0.23796021044491417,0,0.0,0.0,2,1.0
EMP033,Tamara George,IT,Security Analyst,2026-06-16,1.0,-0.3797266158055307,0,0.0,0.0,2,0.0
EMP033,Tamara George,IT,Security Analyst,2026-06-17,1.7333333333333334,-0.47238828597526783,0,0.0,0.0,2,0.0
EMP033,Tamara George,IT,Security Analyst,2026-06-18,1.7000000000000002,-0.4474698448602933,0,0.0,0.0,2,0.0
EMP033,Tamara George,IT,Security Analyst,2026-06-19,0.7000000000000002,-0.4148821958102103,0,0.0,0.0,2,0.0
EMP033,Tamara George,IT,Security Analyst,2026-06-22,0.7000000000000002,-0.42047630802443253,0,0.0,0.0,2,0.0
EMP033,Tamara George,IT,Security Analyst,2026-06-23,0.7000000000000002,-0.44967463406373487,0,0.0,0.0,2,0.0
EMP033,Tamara George,IT,Security Analyst,2026-06-24,1.5,-0.4767546332212991,0,0.0,0.0,1,0.0
EMP033,Tamara George,IT,Security Analyst,2026-06-25,0.5,-0.43942020270968907,0,0.0,0.0,1,0.0
EMP033,Tamara George,IT,Security Analyst,2026-06-26,0.7000000000000002,-0.14345102928613115,0,0.0,0.0,2,1.0
EMP033,Tamara George,IT,Security Analyst,2026-06-29,7.0,3.340556869992187,0,0.0,0.0,2,1.0
EMP033,Tamara George,IT,Security Analyst,2026-06-30,1.9666666666666668,0.7124654319542143,0,0.0,0.0,3,1.0
EMP033,Tamara George,IT,Security Analyst,2026-07-01,0.9666666666666668,-0.485279818141273,0,0.0,0.0,3,0.0
EMP033,Tamara George,IT,Security Analyst,2026-07-02,0.9666666666666668,-0.4273414163676976,0,0.0,0.0,3,0.0
EMP033,Tamara George,IT,Security Analyst,2026-07-03,0.9666666666666668,-0.431301390701722,0,0.0,0.0,3,0.0
EMP033,Tamara George,IT,Security Analyst,2026-07-06,0.833333333333333,-0.3727058752831992,0,0.0,0.0,3,0.0
EMP033,Tamara George,IT,Security Analyst,2026-07-07,0.833333333333333,0.769158776295258,0,0.0,0.0,3,1.0
EMP033,Tamara George,IT,Security Analyst,2026-07-08,0.833333333333333,-0.45877911653912284,0,0.0,0.0,3,0.0
EMP033,Tamara George,IT,Security Analyst,2026-07-09,0.5999999999999996,-0.4486025012746103,0,0.0,0.0,2,0.0
EMP033,Tamara George,IT,Security Analyst,2026-07-10,0.5999999999999996,-0.4648141865940334,0,0.0,0.0,2,0.0
EMP033,Tamara George,IT,Security Analyst,2026-07-13,0.6333333333333337,-0.4437951961878907,0,0.0,0.0,2,0.0
EMP033,Tamara George,IT,Security Analyst,2026-07-14,0.6333333333333337,-0.42920035628432474,0,0.0,0.0,2,0.0
EMP033,Tamara George,IT,Security Analyst,2026-07-15,0.40000000000000036,-0.4646239694862855,0,0.0,0.0,2,0.0
EMP033,Tamara George,IT,Security Analyst,2026-07-16,0.40000000000000036,-0.11523837371424984,0,0.0,0.0,2,1.0
EMP033,Tamara George,IT,Security Analyst,2026-07-17,0.40000000000000036,-0.39853217077606146,0,0.0,0.0,2,0.0
EMP033,Tamara George,IT,Security Analyst,2026-07-20,0.40000000000000036,-0.4529256173597898,0,0.0,0.0,2,0.0
EMP033,Tamara George,IT,Security Analyst,2026-07-21,0.13333333333333375,-0.44836905300601054,0,0.0,0.0,2,0.0
EMP033,Tamara George,IT,Security Analyst,2026-07-22,0.13333333333333375,-0.44561955117583646,0,0.0,0.0,2,0.0
EMP033,Tamara George,IT,Security Analyst,2026-07-23,0.13333333333333375,-0.4353564735896204,0,0.0,0.0,2,0.0
EMP033,Tamara George,IT,Security Analyst,2026-07-24,0.13333333333333375,-0.42589749559524764,0,0.0,0.0,2,0.0
EMP033,Tamara George,IT,Security Analyst,2026-07-27,6.633333333333334,1.6881322087540314,0,0.0,0.0,2,1.0
EMP033,Tamara George,IT,Security Analyst,2026-07-28,1.333333333333333,-0.47732528454454276,0,0.0,0.0,2,0.0
EMP033,Tamara George,IT,Security Analyst,2026-07-29,5.433333333333334,0.8848107778059797,0,0.0,1.0,2,1.0
EMP034,Brian Cox DVM,IT,Network Engineer,2026-04-01,0.0,-0.38119701974415093,0,0.0,0.0,1,0.0
EMP034,Brian Cox DVM,IT,Network Engineer,2026-04-02,0.5,-0.3717513676342044,0,0.0,0.0,1,0.0
EMP034,Brian Cox DVM,IT,Network Engineer,2026-04-03,0.3333333333333339,-0.3587036267096405,0,0.0,0.0,1,0.0
EMP034,Brian Cox DVM,IT,Network Engineer,2026-04-06,0.25,-0.44434368151830633,0,0.0,0.0,1,0.0
EMP034,Brian Cox DVM,IT,Network Engineer,2026-04-07,0.1999999999999993,-0.23527309863844917,0,0.09090909090909091,0.0,1,1.0
EMP034,Brian Cox DVM,IT,Network Engineer,2026-04-08,0.16666666666666607,-0.10118573575545305,0,0.2,0.0,1,1.0
EMP034,Brian Cox DVM,IT,Network Engineer,2026-04-09,0.7142857142857135,-0.42983308356422534,0,0.0,0.0,1,0.0
EMP034,Brian Cox DVM,IT,Network Engineer,2026-04-10,3.75,0.5359592840039041,0,0.0,2.0,1,1.0
EMP034,Brian Cox DVM,IT,Network Engineer,2026-04-13,0.22222222222222232,-0.3649561607874153,0,0.0,3.0,1,0.0
EMP034,Brian Cox DVM,IT,Network Engineer,2026-04-14,0.20000000000000018,-0.42757587943803493,0,0.0,3.0,1,0.0
EMP034,Brian Cox DVM,IT,Network Engineer,2026-04-15,4.363636363636363,1.3741763619172103,0,0.0,3.0,1,1.0
EMP034,Brian Cox DVM,IT,Network Engineer,2026-04-16,0.583333333333333,-0.4178156344185149,0,0.0,3.0,1,0.0
EMP034,Brian Cox DVM,IT,Network Engineer,2026-04-17,0.5384615384615383,-0.41152377622704345,0,0.0,3.0,1,0.0
EMP034,Brian Cox DVM,IT,Network Engineer,2026-04-19,6.071428571428571,-0.4723503152930937,1,0.0,3.0,1,0.0
EMP034,Brian Cox DVM,IT,Network Engineer,2026-04-20,0.06666666666666643,-0.4314296425803112,0,0.0,1.0,1,0.0
EMP034,Brian Cox DVM,IT,Network Engineer,2026-04-21,5.5625,6.1306874526830635,0,0.0,1.0,1,1.0
EMP034,Brian Cox DVM,IT,Network Engineer,2026-04-22,0.41176470588235325,-0.38065434697513656,0,0.0,1.0,1,0.0
EMP034,Brian Cox DVM,IT,Network Engineer,2026-04-23,0.3888888888888893,-0.37314344125906745,0,0.0,1.0,1,0.0
EMP034,Brian Cox DVM,IT,Network Engineer,2026-04-24,0.36842105263157876,-0.4210323469189046,0,0.0,1.0,1,0.0
EMP034,Brian Cox DVM,IT,Network Engineer,2026-04-27,0.34999999999999964,-0.4068992604563119,0,0.0,1.0,1,0.0
EMP034,Brian Cox DVM,IT,Network Engineer,2026-04-28,0.33333333333333304,-0.3979254977107257,0,0.0,1.0,1,0.0
EMP034,Brian Cox DVM,IT,Network Engineer,2026-04-29,0.31818181818181834,-0.36602577667996544,0,0.0,1.0,1,0.0
EMP034,Brian Cox DVM,IT,Network Engineer,2026-04-30,0.3043478260869561,-0.36413035439978464,0,0.0,0.0,1,0.0
EMP034,Brian Cox DVM,IT,Network Engineer,2026-05-01,0.29166666666666696,-0.411838369136617,0,0.0,0.0,1,0.0
EMP034,Brian Cox DVM,IT,Network Engineer,2026-05-04,6.44,1.1251918036352064,0,0.0,1.0,1,1.0
EMP034,Brian Cox DVM,IT,Network Engineer,2026-05-05,0.5384615384615383,-0.4220390442295401,0,0.0,1.0,1,0.0
EMP034,Brian Cox DVM,IT,Network Engineer,2026-05-06,0.5185185185185182,-0.41221588062810527,0,0.0,1.0,1,0.0
EMP034,Brian Cox DVM,IT,Network Engineer,2026-05-07,0.5,-0.42034024251784274,0,0.0,1.0,1,0.0
EMP034,Brian Cox DVM,IT,Network Engineer,2026-05-08,0.4827586206896548,-0.41135861494951725,0,0.0,1.0,1,0.0
EMP034,Brian Cox DVM,IT,Network Engineer,2026-05-11,0.4666666666666668,-0.3513736119165763,0,0.0,1.0,1,0.0
EMP034,Brian Cox DVM,IT,Network Engineer,2026-05-12,0.5,-0.4344733289804355,0,0.0,1.0,1,0.0
EMP034,Brian Cox DVM,IT,Network Engineer,2026-05-13,1.4666666666666668,-0.3825969581917534,0,0.0,0.0,1,0.0
EMP034,Brian Cox DVM,IT,Network Engineer,2026-05-14,0.4666666666666668,-0.4417482900143244,0,0.0,0.0,1,0.0
EMP034,Brian Cox DVM,IT,Network Engineer,2026-05-15,0.4666666666666668,-0.4063408580418188,0,0.0,0.0,1,0.0
EMP034,Brian Cox DVM,IT,Network Engineer,2026-05-18,0.4666666666666668,1.0607081219953631,0,0.0,0.0,2,1.0
EMP034,Brian Cox DVM,IT,Network Engineer,2026-05-19,0.4666666666666668,0.08314211478644266,0,0.0,0.0,2,1.0
EMP034,Brian Cox DVM,IT,Network Engineer,2026-05-20,4.333333333333333,0.8966951085891809,0,0.125,1.0,2,1.0
EMP034,Brian Cox DVM,IT,Network Engineer,2026-05-21,4.3,1.799789109279297,0,0.0,2.0,2,1.0
EMP034,Brian Cox DVM,IT,Network Engineer,2026-05-22,0.7000000000000002,-0.38195204272712757,0,0.0,2.0,2,0.0
EMP034,Brian Cox DVM,IT,Network Engineer,2026-05-25,0.7000000000000002,-0.40413084285206446,0,0.0,2.0,2,0.0
EMP034,Brian Cox DVM,IT,Network Engineer,2026-05-26,1.5,-0.3326238745059913,0,0.16666666666666666,2.0,2,1.0
EMP034,Brian Cox DVM,IT,Network Engineer,2026-05-27,0.5,-0.3690222741436537,0,0.0,2.0,1,0.0
EMP034,Brian Cox DVM,IT,Network Engineer,2026-05-28,0.5,-0.3893843002158032,0,0.0,2.0,1,0.0
EMP034,Brian Cox DVM,IT,Network Engineer,2026-05-29,1.666666666666667,-0.43285317549613167,0,0.0,1.0,1,0.0
EMP034,Brian Cox DVM,IT,Network Engineer,2026-06-01,0.666666666666667,2.127901649141794,0,0.0,1.0,1,1.0
EMP034,Brian Cox DVM,IT,Network Engineer,2026-06-02,1.4333333333333336,-0.4400180290116698,0,0.0,1.0,1,0.0
EMP034,Brian Cox DVM,IT,Network Engineer,2026-06-03,0.43333333333333357,-0.39894005984410047,0,0.0,1.0,1,0.0
EMP034,Brian Cox DVM,IT,Network Engineer,2026-06-04,0.43333333333333357,0.922129945328204,0,0.0,1.0,2,1.0
EMP034,Brian Cox DVM,IT,Network Engineer,2026-06-05,0.43333333333333357,-0.38497999948177314,0,0.0,1.0,2,0.0
EMP034,Brian Cox DVM,IT,Network Engineer,2026-06-08,0.43333333333333357,-0.3806779414433546,0,0.0,1.0,2,0.0
EMP034,Brian Cox DVM,IT,Network Engineer,2026-06-09,0.43333333333333357,-0.33745287566794563,0,0.0,1.0,2,0.0
EMP034,Brian Cox DVM,IT,Network Engineer,2026-06-10,5.366666666666666,4.104323738715027,0,0.0,0.0,3,1.0
EMP034,Brian Cox DVM,IT,Network Engineer,2026-06-11,4.2,0.937607916479224,0,0.0,1.0,3,1.0
EMP034,Brian Cox DVM,IT,Network Engineer,2026-06-12,0.7999999999999998,1.6991115133930148,0,0.0,2.0,3,1.0
EMP034,Brian Cox DVM,IT,Network Engineer,2026-06-15,0.5666666666666664,0.7360403744926967,0,0.0,2.0,3,1.0
EMP034,Brian Cox DVM,IT,Network Engineer,2026-06-16,0.5666666666666664,-0.4159438066065521,0,0.0,2.0,3,0.0
EMP034,Brian Cox DVM,IT,Network Engineer,2026-06-17,0.5666666666666664,-0.4067340991787857,0,0.0,2.0,3,0.0
EMP034,Brian Cox DVM,IT,Network Engineer,2026-06-18,1.5333333333333332,-0.43864168503228534,0,0.0,2.0,3,0.0
EMP034,Brian Cox DVM,IT,Network Engineer,2026-06-19,0.5333333333333332,-0.43702153154798146,0,0.0,2.0,2,0.0
EMP034,Brian Cox DVM,IT,Network Engineer,2026-06-22,0.5333333333333332,-0.4194357879028187,0,0.0,1.0,2,0.0
EMP034,Brian Cox DVM,IT,Network Engineer,2026-06-23,1.5,-0.45058048595060246,0,0.0,0.0,2,0.0
EMP034,Brian Cox DVM,IT,Network Engineer,2026-06-24,0.5333333333333332,-0.37213674394843205,0,0.0,0.0,1,0.0
EMP034,Brian Cox DVM,IT,Network Engineer,2026-06-25,0.5333333333333332,-0.20841472898360536,0,0.1111111111111111,0.0,1,1.0
EMP034,Brian Cox DVM,IT,Network Engineer,2026-06-26,0.5333333333333332,-0.3934661432175203,0,0.0,0.0,1,0.0
EMP034,Brian Cox DVM,IT,Network Engineer,2026-06-29,0.5333333333333332,-0.38737877041727165,0,0.0,0.0,1,0.0
EMP034,Brian Cox DVM,IT,Network Engineer,2026-06-30,0.5333333333333332,-0.38523953863217136,0,0.0,0.0,1,0.0
EMP034,Brian Cox DVM,IT,Network Engineer,2026-07-01,0.36666666666666625,-0.4042094910794578,0,0.0,0.0,1,0.0
EMP034,Brian Cox DVM,IT,Network Engineer,2026-07-02,0.20000000000000018,0.6040765137493221,0,0.0,0.0,2,1.0
EMP034,Brian Cox DVM,IT,Network Engineer,2026-07-03,0.20000000000000018,-0.3228793591319499,0,0.0,0.0,2,0.0
EMP034,Brian Cox DVM,IT,Network Engineer,2026-07-06,0.20000000000000018,-0.07080392551338525,0,0.1111111111111111,0.0,2,1.0
EMP034,Brian Cox DVM,IT,Network Engineer,2026-07-07,0.2333333333333334,-0.3601350244482003,0,0.0,0.0,2,0.0
EMP034,Brian Cox DVM,IT,Network Engineer,2026-07-08,0.2333333333333334,-0.43814620119970704,0,0.0,0.0,2,0.0
EMP034,Brian Cox DVM,IT,Network Engineer,2026-07-09,1.2000000000000002,-0.4070722865565773,0,0.0,0.0,2,0.0
EMP034,Brian Cox DVM,IT,Network Engineer,2026-07-10,0.2333333333333334,-0.42505913616144636,0,0.0,0.0,2,0.0
EMP034,Brian Cox DVM,IT,Network Engineer,2026-07-13,1.2000000000000002,0.7270980710380677,0,0.0,0.0,2,1.0
EMP034,Brian Cox DVM,IT,Network Engineer,2026-07-14,0.2333333333333334,-0.4176740676092067,0,0.0,0.0,2,0.0
EMP034,Brian Cox DVM,IT,Network Engineer,2026-07-15,0.2333333333333334,-0.42543664765293465,0,0.0,0.0,2,0.0
EMP034,Brian Cox DVM,IT,Network Engineer,2026-07-16,0.2333333333333334,1.3620959941895854,0,0.0,1.0,2,1.0
EMP034,Brian Cox DVM,IT,Network Engineer,2026-07-17,0.2333333333333334,0.0021894943304230506,0,0.16666666666666666,1.0,2,1.0
EMP034,Brian Cox DVM,IT,Network Engineer,2026-07-20,0.2333333333333334,-0.4122473399190626,0,0.0,1.0,2,0.0
EMP034,Brian Cox DVM,IT,Network Engineer,2026-07-21,0.2333333333333334,-0.38169250357672935,0,0.0,1.0,2,0.0
EMP034,Brian Cox DVM,IT,Network Engineer,2026-07-22,1.0,-0.4548510846980637,0,0.0,1.0,1,0.0
EMP034,Brian Cox DVM,IT,Network Engineer,2026-07-23,0.16666666666666607,-0.41039910657531786,0,0.0,1.0,1,0.0
EMP034,Brian Cox DVM,IT,Network Engineer,2026-07-24,0.16666666666666607,-0.3666864217900699,0,0.0,1.0,1,0.0
EMP034,Brian Cox DVM,IT,Network Engineer,2026-07-27,5.0,0.10089301970913146,0,0.0,1.0,1,1.0
EMP034,Brian Cox DVM,IT,Network Engineer,2026-07-28,0.0,-0.3925852830707143,0,0.0,1.0,1,0.0
EMP034,Brian Cox DVM,IT,Network Engineer,2026-07-29,0.0,-0.4208357263504211,0,0.0,1.0,1,0.0
EMP035,Cynthia Allen,IT,Network Engineer,2026-04-01,0.0,-0.5152007917979466,0,0.0,0.0,1,0.0
EMP035,Cynthia Allen,IT,Network Engineer,2026-04-02,0.0,4.088497991129328,0,0.0,0.0,1,1.0
EMP035,Cynthia Allen,IT,Network Engineer,2026-04-03,0.0,-0.5005686759086229,0,0.0,0.0,1,0.0
EMP035,Cynthia Allen,IT,Network Engineer,2026-04-06,0.0,-0.5285104715573317,0,0.0,0.0,1,0.0
EMP035,Cynthia Allen,IT,Network Engineer,2026-04-07,0.0,-0.43942733451394805,0,0.0,0.0,1,0.0
EMP035,Cynthia Allen,IT,Network Engineer,2026-04-08,0.0,-0.5342907972220646,0,0.0,0.0,1,0.0
EMP035,Cynthia Allen,IT,Network Engineer,2026-04-09,0.0,-0.46052232374797325,0,0.0,0.0,1,0.0
EMP035,Cynthia Allen,IT,Network Engineer,2026-04-10,0.0,-0.4736400369723671,0,0.0,0.0,1,0.0
EMP035,Cynthia Allen,IT,Network Engineer,2026-04-13,0.0,-0.48086011164953346,0,0.0,0.0,1,0.0
EMP035,Cynthia Allen,IT,Network Engineer,2026-04-14,4.5,1.1959782363054838,0,0.0,0.0,1,1.0
EMP035,Cynthia Allen,IT,Network Engineer,2026-04-15,0.45454545454545414,-0.4018658825006836,0,0.0,0.0,1,0.0
EMP035,Cynthia Allen,IT,Network Engineer,2026-04-16,0.41666666666666696,-0.36855968867972266,0,0.0,0.0,1,0.0
EMP035,Cynthia Allen,IT,Network Engineer,2026-04-17,0.384615384615385,-0.47263754506741346,0,0.0,0.0,1,0.0
EMP035,Cynthia Allen,IT,Network Engineer,2026-04-20,1.2857142857142856,-0.4451543361411833,0,0.0,0.0,1,0.0
EMP035,Cynthia Allen,IT,Network Engineer,2026-04-21,0.2666666666666666,-0.4499108402859636,0,0.0,0.0,1,0.0
EMP035,Cynthia Allen,IT,Network Engineer,2026-04-22,0.25,-0.4178630937499444,0,0.0,0.0,1,0.0
EMP035,Cynthia Allen,IT,Network Engineer,2026-04-23,1.1764705882352944,-0.3045068548376823,0,0.16666666666666666,0.0,1,1.0
EMP035,Cynthia Allen,IT,Network Engineer,2026-04-24,0.16666666666666696,-0.529043711932307,0,0.0,0.0,1,0.0
EMP035,Cynthia Allen,IT,Network Engineer,2026-04-27,0.1578947368421053,-0.4118161478977238,0,0.0,0.0,1,0.0
EMP035,Cynthia Allen,IT,Network Engineer,2026-04-28,4.6,0.1681680783479765,0,0.0,0.0,1,1.0
EMP035,Cynthia Allen,IT,Network Engineer,2026-04-29,0.3809523809523814,-0.30527472097764685,0,0.0,1.0,1,0.0
EMP035,Cynthia Allen,IT,Network Engineer,2026-04-30,6.318181818181818,0.5715217627868387,0,0.0,2.0,1,1.0
EMP035,Cynthia Allen,IT,Network Engineer,2026-05-01,7.0,1.6913585446575936,0,0.0,3.0,1,1.0
EMP035,Cynthia Allen,IT,Network Engineer,2026-05-04,0.958333333333333,-0.45939185415302547,0,0.0,3.0,1,0.0
EMP035,Cynthia Allen,IT,Network Engineer,2026-05-05,0.9199999999999999,-0.4293917506569117,0,0.0,3.0,1,0.0
EMP035,Cynthia Allen,IT,Network Engineer,2026-05-06,0.884615384615385,-0.39568029415096945,0,0.0,3.0,1,0.0
EMP035,Cynthia Allen,IT,Network Engineer,2026-05-07,0.8518518518518521,1.6286281469454924,0,0.0,3.0,2,1.0
EMP035,Cynthia Allen,IT,Network Engineer,2026-05-08,4.964285714285714,1.2795903271016205,0,0.0,2.0,2,1.0
EMP035,Cynthia Allen,IT,Network Engineer,2026-05-11,1.0,-0.4735440537048715,0,0.0,1.0,2,0.0
EMP035,Cynthia Allen,IT,Network Engineer,2026-05-12,0.9666666666666668,0.10142771301606049,0,0.09090909090909091,0.0,2,1.0
EMP035,Cynthia Allen,IT,Network Engineer,2026-05-13,5.8,0.5668932363320525,0,0.0,0.0,2,1.0
EMP035,Cynthia Allen,IT,Network Engineer,2026-05-14,1.2000000000000002,-0.4308741588993432,0,0.0,0.0,2,0.0
EMP035,Cynthia Allen,IT,Network Engineer,2026-05-15,1.2000000000000002,-0.5009419441711056,0,0.0,0.0,2,0.0
EMP035,Cynthia Allen,IT,Network Engineer,2026-05-18,1.2000000000000002,-0.4491856333759971,0,0.0,0.0,1,0.0
EMP035,Cynthia Allen,IT,Network Engineer,2026-05-19,1.2000000000000002,-0.46659059921519286,0,0.0,0.0,1,0.0
EMP035,Cynthia Allen,IT,Network Engineer,2026-05-20,2.166666666666667,-0.4818626035544872,0,0.0,0.0,1,0.0
EMP035,Cynthia Allen,IT,Network Engineer,2026-05-21,4.633333333333334,4.182390956354989,0,0.0,0.0,1,1.0
EMP035,Cynthia Allen,IT,Network Engineer,2026-05-22,1.3666666666666663,-0.4376463116615303,0,0.0,0.0,1,0.0
EMP035,Cynthia Allen,IT,Network Engineer,2026-05-25,1.3666666666666663,1.6012835805167562,0,0.0,0.0,2,1.0
EMP035,Cynthia Allen,IT,Network Engineer,2026-05-26,1.2000000000000002,-0.4756450207822745,0,0.0,0.0,2,0.0
EMP035,Cynthia Allen,IT,Network Engineer,2026-05-27,1.2000000000000002,-0.5272733538873889,0,0.0,0.0,2,0.0
EMP035,Cynthia Allen,IT,Network Engineer,2026-05-28,1.2000000000000002,-0.4773300603671966,0,0.0,0.0,2,0.0
EMP035,Cynthia Allen,IT,Network Engineer,2026-05-29,6.533333333333333,0.5401352343157889,0,0.0,0.0,2,1.0
EMP035,Cynthia Allen,IT,Network Engineer,2026-06-01,1.5,-0.4524277348558473,0,0.0,0.0,2,0.0
EMP035,Cynthia Allen,IT,Network Engineer,2026-06-02,2.466666666666667,-0.48706702961424675,0,0.0,0.0,2,0.0
EMP035,Cynthia Allen,IT,Network Engineer,2026-06-03,1.4666666666666668,1.031228290053097,0,0.0,0.0,2,1.0
EMP035,Cynthia Allen,IT,Network Engineer,2026-06-04,1.5,-0.5217063243726461,0,0.0,0.0,2,0.0
EMP035,Cynthia Allen,IT,Network Engineer,2026-06-05,1.5,-0.4870670296142467,0,0.0,0.0,2,0.0
EMP035,Cynthia Allen,IT,Network Engineer,2026-06-08,1.5,0.3016488090118088,0,0.0,0.0,2,1.0
EMP035,Cynthia Allen,IT,Network Engineer,2026-06-09,1.333333333333333,-0.4974438873112672,0,0.0,0.0,2,0.0
EMP035,Cynthia Allen,IT,Network Engineer,2026-06-10,1.333333333333333,1.9371610279062361,0,0.1111111111111111,0.0,2,1.0
EMP035,Cynthia Allen,IT,Network Engineer,2026-06-11,1.0999999999999996,0.36962629201366776,0,0.14285714285714285,0.0,2,1.0
EMP035,Cynthia Allen,IT,Network Engineer,2026-06-12,0.833333333333333,-0.49979014496115876,0,0.0,0.0,2,0.0
EMP035,Cynthia Allen,IT,Network Engineer,2026-06-15,0.833333333333333,-0.47868449091963405,0,0.0,0.0,2,0.0
EMP035,Cynthia Allen,IT,Network Engineer,2026-06-16,0.833333333333333,-0.49873432901870757,0,0.0,0.0,2,0.0
EMP035,Cynthia Allen,IT,Network Engineer,2026-06-17,0.833333333333333,-0.05179357632935956,0,0.125,0.0,2,1.0
EMP035,Cynthia Allen,IT,Network Engineer,2026-06-18,6.9,2.120073141330284,0,0.0,0.0,2,1.0
EMP035,Cynthia Allen,IT,Network Engineer,2026-06-19,3.9333333333333336,3.2219823817943674,0,0.0,0.0,1,1.0
EMP035,Cynthia Allen,IT,Network Engineer,2026-06-22,2.033333333333333,-0.5012618883960908,0,0.0,0.0,1,0.0
EMP035,Cynthia Allen,IT,Network Engineer,2026-06-23,1.0333333333333332,-0.027541804075480163,0,0.125,0.0,1,1.0
EMP035,Cynthia Allen,IT,Network Engineer,2026-06-24,0.7999999999999998,-0.4667719009426845,0,0.0,0.0,1,0.0
EMP035,Cynthia Allen,IT,Network Engineer,2026-06-25,0.7999999999999998,-0.49011716455910576,0,0.0,0.0,1,0.0
EMP035,Cynthia Allen,IT,Network Engineer,2026-06-26,0.7999999999999998,-0.5037787829659744,0,0.0,0.0,1,0.0
EMP035,Cynthia Allen,IT,Network Engineer,2026-06-29,0.7999999999999998,-0.41962278698736316,0,0.0,0.0,1,0.0
EMP035,Cynthia Allen,IT,Network Engineer,2026-06-30,0.7999999999999998,-0.4346388359466693,0,0.0,0.0,1,0.0
EMP035,Cynthia Allen,IT,Network Engineer,2026-07-01,0.833333333333333,-0.5126412379980649,0,0.0,0.0,1,0.0
EMP035,Cynthia Allen,IT,Network Engineer,2026-07-02,0.6333333333333337,-0.4767754903772222,0,0.0,0.0,1,0.0
EMP035,Cynthia Allen,IT,Network Engineer,2026-07-03,0.6333333333333337,-0.4514998966033902,0,0.0,0.0,1,0.0
EMP035,Cynthia Allen,IT,Network Engineer,2026-07-04,5.466666666666667,-0.5327977241721336,1,0.0,0.0,1,0.0
EMP035,Cynthia Allen,IT,Network Engineer,2026-07-06,0.4666666666666668,-0.43735836185904364,0,0.0,0.0,1,0.0
EMP035,Cynthia Allen,IT,Network Engineer,2026-07-07,0.4666666666666668,-0.4984143847937224,0,0.0,0.0,1,0.0
EMP035,Cynthia Allen,IT,Network Engineer,2026-07-08,0.4666666666666668,-0.5040454031534621,0,0.0,0.0,1,0.0
EMP035,Cynthia Allen,IT,Network Engineer,2026-07-09,0.20000000000000018,-0.36387783818743896,0,0.14285714285714285,0.0,1,1.0
EMP035,Cynthia Allen,IT,Network Engineer,2026-07-10,0.20000000000000018,-0.5066369513758424,0,0.0,0.0,1,0.0
EMP035,Cynthia Allen,IT,Network Engineer,2026-07-13,0.2333333333333334,0.4346709529531622,0,0.14285714285714285,0.0,2,1.0
EMP035,Cynthia Allen,IT,Network Engineer,2026-07-14,0.2333333333333334,-0.48286509545944084,0,0.0,0.0,2,0.0
EMP035,Cynthia Allen,IT,Network Engineer,2026-07-15,0.2333333333333334,0.5121187850145835,0,0.0,0.0,3,1.0
EMP035,Cynthia Allen,IT,Network Engineer,2026-07-16,4.6,2.303177221289323,0,0.0,1.0,3,1.0
EMP035,Cynthia Allen,IT,Network Engineer,2026-07-17,0.40000000000000036,-0.4663453086427042,0,0.0,1.0,3,0.0
EMP035,Cynthia Allen,IT,Network Engineer,2026-07-20,0.40000000000000036,-0.4805401674245483,0,0.0,1.0,3,0.0
EMP035,Cynthia Allen,IT,Network Engineer,2026-07-21,1.3666666666666663,-0.48232119027696596,0,0.0,1.0,3,0.0
EMP035,Cynthia Allen,IT,Network Engineer,2026-07-22,0.36666666666666625,-0.42123317291978873,0,0.0,1.0,2,0.0
EMP035,Cynthia Allen,IT,Network Engineer,2026-07-23,0.36666666666666625,-0.4555311938382039,0,0.0,1.0,2,0.0
EMP035,Cynthia Allen,IT,Network Engineer,2026-07-24,0.36666666666666625,-0.4847421015793541,0,0.0,1.0,1,0.0
EMP035,Cynthia Allen,IT,Network Engineer,2026-07-27,0.36666666666666625,-0.4512546060309015,0,0.0,0.0,1,0.0
EMP035,Cynthia Allen,IT,Network Engineer,2026-07-28,0.36666666666666625,-0.4771594234472045,0,0.0,0.0,1,0.0
EMP035,Cynthia Allen,IT,Network Engineer,2026-07-29,0.09999999999999964,-0.4980624461462386,0,0.0,0.0,1,0.0
EMP036,Angela Dennis,IT,Security Analyst,2026-04-01,0.0,-0.451025877039301,0,0.0,0.0,1,0.0
EMP036,Angela Dennis,IT,Security Analyst,2026-04-02,0.0,-0.39519223941894904,0,0.0,1.0,1,0.0
EMP036,Angela Dennis,IT,Security Analyst,2026-04-03,0.0,-0.5006734984940028,0,0.0,1.0,1,0.0
EMP036,Angela Dennis,IT,Security Analyst,2026-04-06,0.0,-0.49932920768820777,0,0.0,1.0,1,0.0
EMP036,Angela Dennis,IT,Security Analyst,2026-04-07,0.0,-0.4864559143784755,0,0.0,1.0,1,0.0
EMP036,Angela Dennis,IT,Security Analyst,2026-04-08,0.0,0.3745395621433235,0,0.18181818181818182,1.0,1,1.0
EMP036,Angela Dennis,IT,Security Analyst,2026-04-09,0.0,1.38542346351127,0,0.0,1.0,2,1.0
EMP036,Angela Dennis,IT,Security Analyst,2026-04-10,0.0,-0.43900700585189606,0,0.0,1.0,2,0.0
EMP036,Angela Dennis,IT,Security Analyst,2026-04-13,0.0,0.5368455885006289,0,0.0,0.0,3,1.0
EMP036,Angela Dennis,IT,Security Analyst,2026-04-14,0.0,-0.40332633802350554,0,0.0,0.0,3,0.0
EMP036,Angela Dennis,IT,Security Analyst,2026-04-15,0.0,-0.5197555925593139,0,0.0,0.0,3,0.0
EMP036,Angela Dennis,IT,Security Analyst,2026-04-16,0.0,0.8757891482804109,0,0.0,0.0,3,1.0
EMP036,Angela Dennis,IT,Security Analyst,2026-04-17,0.0,-0.5149708286742806,0,0.0,0.0,3,0.0
EMP036,Angela Dennis,IT,Security Analyst,2026-04-20,0.0,-0.4205287034196964,0,0.0,0.0,2,0.0
EMP036,Angela Dennis,IT,Security Analyst,2026-04-21,0.0,-0.4677497660469885,0,0.0,0.0,2,0.0
EMP036,Angela Dennis,IT,Security Analyst,2026-04-22,0.0,-0.5011975440623636,0,0.0,0.0,2,0.0
EMP036,Angela Dennis,IT,Security Analyst,2026-04-23,0.0,-0.38804927047629234,0,0.0,0.0,2,0.0
EMP036,Angela Dennis,IT,Security Analyst,2026-04-24,0.0,-0.3890062232532989,0,0.0,0.0,2,0.0
EMP036,Angela Dennis,IT,Security Analyst,2026-04-27,0.0,-0.498588708515524,0,0.0,0.0,1,0.0
EMP036,Angela Dennis,IT,Security Analyst,2026-04-28,0.9499999999999993,-0.4740610974572466,0,0.0,0.0,1,0.0
EMP036,Angela Dennis,IT,Security Analyst,2026-04-29,0.04761904761904745,1.0710075147897664,0,0.0,0.0,1,1.0
EMP036,Angela Dennis,IT,Security Analyst,2026-04-30,0.04545454545454497,-0.4791192764214246,0,0.0,0.0,1,0.0
EMP036,Angela Dennis,IT,Security Analyst,2026-05-01,0.04347826086956452,-0.49537608133557315,0,0.0,0.0,1,0.0
EMP036,Angela Dennis,IT,Security Analyst,2026-05-04,0.041666666666666075,-0.44363227760742824,0,0.0,0.0,1,0.0
EMP036,Angela Dennis,IT,Security Analyst,2026-05-05,0.03999999999999915,-0.46109666578779945,0,0.0,0.0,1,0.0
EMP036,Angela Dennis,IT,Security Analyst,2026-05-06,0.038461538461538325,-0.46293082527706214,0,0.0,0.0,1,0.0
EMP036,Angela Dennis,IT,Security Analyst,2026-05-07,7.7407407407407405,2.2078446292837306,0,0.125,1.0,2,1.0
EMP036,Angela Dennis,IT,Security Analyst,2026-05-08,0.25,-0.45002335508243685,0,0.0,1.0,2,0.0
EMP036,Angela Dennis,IT,Security Analyst,2026-05-09,2.1724137931034484,-0.5705310512154879,1,0.0,1.0,2,0.0
EMP036,Angela Dennis,IT,Security Analyst,2026-05-11,0.16666666666666696,-0.4975064404939094,0,0.0,1.0,2,0.0
EMP036,Angela Dennis,IT,Security Analyst,2026-05-12,0.16666666666666696,0.10213839725039658,0,0.125,1.0,2,1.0
EMP036,Angela Dennis,IT,Security Analyst,2026-05-13,0.16666666666666696,0.027723926543165734,0,0.1111111111111111,1.0,2,1.0
EMP036,Angela Dennis,IT,Security Analyst,2026-05-14,0.16666666666666696,-0.4812268509898321,0,0.0,1.0,2,0.0
EMP036,Angela Dennis,IT,Security Analyst,2026-05-15,0.16666666666666696,-0.5220568361421155,0,0.0,0.0,1,0.0
EMP036,Angela Dennis,IT,Security Analyst,2026-05-18,0.16666666666666696,0.7705357351046443,0,0.0,0.0,2,1.0
EMP036,Angela Dennis,IT,Security Analyst,2026-05-19,0.16666666666666696,-0.5161100581707171,0,0.0,0.0,2,0.0
EMP036,Angela Dennis,IT,Security Analyst,2026-05-20,0.16666666666666696,-0.43972472043465105,0,0.0,0.0,2,0.0
EMP036,Angela Dennis,IT,Security Analyst,2026-05-21,0.16666666666666696,0.22857008676491736,0,0.0,1.0,2,1.0
EMP036,Angela Dennis,IT,Security Analyst,2026-05-22,0.16666666666666696,-0.4995114844076376,0,0.0,1.0,2,0.0
EMP036,Angela Dennis,IT,Security Analyst,2026-05-25,1.1333333333333337,-0.5415604451211081,0,0.0,1.0,2,0.0
EMP036,Angela Dennis,IT,Security Analyst,2026-05-26,0.13333333333333375,-0.46512953820518466,0,0.0,1.0,2,0.0
EMP036,Angela Dennis,IT,Security Analyst,2026-05-27,0.13333333333333375,-0.47666993300408617,0,0.0,1.0,1,0.0
EMP036,Angela Dennis,IT,Security Analyst,2026-05-28,0.13333333333333375,-0.4760205721911173,0,0.0,1.0,1,0.0
EMP036,Angela Dennis,IT,Security Analyst,2026-05-29,0.13333333333333375,-0.5506173196177782,0,0.0,1.0,1,0.0
EMP036,Angela Dennis,IT,Security Analyst,2026-06-01,0.13333333333333375,-0.5121341472281539,0,0.0,0.0,1,0.0
EMP036,Angela Dennis,IT,Security Analyst,2026-06-02,0.13333333333333375,-0.4229666545420705,0,0.0,0.0,1,0.0
EMP036,Angela Dennis,IT,Security Analyst,2026-06-03,0.13333333333333375,-0.48660401421301225,0,0.0,0.0,1,0.0
EMP036,Angela Dennis,IT,Security Analyst,2026-06-04,0.13333333333333375,-0.49698239492554863,0,0.0,0.0,1,0.0
EMP036,Angela Dennis,IT,Security Analyst,2026-06-05,0.13333333333333375,-0.48012179837828867,0,0.0,0.0,1,0.0
EMP036,Angela Dennis,IT,Security Analyst,2026-06-08,0.16666666666666696,-0.5379604799123688,0,0.0,0.0,1,0.0
EMP036,Angela Dennis,IT,Security Analyst,2026-06-09,1.1333333333333337,-0.5063126845013634,0,0.0,0.0,1,0.0
EMP036,Angela Dennis,IT,Security Analyst,2026-06-10,1.0999999999999996,-0.4630561405216702,0,0.0,0.0,1,0.0
EMP036,Angela Dennis,IT,Security Analyst,2026-06-11,0.09999999999999964,-0.5198353386240644,0,0.0,0.0,1,0.0
EMP036,Angela Dennis,IT,Security Analyst,2026-06-12,4.733333333333333,3.814169611554133,0,0.0,1.0,1,1.0
EMP036,Angela Dennis,IT,Security Analyst,2026-06-15,4.566666666666666,1.1668053231451097,0,0.0,2.0,1,1.0
EMP036,Angela Dennis,IT,Security Analyst,2026-06-16,0.43333333333333357,-0.43756018439142175,0,0.0,2.0,1,0.0
EMP036,Angela Dennis,IT,Security Analyst,2026-06-17,1.1333333333333337,-0.45828276893160136,0,0.0,2.0,1,0.0
EMP036,Angela Dennis,IT,Security Analyst,2026-06-18,3.7333333333333334,3.1204927711739594,0,0.08333333333333333,3.0,1,1.0
EMP036,Angela Dennis,IT,Security Analyst,2026-06-19,0.33333333333333304,-0.5071784989186551,0,0.0,3.0,1,0.0
EMP036,Angela Dennis,IT,Security Analyst,2026-06-22,3.533333333333333,0.5432366659756376,0,0.0,4.0,1,1.0
EMP036,Angela Dennis,IT,Security Analyst,2026-06-23,0.4666666666666668,-0.41930972785850934,0,0.0,3.0,1,0.0
EMP036,Angela Dennis,IT,Security Analyst,2026-06-24,0.4666666666666668,-0.4416841951685218,0,0.0,2.0,1,0.0
EMP036,Angela Dennis,IT,Security Analyst,2026-06-25,4.366666666666666,1.1168387174314058,0,0.0,2.0,1,1.0
EMP036,Angela Dennis,IT,Security Analyst,2026-06-26,0.6333333333333337,1.1583066711016936,0,0.0,2.0,2,1.0
EMP036,Angela Dennis,IT,Security Analyst,2026-06-29,0.6333333333333337,-0.3335827082516642,0,0.0,1.0,2,0.0
EMP036,Angela Dennis,IT,Security Analyst,2026-06-30,0.6333333333333337,-0.4773648629969124,0,0.0,1.0,2,0.0
EMP036,Angela Dennis,IT,Security Analyst,2026-07-01,0.6333333333333337,-0.5300428349121352,0,0.0,0.0,2,0.0
EMP036,Angela Dennis,IT,Security Analyst,2026-07-02,7.1,2.292010904480457,0,0.0,1.0,2,1.0
EMP036,Angela Dennis,IT,Security Analyst,2026-07-03,0.9000000000000004,-0.4799167370689301,0,0.0,1.0,2,0.0
EMP036,Angela Dennis,IT,Security Analyst,2026-07-06,4.866666666666666,3.4625919966588703,0,0.0,1.0,2,1.0
EMP036,Angela Dennis,IT,Security Analyst,2026-07-07,1.1333333333333337,-0.516884734228294,0,0.0,1.0,1,0.0
EMP036,Angela Dennis,IT,Security Analyst,2026-07-08,3.7,3.3679562023898915,0,0.0,2.0,1,1.0
EMP036,Angela Dennis,IT,Security Analyst,2026-07-09,1.2999999999999998,0.19034893715947337,0,0.1,2.0,1,1.0
EMP036,Angela Dennis,IT,Security Analyst,2026-07-10,1.2999999999999998,0.14965565954676224,0,0.14285714285714285,2.0,1,1.0
EMP036,Angela Dennis,IT,Security Analyst,2026-07-12,5.166666666666667,-0.5711348428485992,1,0.0,1.0,1,0.0
EMP036,Angela Dennis,IT,Security Analyst,2026-07-13,1.166666666666667,-0.4777180241408077,0,0.0,1.0,1,0.0
EMP036,Angela Dennis,IT,Security Analyst,2026-07-14,1.166666666666667,-0.5207011530413561,0,0.0,1.0,1,0.0
EMP036,Angela Dennis,IT,Security Analyst,2026-07-15,1.166666666666667,-0.42971089316097444,0,0.0,1.0,1,0.0
EMP036,Angela Dennis,IT,Security Analyst,2026-07-16,1.166666666666667,1.3033533705879865,0,0.0,0.0,2,1.0
EMP036,Angela Dennis,IT,Security Analyst,2026-07-17,1.166666666666667,-0.5063468613862565,0,0.0,0.0,2,0.0
EMP036,Angela Dennis,IT,Security Analyst,2026-07-20,1.2000000000000002,-0.5112455482209334,0,0.0,0.0,2,0.0
EMP036,Angela Dennis,IT,Security Analyst,2026-07-21,1.2333333333333334,-0.5314213026028234,0,0.0,0.0,2,0.0
EMP036,Angela Dennis,IT,Security Analyst,2026-07-22,2.2,-0.4564030402624812,0,0.0,0.0,2,0.0
EMP036,Angela Dennis,IT,Security Analyst,2026-07-23,1.0333333333333332,-0.48083951296104366,0,0.0,0.0,2,0.0
EMP036,Angela Dennis,IT,Security Analyst,2026-07-24,0.8666666666666663,1.8252799720853958,0,0.0,0.0,3,1.0
EMP036,Angela Dennis,IT,Security Analyst,2026-07-27,1.833333333333333,-0.4689345647232825,0,0.0,0.0,2,0.0
EMP036,Angela Dennis,IT,Security Analyst,2026-07-28,0.8666666666666663,-0.4812724201696895,0,0.0,0.0,2,0.0
EMP036,Angela Dennis,IT,Security Analyst,2026-07-29,0.7333333333333334,-0.45019423950690235,0,0.0,0.0,2,0.0
EMP037,Vanessa Patel,Sales,Sales Director,2026-04-01,0.0,-0.4313428516198834,0,0.0,0.0,1,0.0
EMP037,Vanessa Patel,Sales,Sales Director,2026-04-02,0.0,-0.4669638847863428,0,0.0,0.0,1,0.0
EMP037,Vanessa Patel,Sales,Sales Director,2026-04-03,0.0,-0.4428609823443229,0,0.0,0.0,1,0.0
EMP037,Vanessa Patel,Sales,Sales Director,2026-04-06,0.0,-0.4504707494297162,0,0.0,0.0,1,0.0
EMP037,Vanessa Patel,Sales,Sales Director,2026-04-07,0.0,-0.4457982250791662,0,0.0,0.0,1,0.0
EMP037,Vanessa Patel,Sales,Sales Director,2026-04-08,0.0,-0.4511234700374592,0,0.0,0.0,1,0.0
EMP037,Vanessa Patel,Sales,Sales Director,2026-04-09,0.0,-0.4710871686254995,0,0.0,0.0,1,0.0
EMP037,Vanessa Patel,Sales,Sales Director,2026-04-10,0.0,-0.46501368297052553,0,0.0,0.0,1,0.0
EMP037,Vanessa Patel,Sales,Sales Director,2026-04-13,0.0,-0.47342741080448025,0,0.0,0.0,1,0.0
EMP037,Vanessa Patel,Sales,Sales Director,2026-04-14,0.0,-0.4371377370154549,0,0.0,0.0,1,0.0
EMP037,Vanessa Patel,Sales,Sales Director,2026-04-15,0.0,-0.43026029061191945,0,0.0,0.0,1,0.0
EMP037,Vanessa Patel,Sales,Sales Director,2026-04-16,0.0,0.11056649294757816,0,0.0,0.0,2,1.0
EMP037,Vanessa Patel,Sales,Sales Director,2026-04-17,4.615384615384615,2.9310359190641293,0,0.0,0.0,2,1.0
EMP037,Vanessa Patel,Sales,Sales Director,2026-04-20,0.35714285714285676,0.656702601450546,0,0.0,0.0,2,1.0
EMP037,Vanessa Patel,Sales,Sales Director,2026-04-21,1.2666666666666666,-0.47579153300569554,0,0.0,0.0,2,0.0
EMP037,Vanessa Patel,Sales,Sales Director,2026-04-22,3.5,2.687706452502007,0,0.0,1.0,2,1.0
EMP037,Vanessa Patel,Sales,Sales Director,2026-04-23,0.47058823529411775,-0.46846036617970466,0,0.0,1.0,2,0.0
EMP037,Vanessa Patel,Sales,Sales Director,2026-04-24,0.44444444444444464,-0.45949739783435645,0,0.0,1.0,2,0.0
EMP037,Vanessa Patel,Sales,Sales Director,2026-04-27,0.4210526315789478,-0.47487613215337315,0,0.0,1.0,2,0.0
EMP037,Vanessa Patel,Sales,Sales Director,2026-04-28,0.40000000000000036,-0.4514577903487421,0,0.0,1.0,2,0.0
EMP037,Vanessa Patel,Sales,Sales Director,2026-04-29,0.3809523809523814,-0.41937896048039996,0,0.0,1.0,1,0.0
EMP037,Vanessa Patel,Sales,Sales Director,2026-04-30,0.3636363636363633,-0.4553979940174343,0,0.0,1.0,1,0.0
EMP037,Vanessa Patel,Sales,Sales Director,2026-05-01,0.3478260869565215,-0.12798696916764463,0,0.1111111111111111,0.0,1,1.0
EMP037,Vanessa Patel,Sales,Sales Director,2026-05-04,1.291666666666667,-0.45284283163834305,0,0.0,0.0,1,0.0
EMP037,Vanessa Patel,Sales,Sales Director,2026-05-05,0.28000000000000025,-0.4804003772969536,0,0.0,0.0,1,0.0
EMP037,Vanessa Patel,Sales,Sales Director,2026-05-06,0.26923076923076916,-0.42099484198493425,0,0.0,0.0,1,0.0
EMP037,Vanessa Patel,Sales,Sales Director,2026-05-07,0.2592592592592595,-0.46884244653545665,0,0.0,0.0,1,0.0
EMP037,Vanessa Patel,Sales,Sales Director,2026-05-08,0.25,-0.4246325653719895,0,0.0,0.0,1,0.0
EMP037,Vanessa Patel,Sales,Sales Director,2026-05-11,6.517241379310345,0.5454137378303743,0,0.0,0.0,1,1.0
EMP037,Vanessa Patel,Sales,Sales Director,2026-05-12,0.4666666666666668,-0.4429565024332609,0,0.0,0.0,1,0.0
EMP037,Vanessa Patel,Sales,Sales Director,2026-05-13,5.333333333333333,1.4828717706900594,0,0.0,1.0,1,1.0
EMP037,Vanessa Patel,Sales,Sales Director,2026-05-14,0.666666666666667,-0.4504229893852473,0,0.0,1.0,1,0.0
EMP037,Vanessa Patel,Sales,Sales Director,2026-05-15,0.666666666666667,0.7414209603311331,0,0.0,1.0,2,1.0
EMP037,Vanessa Patel,Sales,Sales Director,2026-05-18,0.666666666666667,-0.43485321488835466,0,0.0,1.0,2,0.0
EMP037,Vanessa Patel,Sales,Sales Director,2026-05-19,0.666666666666667,-0.4595610778936485,0,0.0,1.0,2,0.0
EMP037,Vanessa Patel,Sales,Sales Director,2026-05-20,0.666666666666667,-0.3640569089704797,0,0.16666666666666666,1.0,2,1.0
EMP037,Vanessa Patel,Sales,Sales Director,2026-05-21,0.666666666666667,-0.46634300420824587,0,0.0,2.0,2,0.0
EMP037,Vanessa Patel,Sales,Sales Director,2026-05-22,0.666666666666667,1.003551964399217,0,0.1111111111111111,1.0,3,1.0
EMP037,Vanessa Patel,Sales,Sales Director,2026-05-25,0.666666666666667,-0.4803128172154271,0,0.0,1.0,3,0.0
EMP037,Vanessa Patel,Sales,Sales Director,2026-05-26,0.666666666666667,1.01402733415275,0,0.0,1.0,3,1.0
EMP037,Vanessa Patel,Sales,Sales Director,2026-05-27,0.666666666666667,-0.47811585516985333,0,0.0,1.0,3,0.0
EMP037,Vanessa Patel,Sales,Sales Director,2026-05-28,0.666666666666667,-0.4681658459054792,0,0.0,1.0,3,0.0
EMP037,Vanessa Patel,Sales,Sales Director,2026-05-29,0.5,-0.44639522563502865,0,0.0,1.0,3,0.0
EMP037,Vanessa Patel,Sales,Sales Director,2026-05-31,5.333333333333333,-0.4906767468651993,1,0.0,0.0,3,0.0
EMP037,Vanessa Patel,Sales,Sales Director,2026-06-01,0.36666666666666625,-0.4796998966447417,0,0.0,0.0,2,0.0
EMP037,Vanessa Patel,Sales,Sales Director,2026-06-02,6.533333333333333,2.4407870225972985,0,0.0,0.0,2,1.0
EMP037,Vanessa Patel,Sales,Sales Director,2026-06-03,0.4666666666666668,-0.4659450038376709,0,0.0,0.0,1,0.0
EMP037,Vanessa Patel,Sales,Sales Director,2026-06-04,1.4333333333333336,-0.46553108345227295,0,0.0,0.0,1,0.0
EMP037,Vanessa Patel,Sales,Sales Director,2026-06-05,0.43333333333333357,0.982633064921797,0,0.0,0.0,2,1.0
EMP037,Vanessa Patel,Sales,Sales Director,2026-06-07,8.166666666666668,-0.4891404654347799,1,0.0,0.0,2,0.0
EMP037,Vanessa Patel,Sales,Sales Director,2026-06-08,0.16666666666666696,-0.459155117515662,0,0.0,0.0,2,0.0
EMP037,Vanessa Patel,Sales,Sales Director,2026-06-09,1.1333333333333337,0.6289221755844134,0,0.0,1.0,2,1.0
EMP037,Vanessa Patel,Sales,Sales Director,2026-06-10,1.0999999999999996,-0.4733080106933078,0,0.0,1.0,2,0.0
EMP037,Vanessa Patel,Sales,Sales Director,2026-06-11,0.13333333333333375,-0.41525567664124324,0,0.0,1.0,2,0.0
EMP037,Vanessa Patel,Sales,Sales Director,2026-06-12,0.13333333333333375,-0.44821806733226194,0,0.0,1.0,2,0.0
EMP037,Vanessa Patel,Sales,Sales Director,2026-06-15,0.13333333333333375,-0.48177745857914306,0,0.0,1.0,1,0.0
EMP037,Vanessa Patel,Sales,Sales Director,2026-06-16,0.13333333333333375,0.6830900260196662,0,0.0,1.0,2,1.0
EMP037,Vanessa Patel,Sales,Sales Director,2026-06-17,0.13333333333333375,-0.47298961039684784,0,0.0,1.0,2,0.0
EMP037,Vanessa Patel,Sales,Sales Director,2026-06-18,0.09999999999999964,-0.0415731287084081,0,0.1,0.0,2,1.0
EMP037,Vanessa Patel,Sales,Sales Director,2026-06-19,0.09999999999999964,-0.4864818229593391,0,0.0,0.0,2,0.0
EMP037,Vanessa Patel,Sales,Sales Director,2026-06-22,0.2999999999999998,-0.4467932260056036,0,0.0,0.0,2,0.0
EMP037,Vanessa Patel,Sales,Sales Director,2026-06-23,0.666666666666667,-0.45627359483269925,0,0.0,0.0,2,0.0
EMP037,Vanessa Patel,Sales,Sales Director,2026-06-24,0.33333333333333304,-0.44364902307806137,0,0.0,0.0,2,0.0
EMP037,Vanessa Patel,Sales,Sales Director,2026-06-25,0.33333333333333304,-0.44015457982441314,0,0.0,0.0,1,0.0
EMP037,Vanessa Patel,Sales,Sales Director,2026-06-26,0.33333333333333304,-0.4790551360444103,0,0.0,0.0,1,0.0
EMP037,Vanessa Patel,Sales,Sales Director,2026-06-29,0.33333333333333304,2.2882175605410913,0,0.0,1.0,1,1.0
EMP037,Vanessa Patel,Sales,Sales Director,2026-06-30,7.1,1.5738705754183198,0,0.0,1.0,1,1.0
EMP037,Vanessa Patel,Sales,Sales Director,2026-07-01,5.9,1.0000495611381577,0,0.0,2.0,1,1.0
EMP037,Vanessa Patel,Sales,Sales Director,2026-07-02,0.09999999999999964,-0.4664942443490644,0,0.0,2.0,1,0.0
EMP037,Vanessa Patel,Sales,Sales Director,2026-07-03,5.7,0.5531508650343514,0,0.0,2.0,1,1.0
EMP037,Vanessa Patel,Sales,Sales Director,2026-07-06,0.2999999999999998,-0.47398461132328523,0,0.0,2.0,1,0.0
EMP037,Vanessa Patel,Sales,Sales Director,2026-07-07,0.2999999999999998,-0.435418375414571,0,0.0,2.0,1,0.0
EMP037,Vanessa Patel,Sales,Sales Director,2026-07-08,6.466666666666667,2.207232445136497,0,0.0,2.0,1,1.0
EMP037,Vanessa Patel,Sales,Sales Director,2026-07-09,0.7000000000000002,-0.4395496192611392,0,0.0,2.0,1,0.0
EMP037,Vanessa Patel,Sales,Sales Director,2026-07-10,0.7000000000000002,-0.4835764202541419,0,0.0,1.0,1,0.0
EMP037,Vanessa Patel,Sales,Sales Director,2026-07-13,0.4666666666666668,-0.4438002632188799,0,0.0,1.0,1,0.0
EMP037,Vanessa Patel,Sales,Sales Director,2026-07-14,0.4666666666666668,-0.4428928223739689,0,0.0,1.0,1,0.0
EMP037,Vanessa Patel,Sales,Sales Director,2026-07-15,0.5,-0.45134635024498115,0,0.0,1.0,1,0.0
EMP037,Vanessa Patel,Sales,Sales Director,2026-07-16,0.5,1.0448166428204295,0,0.0,1.0,2,1.0
EMP037,Vanessa Patel,Sales,Sales Director,2026-07-17,0.7666666666666666,-0.4606436389016124,0,0.0,0.0,2,0.0
EMP037,Vanessa Patel,Sales,Sales Director,2026-07-20,6.0,5.41214634920623,0,0.0,0.0,2,1.0
EMP037,Vanessa Patel,Sales,Sales Director,2026-07-21,2.0,-0.47031504790658407,0,0.0,0.0,2,0.0
EMP037,Vanessa Patel,Sales,Sales Director,2026-07-22,1.0333333333333332,-0.16777108621031817,0,0.0,0.0,2,1.0
EMP037,Vanessa Patel,Sales,Sales Director,2026-07-23,1.0333333333333332,-0.46301572111023914,0,0.0,0.0,2,0.0
EMP037,Vanessa Patel,Sales,Sales Director,2026-07-24,2.0,-0.4648067227778265,0,0.0,0.0,2,0.0
EMP037,Vanessa Patel,Sales,Sales Director,2026-07-27,1.0,-0.4555890341953103,0,0.0,0.0,2,0.0
EMP037,Vanessa Patel,Sales,Sales Director,2026-07-28,1.9666666666666668,-0.4514020702968617,0,0.0,0.0,2,0.0
EMP037,Vanessa Patel,Sales,Sales Director,2026-07-29,0.9666666666666668,-0.4446997440563792,0,0.0,0.0,2,0.0
EMP038,Matthew Arroyo,Sales,Account Manager,2026-04-01,0.0,-0.4094213270458315,0,0.0,0.0,1,0.0
EMP038,Matthew Arroyo,Sales,Account Manager,2026-04-02,2.5,1.8757456049491692,0,0.0,0.0,1,1.0
EMP038,Matthew Arroyo,Sales,Account Manager,2026-04-03,1.0,-0.36101149396712795,0,0.0,0.0,1,0.0
EMP038,Matthew Arroyo,Sales,Account Manager,2026-04-05,5.25,-0.4409799322108498,1,0.0,0.0,1,0.0
EMP038,Matthew Arroyo,Sales,Account Manager,2026-04-06,0.5999999999999996,-0.3664413340726487,0,0.0,0.0,1,0.0
EMP038,Matthew Arroyo,Sales,Account Manager,2026-04-07,0.5,0.028457830291279795,0,0.125,1.0,1,1.0
EMP038,Matthew Arroyo,Sales,Account Manager,2026-04-08,0.4285714285714288,-0.4196256817268964,0,0.0,1.0,1,0.0
EMP038,Matthew Arroyo,Sales,Account Manager,2026-04-09,0.375,-0.401098692815128,0,0.0,1.0,1,0.0
EMP038,Matthew Arroyo,Sales,Account Manager,2026-04-10,5.666666666666667,5.1592916200703085,0,0.0,2.0,1,1.0
EMP038,Matthew Arroyo,Sales,Account Manager,2026-04-13,1.2000000000000002,-0.4274802262933308,0,0.0,2.0,1,0.0
EMP038,Matthew Arroyo,Sales,Account Manager,2026-04-14,0.18181818181818166,-0.41015154692209116,0,0.0,2.0,1,0.0
EMP038,Matthew Arroyo,Sales,Account Manager,2026-04-15,0.16666666666666696,-0.25071084547877254,0,0.1111111111111111,2.0,1,1.0
EMP038,Matthew Arroyo,Sales,Account Manager,2026-04-16,0.1538461538461542,-0.02028902734569748,0,0.0,1.0,2,1.0
EMP038,Matthew Arroyo,Sales,Account Manager,2026-04-17,0.14285714285714324,-0.4118834786798866,0,0.0,1.0,2,0.0
EMP038,Matthew Arroyo,Sales,Account Manager,2026-04-20,1.0666666666666664,-0.4142707359676587,0,0.0,1.0,2,0.0
EMP038,Matthew Arroyo,Sales,Account Manager,2026-04-21,0.0625,-0.3977471708189617,0,0.0,0.0,2,0.0
EMP038,Matthew Arroyo,Sales,Account Manager,2026-04-22,0.0588235294117645,-0.3829368138414895,0,0.0,0.0,2,0.0
EMP038,Matthew Arroyo,Sales,Account Manager,2026-04-23,0.05555555555555536,-0.3805963655201443,0,0.0,0.0,2,0.0
EMP038,Matthew Arroyo,Sales,Account Manager,2026-04-24,0.05263157894736814,-0.3850525791239855,0,0.0,0.0,2,0.0
EMP038,Matthew Arroyo,Sales,Account Manager,2026-04-27,0.04999999999999982,-0.38242191521079355,0,0.0,0.0,1,0.0
EMP038,Matthew Arroyo,Sales,Account Manager,2026-04-28,0.04761904761904745,-0.37029839290622557,0,0.0,0.0,1,0.0
EMP038,Matthew Arroyo,Sales,Account Manager,2026-04-29,1.0,2.5858001784721534,0,0.0,1.0,1,1.0
EMP038,Matthew Arroyo,Sales,Account Manager,2026-04-30,0.0,-0.3813733943628309,0,0.0,1.0,1,0.0
EMP038,Matthew Arroyo,Sales,Account Manager,2026-05-01,0.0,-0.3971012070822705,0,0.0,1.0,1,0.0
EMP038,Matthew Arroyo,Sales,Account Manager,2026-05-04,0.0,-0.418090347628094,0,0.0,1.0,1,0.0
EMP038,Matthew Arroyo,Sales,Account Manager,2026-05-05,0.0,-0.3968297150769945,0,0.0,1.0,1,0.0
EMP038,Matthew Arroyo,Sales,Account Manager,2026-05-06,0.0,-0.3786491125167851,0,0.0,1.0,1,0.0
EMP038,Matthew Arroyo,Sales,Account Manager,2026-05-07,0.0,-0.4115370923283275,0,0.0,1.0,1,0.0
EMP038,Matthew Arroyo,Sales,Account Manager,2026-05-08,0.0,-0.4167235258084284,0,0.0,0.0,1,0.0
EMP038,Matthew Arroyo,Sales,Account Manager,2026-05-11,0.0,-0.4062102319489459,0,0.0,0.0,1,0.0
EMP038,Matthew Arroyo,Sales,Account Manager,2026-05-12,1.0,-0.39537863711776045,0,0.0,0.0,1,0.0
EMP038,Matthew Arroyo,Sales,Account Manager,2026-05-13,0.13333333333333375,-0.40002208658730926,0,0.0,0.0,1,0.0
EMP038,Matthew Arroyo,Sales,Account Manager,2026-05-14,0.13333333333333375,-0.413343918432406,0,0.0,0.0,1,0.0
EMP038,Matthew Arroyo,Sales,Account Manager,2026-05-15,0.06666666666666643,-0.42120782479212576,0,0.0,0.0,1,0.0
EMP038,Matthew Arroyo,Sales,Account Manager,2026-05-18,0.06666666666666643,-0.39240158685300935,0,0.0,0.0,1,0.0
EMP038,Matthew Arroyo,Sales,Account Manager,2026-05-19,0.06666666666666643,-0.39455479930864695,0,0.0,0.0,1,0.0
EMP038,Matthew Arroyo,Sales,Account Manager,2026-05-20,0.06666666666666643,-0.42243421971251066,0,0.0,0.0,1,0.0
EMP038,Matthew Arroyo,Sales,Account Manager,2026-05-21,0.06666666666666643,-0.38514619705683933,0,0.0,0.0,1,0.0
EMP038,Matthew Arroyo,Sales,Account Manager,2026-05-22,0.13333333333333375,-0.4072306674170524,0,0.0,0.0,1,0.0
EMP038,Matthew Arroyo,Sales,Account Manager,2026-05-25,0.8666666666666663,-0.4196444053134672,0,0.0,0.0,1,0.0
EMP038,Matthew Arroyo,Sales,Account Manager,2026-05-26,0.13333333333333375,-0.40327999065062176,0,0.0,0.0,1,0.0
EMP038,Matthew Arroyo,Sales,Account Manager,2026-05-27,0.13333333333333375,-0.3816542481613923,0,0.0,0.0,1,0.0
EMP038,Matthew Arroyo,Sales,Account Manager,2026-05-28,0.13333333333333375,-0.19984822255929924,0,0.125,0.0,1,1.0
EMP038,Matthew Arroyo,Sales,Account Manager,2026-05-29,0.13333333333333375,-0.40433787329186976,0,0.0,0.0,1,0.0
EMP038,Matthew Arroyo,Sales,Account Manager,2026-06-01,3.966666666666667,0.19541605174275914,0,0.0,0.0,1,1.0
EMP038,Matthew Arroyo,Sales,Account Manager,2026-06-02,0.033333333333333215,-0.36922178667840677,0,0.0,0.0,1,0.0
EMP038,Matthew Arroyo,Sales,Account Manager,2026-06-03,0.033333333333333215,-0.35784720783666923,0,0.0,0.0,1,0.0
EMP038,Matthew Arroyo,Sales,Account Manager,2026-06-04,0.033333333333333215,-0.37954784467218167,0,0.0,0.0,1,0.0
EMP038,Matthew Arroyo,Sales,Account Manager,2026-06-05,0.033333333333333215,-0.4002467696261584,0,0.0,0.0,1,0.0
EMP038,Matthew Arroyo,Sales,Account Manager,2026-06-08,0.033333333333333215,-0.3919522207753111,0,0.0,0.0,1,0.0
EMP038,Matthew Arroyo,Sales,Account Manager,2026-06-09,0.033333333333333215,-0.388310483187298,0,0.0,0.0,1,0.0
EMP038,Matthew Arroyo,Sales,Account Manager,2026-06-10,0.06666666666666643,-0.41436435390051246,0,0.0,0.0,1,0.0
EMP038,Matthew Arroyo,Sales,Account Manager,2026-06-11,0.06666666666666643,0.2905318715222269,0,0.0,0.0,2,1.0
EMP038,Matthew Arroyo,Sales,Account Manager,2026-06-12,0.06666666666666643,-0.37599972501702245,0,0.0,0.0,2,0.0
EMP038,Matthew Arroyo,Sales,Account Manager,2026-06-15,0.06666666666666643,-0.4222563456400884,0,0.0,0.0,2,0.0
EMP038,Matthew Arroyo,Sales,Account Manager,2026-06-16,3.8,1.7009515625178266,0,0.09090909090909091,0.0,2,1.0
EMP038,Matthew Arroyo,Sales,Account Manager,2026-06-17,0.20000000000000018,-0.3765146236477183,0,0.0,0.0,2,0.0
EMP038,Matthew Arroyo,Sales,Account Manager,2026-06-18,0.20000000000000018,1.0705939352332883,0,0.0,0.0,3,1.0
EMP038,Matthew Arroyo,Sales,Account Manager,2026-06-19,0.20000000000000018,-0.41646139559643774,0,0.0,0.0,3,0.0
EMP038,Matthew Arroyo,Sales,Account Manager,2026-06-22,0.20000000000000018,2.0542375557282377,0,0.0,0.0,3,1.0
EMP038,Matthew Arroyo,Sales,Account Manager,2026-06-23,3.6333333333333337,0.9502106353765779,0,0.0,0.0,3,1.0
EMP038,Matthew Arroyo,Sales,Account Manager,2026-06-24,0.36666666666666625,0.2601902994843081,0,0.1111111111111111,0.0,3,1.0
EMP038,Matthew Arroyo,Sales,Account Manager,2026-06-25,0.36666666666666625,-0.4075489683887554,0,0.0,0.0,3,0.0
EMP038,Matthew Arroyo,Sales,Account Manager,2026-06-26,0.36666666666666625,-0.39792504489138397,0,0.0,0.0,3,0.0
EMP038,Matthew Arroyo,Sales,Account Manager,2026-06-27,3.2666666666666666,-0.4430769739067751,1,0.0,0.0,3,0.0
EMP038,Matthew Arroyo,Sales,Account Manager,2026-06-29,0.2666666666666666,-0.4067251305796418,0,0.0,0.0,3,0.0
EMP038,Matthew Arroyo,Sales,Account Manager,2026-06-30,0.2666666666666666,-0.3851836442299808,0,0.0,0.0,1,0.0
EMP038,Matthew Arroyo,Sales,Account Manager,2026-07-01,0.2666666666666666,-0.42148867859068717,0,0.0,0.0,1,0.0
EMP038,Matthew Arroyo,Sales,Account Manager,2026-07-02,0.2666666666666666,-0.12592750277793321,0,0.1111111111111111,0.0,1,1.0
EMP038,Matthew Arroyo,Sales,Account Manager,2026-07-03,0.2999999999999998,-0.3893215568621191,0,0.0,0.0,1,0.0
EMP038,Matthew Arroyo,Sales,Account Manager,2026-07-06,0.2999999999999998,-0.4283789584487274,0,0.0,0.0,1,0.0
EMP038,Matthew Arroyo,Sales,Account Manager,2026-07-07,0.2999999999999998,-0.4142426505878025,0,0.0,0.0,1,0.0
EMP038,Matthew Arroyo,Sales,Account Manager,2026-07-08,6.466666666666667,0.9967481097982052,0,0.0,0.0,1,1.0
EMP038,Matthew Arroyo,Sales,Account Manager,2026-07-09,0.5333333333333332,1.2924403507169544,0,0.0,0.0,2,1.0
EMP038,Matthew Arroyo,Sales,Account Manager,2026-07-10,0.40000000000000036,-0.4123141211710141,0,0.0,0.0,2,0.0
EMP038,Matthew Arroyo,Sales,Account Manager,2026-07-13,4.433333333333334,0.44320399642021535,0,0.0,0.0,2,1.0
EMP038,Matthew Arroyo,Sales,Account Manager,2026-07-14,3.3,0.4856035582097045,0,0.0,0.0,2,1.0
EMP038,Matthew Arroyo,Sales,Account Manager,2026-07-15,0.7000000000000002,-0.390547951782504,0,0.0,0.0,2,0.0
EMP038,Matthew Arroyo,Sales,Account Manager,2026-07-16,0.7000000000000002,-0.4170605503667021,0,0.0,0.0,2,0.0
EMP038,Matthew Arroyo,Sales,Account Manager,2026-07-17,0.7000000000000002,-0.40078039184342507,0,0.0,0.0,2,0.0
EMP038,Matthew Arroyo,Sales,Account Manager,2026-07-20,4.133333333333334,4.708989363043497,0,0.0,0.0,3,1.0
EMP038,Matthew Arroyo,Sales,Account Manager,2026-07-21,0.8666666666666663,-0.4263380875125144,0,0.0,0.0,3,0.0
EMP038,Matthew Arroyo,Sales,Account Manager,2026-07-22,0.8666666666666663,-0.41214560889187724,0,0.0,0.0,3,0.0
EMP038,Matthew Arroyo,Sales,Account Manager,2026-07-23,0.8666666666666663,1.8872138017237605,0,0.0,1.0,3,1.0
EMP038,Matthew Arroyo,Sales,Account Manager,2026-07-24,0.8666666666666663,-0.4157498993067488,0,0.0,1.0,3,0.0
EMP038,Matthew Arroyo,Sales,Account Manager,2026-07-27,0.7333333333333334,1.102686162615573,0,0.0,1.0,4,1.0
EMP038,Matthew Arroyo,Sales,Account Manager,2026-07-28,0.7333333333333334,-0.4041787228060183,0,0.0,1.0,4,0.0
EMP038,Matthew Arroyo,Sales,Account Manager,2026-07-29,0.7333333333333334,-0.41723842443912434,0,0.0,1.0,2,0.0
EMP039,Joseph Obrien,Sales,Sales Representative,2026-04-01,0.0,-0.41505924435487873,0,0.0,0.0,1,0.0
EMP039,Joseph Obrien,Sales,Sales Representative,2026-04-02,0.0,-0.37484816377447483,0,0.0,0.0,1,0.0
EMP039,Joseph Obrien,Sales,Sales Representative,2026-04-03,0.0,-0.4129006939026359,0,0.0,0.0,1,0.0
EMP039,Joseph Obrien,Sales,Sales Representative,2026-04-06,0.0,-0.4513151366814724,0,0.0,0.0,1,0.0
EMP039,Joseph Obrien,Sales,Sales Representative,2026-04-07,0.0,-0.4148459744000164,0,0.0,0.0,1,0.0
EMP039,Joseph Obrien,Sales,Sales Representative,2026-04-08,0.0,-0.41785114194580364,0,0.0,0.0,1,0.0
EMP039,Joseph Obrien,Sales,Sales Representative,2026-04-09,0.0,-0.43380761220504777,0,0.0,0.0,1,0.0
EMP039,Joseph Obrien,Sales,Sales Representative,2026-04-10,0.0,-0.43839614759754003,0,0.0,0.0,1,0.0
EMP039,Joseph Obrien,Sales,Sales Representative,2026-04-13,0.0,-0.4231764280914566,0,0.0,0.0,1,0.0
EMP039,Joseph Obrien,Sales,Sales Representative,2026-04-14,0.0,-0.4540747206428727,0,0.0,0.0,1,0.0
EMP039,Joseph Obrien,Sales,Sales Representative,2026-04-15,0.0,-0.4384543121306843,0,0.0,0.0,1,0.0
EMP039,Joseph Obrien,Sales,Sales Representative,2026-04-16,0.0,-0.4538485252362005,0,0.0,0.0,1,0.0
EMP039,Joseph Obrien,Sales,Sales Representative,2026-04-17,0.0,-0.24797839153501675,0,0.125,0.0,1,1.0
EMP039,Joseph Obrien,Sales,Sales Representative,2026-04-20,0.0,-0.44606094052077355,0,0.0,0.0,1,0.0
EMP039,Joseph Obrien,Sales,Sales Representative,2026-04-21,3.7333333333333334,2.7446708541743305,0,0.0,0.0,2,1.0
EMP039,Joseph Obrien,Sales,Sales Representative,2026-04-22,0.25,0.09523759309749828,0,0.0,0.0,3,1.0
EMP039,Joseph Obrien,Sales,Sales Representative,2026-04-23,0.23529411764705888,1.8738573148419708,0,0.0,0.0,3,1.0
EMP039,Joseph Obrien,Sales,Sales Representative,2026-04-24,0.22222222222222232,-0.43301915964464766,0,0.0,0.0,3,0.0
EMP039,Joseph Obrien,Sales,Sales Representative,2026-04-27,0.21052631578947345,-0.424333256028437,0,0.0,0.0,3,0.0
EMP039,Joseph Obrien,Sales,Sales Representative,2026-04-28,6.45,2.785773790929613,0,0.0,0.0,3,1.0
EMP039,Joseph Obrien,Sales,Sales Representative,2026-04-29,0.5238095238095237,-0.4297167067072342,0,0.0,0.0,3,0.0
EMP039,Joseph Obrien,Sales,Sales Representative,2026-04-30,1.4545454545454541,-0.43963052824537946,0,0.0,0.0,2,0.0
EMP039,Joseph Obrien,Sales,Sales Representative,2026-05-01,0.43478260869565233,-0.4574935026465746,0,0.0,0.0,2,0.0
EMP039,Joseph Obrien,Sales,Sales Representative,2026-05-04,0.41666666666666696,-0.41876884902430206,0,0.0,0.0,2,0.0
EMP039,Joseph Obrien,Sales,Sales Representative,2026-05-05,0.40000000000000036,-0.45146377937728555,0,0.0,0.0,2,0.0
EMP039,Joseph Obrien,Sales,Sales Representative,2026-05-06,0.384615384615385,-0.42060426318129895,0,0.0,0.0,2,0.0
EMP039,Joseph Obrien,Sales,Sales Representative,2026-05-07,0.37037037037037024,-0.4289670305022637,0,0.0,0.0,1,0.0
EMP039,Joseph Obrien,Sales,Sales Representative,2026-05-08,0.35714285714285676,-0.417896381027138,0,0.0,0.0,1,0.0
EMP039,Joseph Obrien,Sales,Sales Representative,2026-05-11,0.3448275862068968,0.5538713996659554,0,0.0,0.0,2,1.0
EMP039,Joseph Obrien,Sales,Sales Representative,2026-05-12,0.33333333333333304,-0.44374082192090775,0,0.0,0.0,2,0.0
EMP039,Joseph Obrien,Sales,Sales Representative,2026-05-13,4.5,1.3041163245161524,0,0.0,1.0,2,1.0
EMP039,Joseph Obrien,Sales,Sales Representative,2026-05-14,0.5,-0.1978987284978021,0,0.0,1.0,3,1.0
EMP039,Joseph Obrien,Sales,Sales Representative,2026-05-15,0.5,-0.4472371566354687,0,0.0,1.0,3,0.0
EMP039,Joseph Obrien,Sales,Sales Representative,2026-05-18,0.5,-0.4411040297517009,0,0.0,1.0,3,0.0
EMP039,Joseph Obrien,Sales,Sales Representative,2026-05-19,0.5,-0.4033940240965006,0,0.0,1.0,3,0.0
EMP039,Joseph Obrien,Sales,Sales Representative,2026-05-20,0.5,-0.4408002816341698,0,0.0,1.0,2,0.0
EMP039,Joseph Obrien,Sales,Sales Representative,2026-05-21,6.266666666666667,1.24828483542356,0,0.0,1.0,2,1.0
EMP039,Joseph Obrien,Sales,Sales Representative,2026-05-22,0.7333333333333334,-0.4266792255319225,0,0.0,0.0,2,0.0
EMP039,Joseph Obrien,Sales,Sales Representative,2026-05-25,0.7333333333333334,-0.45516692132080394,0,0.0,0.0,1,0.0
EMP039,Joseph Obrien,Sales,Sales Representative,2026-05-26,0.7333333333333334,-0.4027283633282939,0,0.0,0.0,1,0.0
EMP039,Joseph Obrien,Sales,Sales Representative,2026-05-27,2.166666666666667,0.7233240728929227,0,0.0,1.0,1,1.0
EMP039,Joseph Obrien,Sales,Sales Representative,2026-05-28,0.833333333333333,-0.4365090316333038,0,0.0,1.0,1,0.0
EMP039,Joseph Obrien,Sales,Sales Representative,2026-05-29,0.833333333333333,-0.4334133859248477,0,0.0,1.0,1,0.0
EMP039,Joseph Obrien,Sales,Sales Representative,2026-06-01,0.833333333333333,-0.41100065248658985,0,0.0,1.0,1,0.0
EMP039,Joseph Obrien,Sales,Sales Representative,2026-06-02,0.7000000000000002,-0.44381191190586183,0,0.0,1.0,1,0.0
EMP039,Joseph Obrien,Sales,Sales Representative,2026-06-03,0.7000000000000002,-0.4129006939026359,0,0.0,1.0,1,0.0
EMP039,Joseph Obrien,Sales,Sales Representative,2026-06-04,0.7000000000000002,-0.42532851581779446,0,0.0,1.0,1,0.0
EMP039,Joseph Obrien,Sales,Sales Representative,2026-06-05,0.7000000000000002,-0.42733196084831926,0,0.0,0.0,1,0.0
EMP039,Joseph Obrien,Sales,Sales Representative,2026-06-08,6.066666666666666,5.151945775593861,0,0.0,2.0,1,1.0
EMP039,Joseph Obrien,Sales,Sales Representative,2026-06-09,0.7000000000000002,-0.45022293600354113,0,0.0,2.0,1,0.0
EMP039,Joseph Obrien,Sales,Sales Representative,2026-06-10,1.666666666666667,0.5631454113395138,0,0.0,3.0,1,1.0
EMP039,Joseph Obrien,Sales,Sales Representative,2026-06-11,4.133333333333334,1.0523091350828069,0,0.1,4.0,1,1.0
EMP039,Joseph Obrien,Sales,Sales Representative,2026-06-12,0.8666666666666663,-0.41929879254850544,0,0.0,4.0,1,0.0
EMP039,Joseph Obrien,Sales,Sales Representative,2026-06-15,3.966666666666667,1.2019600161371031,0,0.0,5.0,1,1.0
EMP039,Joseph Obrien,Sales,Sales Representative,2026-06-16,1.0333333333333332,-0.428624506029303,0,0.0,5.0,1,0.0
EMP039,Joseph Obrien,Sales,Sales Representative,2026-06-17,1.0333333333333332,-0.41562150150860666,0,0.0,3.0,1,0.0
EMP039,Joseph Obrien,Sales,Sales Representative,2026-06-18,1.0333333333333332,-0.4511794194374691,0,0.0,3.0,1,0.0
EMP039,Joseph Obrien,Sales,Sales Representative,2026-06-19,1.0333333333333332,-0.44193772139343546,0,0.0,2.0,1,0.0
EMP039,Joseph Obrien,Sales,Sales Representative,2026-06-22,4.766666666666667,-0.02400616257415582,0,0.0,2.0,1,1.0
EMP039,Joseph Obrien,Sales,Sales Representative,2026-06-23,1.2333333333333334,0.5734017573506198,0,0.0,2.0,2,1.0
EMP039,Joseph Obrien,Sales,Sales Representative,2026-06-24,1.0666666666666664,-0.4306408765116376,0,0.0,1.0,2,0.0
EMP039,Joseph Obrien,Sales,Sales Representative,2026-06-25,2.033333333333333,-0.4498610233528657,0,0.0,1.0,2,0.0
EMP039,Joseph Obrien,Sales,Sales Representative,2026-06-26,1.0333333333333332,-0.4010739054966348,0,0.0,1.0,2,0.0
EMP039,Joseph Obrien,Sales,Sales Representative,2026-06-27,5.866666666666666,-0.4676658332209166,1,0.0,1.0,2,0.0
EMP039,Joseph Obrien,Sales,Sales Representative,2026-06-29,3.0,2.655588640300932,0,0.0,1.0,2,1.0
EMP039,Joseph Obrien,Sales,Sales Representative,2026-06-30,1.0,-0.44840691002425903,0,0.0,0.0,2,0.0
EMP039,Joseph Obrien,Sales,Sales Representative,2026-07-01,0.7666666666666666,-0.42909628502036207,0,0.0,0.0,1,0.0
EMP039,Joseph Obrien,Sales,Sales Representative,2026-07-02,0.7666666666666666,0.6456097938862759,0,0.0,0.0,2,1.0
EMP039,Joseph Obrien,Sales,Sales Representative,2026-07-03,3.0999999999999996,2.212685108585046,0,0.0,0.0,2,1.0
EMP039,Joseph Obrien,Sales,Sales Representative,2026-07-04,4.766666666666667,-0.46575286635306073,1,0.0,0.0,2,0.0
EMP039,Joseph Obrien,Sales,Sales Representative,2026-07-06,0.666666666666667,-0.44624189684611126,0,0.0,0.0,2,0.0
EMP039,Joseph Obrien,Sales,Sales Representative,2026-07-07,0.666666666666667,-0.4500225915004887,0,0.0,0.0,2,0.0
EMP039,Joseph Obrien,Sales,Sales Representative,2026-07-08,0.666666666666667,-0.43349093863570676,0,0.0,0.0,2,0.0
EMP039,Joseph Obrien,Sales,Sales Representative,2026-07-09,0.666666666666667,-0.44840691002425903,0,0.0,0.0,2,0.0
EMP039,Joseph Obrien,Sales,Sales Representative,2026-07-10,3.2,1.4303204359874033,0,0.0,1.0,1,1.0
EMP039,Joseph Obrien,Sales,Sales Representative,2026-07-13,0.7999999999999998,-0.4340144194340052,0,0.0,1.0,1,0.0
EMP039,Joseph Obrien,Sales,Sales Representative,2026-07-14,0.7999999999999998,-0.43386577673819204,0,0.0,1.0,1,0.0
EMP039,Joseph Obrien,Sales,Sales Representative,2026-07-15,0.7999999999999998,-0.39007434600646324,0,0.0,1.0,1,0.0
EMP039,Joseph Obrien,Sales,Sales Representative,2026-07-16,0.5666666666666664,-0.4420928268151535,0,0.0,1.0,1,0.0
EMP039,Joseph Obrien,Sales,Sales Representative,2026-07-17,0.5666666666666664,-0.4547080677815547,0,0.0,1.0,1,0.0
EMP039,Joseph Obrien,Sales,Sales Representative,2026-07-20,4.233333333333333,2.690674779238735,0,0.0,2.0,1,1.0
EMP039,Joseph Obrien,Sales,Sales Representative,2026-07-21,0.5999999999999996,-0.4325021415722542,0,0.0,1.0,1,0.0
EMP039,Joseph Obrien,Sales,Sales Representative,2026-07-22,0.5999999999999996,-0.4420605131856289,0,0.0,1.0,1,0.0
EMP039,Joseph Obrien,Sales,Sales Representative,2026-07-23,0.43333333333333357,-0.44247412764354366,0,0.0,1.0,1,0.0
EMP039,Joseph Obrien,Sales,Sales Representative,2026-07-24,0.43333333333333357,-0.4312871491021295,0,0.0,1.0,1,0.0
EMP039,Joseph Obrien,Sales,Sales Representative,2026-07-27,0.43333333333333357,-0.4453435779453276,0,0.0,1.0,1,0.0
EMP039,Joseph Obrien,Sales,Sales Representative,2026-07-28,0.43333333333333357,-0.44284250302012407,0,0.0,1.0,1,0.0
EMP039,Joseph Obrien,Sales,Sales Representative,2026-07-29,0.43333333333333357,-0.42040391867824645,0,0.0,1.0,1,0.0
EMP040,Tanya Campos,Sales,Account Manager,2026-04-01,0.0,-0.49957854525019413,0,0.0,0.0,1,0.0
EMP040,Tanya Campos,Sales,Account Manager,2026-04-02,0.0,0.008454270429215809,0,0.0,0.0,2,1.0
EMP040,Tanya Campos,Sales,Account Manager,2026-04-03,0.0,-0.4987978174831155,0,0.0,0.0,2,0.0
EMP040,Tanya Campos,Sales,Account Manager,2026-04-06,0.0,-0.38448748781273095,0,0.08333333333333333,0.0,2,1.0
EMP040,Tanya Campos,Sales,Account Manager,2026-04-07,0.0,-0.4432777617450125,0,0.0,0.0,2,0.0
EMP040,Tanya Campos,Sales,Account Manager,2026-04-08,0.0,0.3992821714150157,0,0.0,0.0,3,1.0
EMP040,Tanya Campos,Sales,Account Manager,2026-04-09,0.0,-0.4939735091110728,0,0.0,0.0,3,0.0
EMP040,Tanya Campos,Sales,Account Manager,2026-04-10,0.0,-0.5182128966719771,0,0.0,0.0,3,0.0
EMP040,Tanya Campos,Sales,Account Manager,2026-04-13,0.0,-0.5148616595585735,0,0.0,0.0,2,0.0
EMP040,Tanya Campos,Sales,Account Manager,2026-04-14,0.0,-0.5063841344651062,0,0.0,0.0,2,0.0
EMP040,Tanya Campos,Sales,Account Manager,2026-04-15,5.454545454545454,0.7448278619102533,0,0.0,1.0,2,1.0
EMP040,Tanya Campos,Sales,Account Manager,2026-04-16,0.5,-0.47049275324836753,0,0.0,1.0,2,0.0
EMP040,Tanya Campos,Sales,Account Manager,2026-04-17,0.4615384615384617,-0.4944890840515965,0,0.0,1.0,2,0.0
EMP040,Tanya Campos,Sales,Account Manager,2026-04-19,5.071428571428571,-0.5274048613258844,1,0.0,1.0,2,0.0
EMP040,Tanya Campos,Sales,Account Manager,2026-04-20,0.06666666666666643,-0.4997553138012308,0,0.0,1.0,2,0.0
EMP040,Tanya Campos,Sales,Account Manager,2026-04-21,0.0625,-0.5039167401068859,0,0.0,1.0,2,0.0
EMP040,Tanya Campos,Sales,Account Manager,2026-04-22,5.588235294117647,3.537262758705521,0,0.0,1.0,2,1.0
EMP040,Tanya Campos,Sales,Account Manager,2026-04-23,3.3888888888888893,2.3595054606421937,0,0.0,0.0,1,1.0
EMP040,Tanya Campos,Sales,Account Manager,2026-04-24,0.5789473684210522,-0.4945995643959944,0,0.0,0.0,1,0.0
EMP040,Tanya Campos,Sales,Account Manager,2026-04-27,0.5499999999999998,-0.5131897236800183,0,0.0,0.0,1,0.0
EMP040,Tanya Campos,Sales,Account Manager,2026-04-28,1.4761904761904763,-0.4774751110143163,0,0.0,0.0,1,0.0
EMP040,Tanya Campos,Sales,Account Manager,2026-04-29,0.45454545454545414,-0.4597098716351303,0,0.0,0.0,1,0.0
EMP040,Tanya Campos,Sales,Account Manager,2026-04-30,0.43478260869565233,-0.48210055476644265,0,0.0,0.0,1,0.0
EMP040,Tanya Campos,Sales,Account Manager,2026-05-01,0.41666666666666696,0.0965365663395333,0,0.0,0.0,2,1.0
EMP040,Tanya Campos,Sales,Account Manager,2026-05-04,2.4800000000000004,1.4051394189514674,0,0.0,1.0,2,1.0
EMP040,Tanya Campos,Sales,Account Manager,2026-05-05,0.5,-0.4950414857735861,0,0.0,1.0,2,0.0
EMP040,Tanya Campos,Sales,Account Manager,2026-05-06,3.3703703703703702,1.6232202534366746,0,0.0,1.0,2,1.0
EMP040,Tanya Campos,Sales,Account Manager,2026-05-07,0.6071428571428568,-0.4849435822956159,0,0.0,1.0,2,0.0
EMP040,Tanya Campos,Sales,Account Manager,2026-05-08,0.5862068965517242,0.6644791901077904,0,0.0,2.0,2,1.0
EMP040,Tanya Campos,Sales,Account Manager,2026-05-11,0.5666666666666664,-0.49388512483555447,0,0.0,2.0,2,0.0
EMP040,Tanya Campos,Sales,Account Manager,2026-05-12,4.266666666666667,3.145720418159281,0,0.0,2.0,1,1.0
EMP040,Tanya Campos,Sales,Account Manager,2026-05-13,0.7333333333333334,-0.4990040474593249,0,0.0,1.0,1,0.0
EMP040,Tanya Campos,Sales,Account Manager,2026-05-14,0.7333333333333334,1.94300929297461,0,0.0,2.0,1,1.0
EMP040,Tanya Campos,Sales,Account Manager,2026-05-15,6.033333333333333,1.0625104095483353,0,0.0,2.0,1,1.0
EMP040,Tanya Campos,Sales,Account Manager,2026-05-18,0.9666666666666668,-0.48217420832937463,0,0.0,2.0,1,0.0
EMP040,Tanya Campos,Sales,Account Manager,2026-05-19,5.8,2.2701047659553946,0,0.0,2.0,1,1.0
EMP040,Tanya Campos,Sales,Account Manager,2026-05-20,1.2000000000000002,0.7534895209110505,0,0.09090909090909091,2.0,2,1.0
EMP040,Tanya Campos,Sales,Account Manager,2026-05-21,1.2000000000000002,-0.5088662595359129,0,0.0,2.0,2,0.0
EMP040,Tanya Campos,Sales,Account Manager,2026-05-22,1.2000000000000002,-0.49165342187871647,0,0.0,2.0,2,0.0
EMP040,Tanya Campos,Sales,Account Manager,2026-05-25,1.2000000000000002,3.1961583780550797,0,0.0,1.0,2,1.0
EMP040,Tanya Campos,Sales,Account Manager,2026-05-26,3.833333333333333,1.9748202668049186,0,0.0,1.0,2,1.0
EMP040,Tanya Campos,Sales,Account Manager,2026-05-27,1.166666666666667,-0.5025467838363517,0,0.0,1.0,2,0.0
EMP040,Tanya Campos,Sales,Account Manager,2026-05-28,1.166666666666667,-0.47037490754767647,0,0.0,0.0,2,0.0
EMP040,Tanya Campos,Sales,Account Manager,2026-05-29,1.333333333333333,-0.481923786215406,0,0.0,0.0,1,0.0
EMP040,Tanya Campos,Sales,Account Manager,2026-06-01,1.333333333333333,-0.4826824179136051,0,0.0,0.0,1,0.0
EMP040,Tanya Campos,Sales,Account Manager,2026-06-02,1.333333333333333,-0.5029518784324775,0,0.0,0.0,1,0.0
EMP040,Tanya Campos,Sales,Account Manager,2026-06-03,2.7333333333333334,0.7387440776120744,0,0.0,0.0,1,1.0
EMP040,Tanya Campos,Sales,Account Manager,2026-06-04,1.1333333333333337,-0.4762303658007664,0,0.0,0.0,1,0.0
EMP040,Tanya Campos,Sales,Account Manager,2026-06-05,1.1333333333333337,-0.4939145862607273,0,0.0,0.0,1,0.0
EMP040,Tanya Campos,Sales,Account Manager,2026-06-08,3.7,0.7916126050846272,0,0.0,0.0,1,1.0
EMP040,Tanya Campos,Sales,Account Manager,2026-06-09,2.3,-0.10729966907463488,0,0.14285714285714285,0.0,1,1.0
EMP040,Tanya Campos,Sales,Account Manager,2026-06-10,1.2999999999999998,-0.4708536557067341,0,0.0,0.0,1,0.0
EMP040,Tanya Campos,Sales,Account Manager,2026-06-11,1.2999999999999998,-0.4924194189332087,0,0.0,0.0,1,0.0
EMP040,Tanya Campos,Sales,Account Manager,2026-06-12,1.2999999999999998,-0.49742786121258126,0,0.0,0.0,1,0.0
EMP040,Tanya Campos,Sales,Account Manager,2026-06-15,1.2000000000000002,-0.5103540615071382,0,0.0,0.0,1,0.0
EMP040,Tanya Campos,Sales,Account Manager,2026-06-16,1.2000000000000002,-0.48497304372078864,0,0.0,0.0,1,0.0
EMP040,Tanya Campos,Sales,Account Manager,2026-06-17,1.0666666666666664,-0.487329957734611,0,0.0,0.0,1,0.0
EMP040,Tanya Campos,Sales,Account Manager,2026-06-18,1.0666666666666664,-0.4735641068226298,0,0.0,0.0,1,0.0
EMP040,Tanya Campos,Sales,Account Manager,2026-06-19,1.0666666666666664,1.642259699454583,0,0.0,0.0,1,1.0
EMP040,Tanya Campos,Sales,Account Manager,2026-06-20,4.933333333333334,-0.527051324223811,1,0.0,0.0,1,0.0
EMP040,Tanya Campos,Sales,Account Manager,2026-06-22,0.7666666666666666,-0.5089693745240176,0,0.0,0.0,1,0.0
EMP040,Tanya Campos,Sales,Account Manager,2026-06-23,0.7666666666666666,-0.5028413980880794,0,0.0,0.0,1,0.0
EMP040,Tanya Campos,Sales,Account Manager,2026-06-24,0.7666666666666666,-0.42811985849361744,0,0.0,0.0,1,0.0
EMP040,Tanya Campos,Sales,Account Manager,2026-06-25,0.5333333333333332,-0.5053603499403522,0,0.0,0.0,1,0.0
EMP040,Tanya Campos,Sales,Account Manager,2026-06-26,0.5333333333333332,-0.4932738002632194,0,0.0,0.0,1,0.0
EMP040,Tanya Campos,Sales,Account Manager,2026-06-29,0.2999999999999998,-0.49664713344550254,0,0.0,0.0,1,0.0
EMP040,Tanya Campos,Sales,Account Manager,2026-06-30,0.2999999999999998,-0.5068113251301115,0,0.0,0.0,1,0.0
EMP040,Tanya Campos,Sales,Account Manager,2026-07-01,6.466666666666667,2.102086258195033,0,0.0,1.0,1,1.0
EMP040,Tanya Campos,Sales,Account Manager,2026-07-02,4.3,2.275960224208484,0,0.0,2.0,1,1.0
EMP040,Tanya Campos,Sales,Account Manager,2026-07-03,0.7000000000000002,-0.5139557207345106,0,0.0,2.0,1,0.0
EMP040,Tanya Campos,Sales,Account Manager,2026-07-06,0.5333333333333332,-0.514994235971851,0,0.0,2.0,1,0.0
EMP040,Tanya Campos,Sales,Account Manager,2026-07-07,0.5333333333333332,-0.16177384421910423,0,0.1111111111111111,2.0,1,1.0
EMP040,Tanya Campos,Sales,Account Manager,2026-07-08,0.5333333333333332,-0.49086532875534455,0,0.0,2.0,1,0.0
EMP040,Tanya Campos,Sales,Account Manager,2026-07-09,0.5333333333333332,-0.5009853283021943,0,0.0,2.0,1,0.0
EMP040,Tanya Campos,Sales,Account Manager,2026-07-10,0.5333333333333332,-0.4973983997874084,0,0.0,1.0,1,0.0
EMP040,Tanya Campos,Sales,Account Manager,2026-07-12,6.333333333333333,-0.5246133912907636,1,0.0,0.0,1,0.0
EMP040,Tanya Campos,Sales,Account Manager,2026-07-13,0.20000000000000018,-0.49215426610665364,0,0.0,0.0,1,0.0
EMP040,Tanya Campos,Sales,Account Manager,2026-07-14,0.20000000000000018,-0.51008154332429,0,0.0,0.0,1,0.0
EMP040,Tanya Campos,Sales,Account Manager,2026-07-15,0.20000000000000018,-0.4945406415456488,0,0.0,0.0,1,0.0
EMP040,Tanya Campos,Sales,Account Manager,2026-07-16,0.033333333333333215,-0.50263516811187,0,0.0,0.0,1,0.0
EMP040,Tanya Campos,Sales,Account Manager,2026-07-17,1.0333333333333332,-0.479618429695636,0,0.0,0.0,1,0.0
EMP040,Tanya Campos,Sales,Account Manager,2026-07-20,1.0,-0.506148443063724,0,0.0,0.0,1,0.0
EMP040,Tanya Campos,Sales,Account Manager,2026-07-21,0.0,-0.48048754173823305,0,0.0,0.0,1,0.0
EMP040,Tanya Campos,Sales,Account Manager,2026-07-22,0.0,-0.5046164489547394,0,0.0,0.0,1,0.0
EMP040,Tanya Campos,Sales,Account Manager,2026-07-23,0.0,-0.45325045416599835,0,0.0,0.0,1,0.0
EMP040,Tanya Campos,Sales,Account Manager,2026-07-24,0.0,-0.47368195252332096,0,0.0,0.0,1,0.0
EMP040,Tanya Campos,Sales,Account Manager,2026-07-27,0.0,-0.500558137637189,0,0.0,0.0,1,0.0
EMP040,Tanya Campos,Sales,Account Manager,2026-07-28,0.0,-0.5056623295483731,0,0.0,0.0,1,0.0
EMP040,Tanya Campos,Sales,Account Manager,2026-07-29,0.0,-0.48496567836449544,0,0.0,0.0,1,0.0
EMP041,Michelle Ross,Sales,Account Manager,2026-04-01,0.0,-0.3717900665825772,0,0.0,0.0,1,0.0
EMP041,Michelle Ross,Sales,Account Manager,2026-04-02,0.0,-0.34710585249942705,0,0.0,0.0,1,0.0
EMP041,Michelle Ross,Sales,Account Manager,2026-04-03,0.666666666666667,1.0465695763902887,0,0.0,1.0,1,1.0
EMP041,Michelle Ross,Sales,Account Manager,2026-04-06,0.25,-0.3731441720408528,0,0.0,1.0,1,0.0
EMP041,Michelle Ross,Sales,Account Manager,2026-04-07,0.20000000000000018,0.2027267881313794,0,0.1111111111111111,1.0,2,1.0
EMP041,Michelle Ross,Sales,Account Manager,2026-04-08,0.16666666666666696,-0.3948380699036441,0,0.0,1.0,2,0.0
EMP041,Michelle Ross,Sales,Account Manager,2026-04-09,0.14285714285714324,-0.39355919252638377,0,0.0,1.0,2,0.0
EMP041,Michelle Ross,Sales,Account Manager,2026-04-10,0.125,-0.35945266129606557,0,0.0,1.0,2,0.0
EMP041,Michelle Ross,Sales,Account Manager,2026-04-12,3.4444444444444446,-0.4129022128574465,1,0.0,1.0,2,0.0
EMP041,Michelle Ross,Sales,Account Manager,2026-04-13,0.5,-0.39762150890121073,0,0.0,0.0,2,0.0
EMP041,Michelle Ross,Sales,Account Manager,2026-04-14,0.45454545454545414,0.18578166288267972,0,0.16666666666666666,0.0,2,1.0
EMP041,Michelle Ross,Sales,Account Manager,2026-04-15,0.5,-0.38417448941972326,0,0.0,0.0,1,0.0
EMP041,Michelle Ross,Sales,Account Manager,2026-04-16,0.4615384615384617,-0.3989944213797403,0,0.0,0.0,1,0.0
EMP041,Michelle Ross,Sales,Account Manager,2026-04-17,0.4285714285714288,-0.3654991183076715,0,0.0,0.0,1,0.0
EMP041,Michelle Ross,Sales,Account Manager,2026-04-20,0.5333333333333332,-0.39524242083910144,0,0.0,0.0,1,0.0
EMP041,Michelle Ross,Sales,Account Manager,2026-04-21,0.4375,0.3108389440605132,0,0.2,0.0,1,1.0
EMP041,Michelle Ross,Sales,Account Manager,2026-04-22,0.41176470588235325,-0.37658585674730344,0,0.0,0.0,1,0.0
EMP041,Michelle Ross,Sales,Account Manager,2026-04-23,0.3888888888888893,-0.38650655993119803,0,0.0,0.0,1,0.0
EMP041,Michelle Ross,Sales,Account Manager,2026-04-24,5.105263157894737,2.644790157560644,0,0.0,1.0,1,1.0
EMP041,Michelle Ross,Sales,Account Manager,2026-04-27,0.09999999999999964,-0.3841274718690887,0,0.0,1.0,1,0.0
EMP041,Michelle Ross,Sales,Account Manager,2026-04-28,0.0952380952380949,-0.357985713716267,0,0.0,1.0,1,0.0
EMP041,Michelle Ross,Sales,Account Manager,2026-04-29,0.09090909090909083,-0.35039708104384704,0,0.0,1.0,1,0.0
EMP041,Michelle Ross,Sales,Account Manager,2026-04-30,5.826086956521739,1.0190360987386837,0,0.0,1.0,1,1.0
EMP041,Michelle Ross,Sales,Account Manager,2026-05-01,0.16666666666666696,-0.4001886671658584,0,0.0,1.0,1,0.0
EMP041,Michelle Ross,Sales,Account Manager,2026-05-04,1.12,-0.362367749435409,0,0.0,1.0,1,0.0
EMP041,Michelle Ross,Sales,Account Manager,2026-05-05,0.11538461538461497,-0.3964084560948388,0,0.0,0.0,1,0.0
EMP041,Michelle Ross,Sales,Account Manager,2026-05-06,0.11111111111111072,2.6994715689486513,0,0.0,0.0,1,1.0
EMP041,Michelle Ross,Sales,Account Manager,2026-05-07,0.10714285714285676,-0.2842057732604973,0,0.0,0.0,1,0.0
EMP041,Michelle Ross,Sales,Account Manager,2026-05-08,0.1034482758620694,-0.39217687653772737,0,0.0,0.0,1,0.0
EMP041,Michelle Ross,Sales,Account Manager,2026-05-11,0.09999999999999964,-0.23219495874853424,0,0.14285714285714285,0.0,1,1.0
EMP041,Michelle Ross,Sales,Account Manager,2026-05-12,0.09999999999999964,-0.3907193324680557,0,0.0,0.0,1,0.0
EMP041,Michelle Ross,Sales,Account Manager,2026-05-13,0.09999999999999964,-0.38213392772218285,0,0.0,0.0,1,0.0
EMP041,Michelle Ross,Sales,Account Manager,2026-05-14,0.13333333333333375,-0.381682559236091,0,0.0,0.0,1,0.0
EMP041,Michelle Ross,Sales,Account Manager,2026-05-15,0.13333333333333375,-0.38808634963251964,0,0.0,0.0,1,0.0
EMP041,Michelle Ross,Sales,Account Manager,2026-05-18,0.13333333333333375,-0.2100214818692703,0,0.09090909090909091,0.0,1,1.0
EMP041,Michelle Ross,Sales,Account Manager,2026-05-19,1.0999999999999996,0.09137982471858712,0,0.14285714285714285,0.0,1,1.0
EMP041,Michelle Ross,Sales,Account Manager,2026-05-20,0.09999999999999964,0.1623481156464093,0,0.0,0.0,2,1.0
EMP041,Michelle Ross,Sales,Account Manager,2026-05-21,0.09999999999999964,-0.3889984901148303,0,0.0,0.0,2,0.0
EMP041,Michelle Ross,Sales,Account Manager,2026-05-22,0.2333333333333334,-0.39428326280615617,0,0.0,0.0,2,0.0
EMP041,Michelle Ross,Sales,Account Manager,2026-05-25,6.533333333333333,4.7320684934115596,0,0.0,0.0,2,1.0
EMP041,Michelle Ross,Sales,Account Manager,2026-05-26,0.5,-0.36225490731388604,0,0.0,0.0,2,0.0
EMP041,Michelle Ross,Sales,Account Manager,2026-05-27,0.5,-0.38469168247670354,0,0.0,0.0,2,0.0
EMP041,Michelle Ross,Sales,Account Manager,2026-05-28,0.5,-0.39410459611374477,0,0.0,0.0,2,0.0
EMP041,Michelle Ross,Sales,Account Manager,2026-05-29,0.5,-0.3950825611669439,0,0.0,0.0,1,0.0
EMP041,Michelle Ross,Sales,Account Manager,2026-06-01,0.5333333333333332,-0.3946876137416135,0,0.0,0.0,1,0.0
EMP041,Michelle Ross,Sales,Account Manager,2026-06-02,0.5333333333333332,0.20730629756318666,0,0.16666666666666666,0.0,1,1.0
EMP041,Michelle Ross,Sales,Account Manager,2026-06-03,0.5333333333333332,-0.38620564760713677,0,0.0,0.0,1,0.0
EMP041,Michelle Ross,Sales,Account Manager,2026-06-04,0.5333333333333332,0.20281141972252167,0,0.0,0.0,2,1.0
EMP041,Michelle Ross,Sales,Account Manager,2026-06-05,1.333333333333333,-0.39131175360605125,0,0.0,0.0,2,0.0
EMP041,Michelle Ross,Sales,Account Manager,2026-06-08,0.33333333333333304,-0.3663736447494745,0,0.0,0.0,2,0.0
EMP041,Michelle Ross,Sales,Account Manager,2026-06-09,0.33333333333333304,-0.3791342079916972,0,0.0,0.0,2,0.0
EMP041,Michelle Ross,Sales,Account Manager,2026-06-10,0.33333333333333304,-0.25478219007338243,0,0.09090909090909091,0.0,2,1.0
EMP041,Michelle Ross,Sales,Account Manager,2026-06-11,0.13333333333333375,-0.3751189091675048,0,0.0,0.0,2,0.0
EMP041,Michelle Ross,Sales,Account Manager,2026-06-12,1.0999999999999996,-0.3947064207618673,0,0.0,0.0,2,0.0
EMP041,Michelle Ross,Sales,Account Manager,2026-06-15,0.13333333333333375,-0.38354445424122,0,0.0,0.0,1,0.0
EMP041,Michelle Ross,Sales,Account Manager,2026-06-16,0.13333333333333375,-0.3794539273360123,0,0.0,0.0,1,0.0
EMP041,Michelle Ross,Sales,Account Manager,2026-06-17,0.13333333333333375,-0.41150108984853623,0,0.0,0.0,1,0.0
EMP041,Michelle Ross,Sales,Account Manager,2026-06-18,0.13333333333333375,-0.36831076783561884,0,0.0,0.0,1,0.0
EMP041,Michelle Ross,Sales,Account Manager,2026-06-19,0.13333333333333375,-0.39474403480237497,0,0.0,0.0,1,0.0
EMP041,Michelle Ross,Sales,Account Manager,2026-06-20,6.9,-0.42015231916529744,1,0.0,0.0,1,0.0
EMP041,Michelle Ross,Sales,Account Manager,2026-06-22,0.09999999999999964,-0.3714233296876275,0,0.0,0.0,1,0.0
EMP041,Michelle Ross,Sales,Account Manager,2026-06-23,0.09999999999999964,-0.1378401381350761,0,0.3333333333333333,0.0,1,1.0
EMP041,Michelle Ross,Sales,Account Manager,2026-06-24,0.09999999999999964,-0.38553799838812586,0,0.0,0.0,1,0.0
EMP041,Michelle Ross,Sales,Account Manager,2026-06-25,0.09999999999999964,-0.40768326473700905,0,0.0,0.0,1,0.0
EMP041,Michelle Ross,Sales,Account Manager,2026-06-26,0.8666666666666663,-0.3909920342617361,0,0.0,0.0,1,0.0
EMP041,Michelle Ross,Sales,Account Manager,2026-06-29,0.09999999999999964,1.1847729647255483,0,0.125,0.0,2,1.0
EMP041,Michelle Ross,Sales,Account Manager,2026-06-30,0.09999999999999964,-0.41465126574105254,0,0.0,0.0,2,0.0
EMP041,Michelle Ross,Sales,Account Manager,2026-07-01,0.09999999999999964,-0.40331063252799393,0,0.0,0.0,2,0.0
EMP041,Michelle Ross,Sales,Account Manager,2026-07-02,0.09999999999999964,-0.4002827022671275,0,0.0,0.0,2,0.0
EMP041,Michelle Ross,Sales,Account Manager,2026-07-03,7.1,3.530845302779272,0,0.14285714285714285,0.0,2,1.0
EMP041,Michelle Ross,Sales,Account Manager,2026-07-06,0.09999999999999964,-0.3910390518123707,0,0.0,0.0,2,0.0
EMP041,Michelle Ross,Sales,Account Manager,2026-07-07,0.09999999999999964,-0.3939353329314603,0,0.0,0.0,2,0.0
EMP041,Michelle Ross,Sales,Account Manager,2026-07-08,0.09999999999999964,-0.4073353348623132,0,0.0,0.0,1,0.0
EMP041,Michelle Ross,Sales,Account Manager,2026-07-09,0.09999999999999964,-0.3573462750276368,0,0.0,0.0,1,0.0
EMP041,Michelle Ross,Sales,Account Manager,2026-07-10,0.09999999999999964,-0.40164621123553007,0,0.0,0.0,1,0.0
EMP041,Michelle Ross,Sales,Account Manager,2026-07-11,8.6,-0.4146982832916871,1,0.0,0.0,1,0.0
EMP041,Michelle Ross,Sales,Account Manager,2026-07-13,7.166666666666667,3.7177964876124556,0,0.0,0.0,1,1.0
EMP041,Michelle Ross,Sales,Account Manager,2026-07-14,0.16666666666666696,-0.3992577196632938,0,0.0,0.0,1,0.0
EMP041,Michelle Ross,Sales,Account Manager,2026-07-15,0.13333333333333375,-0.3889796830945765,0,0.0,0.0,1,0.0
EMP041,Michelle Ross,Sales,Account Manager,2026-07-16,0.13333333333333375,-0.4043826326824621,0,0.0,0.0,1,0.0
EMP041,Michelle Ross,Sales,Account Manager,2026-07-17,0.13333333333333375,-0.3150210759463955,0,0.0,0.0,1,0.0
EMP041,Michelle Ross,Sales,Account Manager,2026-07-20,0.13333333333333375,-0.38205869964116757,0,0.0,0.0,1,0.0
EMP041,Michelle Ross,Sales,Account Manager,2026-07-21,0.13333333333333375,-0.38605519144510614,0,0.0,0.0,1,0.0
EMP041,Michelle Ross,Sales,Account Manager,2026-07-22,0.09999999999999964,1.0721565274456224,0,0.0,1.0,1,1.0
EMP041,Michelle Ross,Sales,Account Manager,2026-07-23,0.09999999999999964,0.35148091482903676,0,0.1111111111111111,1.0,1,1.0
EMP041,Michelle Ross,Sales,Account Manager,2026-07-24,0.09999999999999964,-0.40511610647236146,0,0.0,1.0,1,0.0
EMP041,Michelle Ross,Sales,Account Manager,2026-07-27,0.09999999999999964,-0.361380380872083,0,0.0,1.0,1,0.0
EMP041,Michelle Ross,Sales,Account Manager,2026-07-28,0.09999999999999964,-0.295537002963429,0,0.0,1.0,1,0.0
EMP041,Michelle Ross,Sales,Account Manager,2026-07-29,3.0,3.1428846854731685,0,0.0,2.0,1,1.0
EMP042,Jacqueline Lam,Sales,Sales Representative,2026-04-01,0.0,-0.054404536559859884,0,0.0,0.0,2,1.0
EMP042,Jacqueline Lam,Sales,Sales Representative,2026-04-02,0.0,-0.23503660246306643,0,0.0,0.0,2,0.0
EMP042,Jacqueline Lam,Sales,Sales Representative,2026-04-03,0.0,-0.24641297088058764,0,0.0,0.0,2,0.0
EMP042,Jacqueline Lam,Sales,Sales Representative,2026-04-06,0.0,-0.2448045540093981,0,0.0,0.0,2,0.0
EMP042,Jacqueline Lam,Sales,Sales Representative,2026-04-07,0.0,0.0012440771762054238,0,0.0,0.0,3,1.0
EMP042,Jacqueline Lam,Sales,Sales Representative,2026-04-08,0.0,-0.2444668843417143,0,0.0,0.0,3,0.0
EMP042,Jacqueline Lam,Sales,Sales Representative,2026-04-09,0.8571428571428568,-0.24413737094619675,0,0.0,0.0,3,0.0
EMP042,Jacqueline Lam,Sales,Sales Representative,2026-04-10,0.125,-0.2381783985015158,0,0.0,0.0,2,0.0
EMP042,Jacqueline Lam,Sales,Sales Representative,2026-04-13,0.11111111111111072,-0.24402970815360192,0,0.0,0.0,2,0.0
EMP042,Jacqueline Lam,Sales,Sales Representative,2026-04-14,0.09999999999999964,-0.24484207286136297,0,0.0,0.0,2,0.0
EMP042,Jacqueline Lam,Sales,Sales Representative,2026-04-15,0.09090909090909083,-0.24172474563941243,0,0.0,0.0,2,0.0
EMP042,Jacqueline Lam,Sales,Sales Representative,2026-04-16,0.08333333333333304,-0.24547336832703268,0,0.0,0.0,1,0.0
EMP042,Jacqueline Lam,Sales,Sales Representative,2026-04-17,0.07692307692307665,-0.2418063083610752,0,0.0,0.0,1,0.0
EMP042,Jacqueline Lam,Sales,Sales Representative,2026-04-20,0.07142857142857117,-0.24445220305181498,0,0.0,0.0,1,0.0
EMP042,Jacqueline Lam,Sales,Sales Representative,2026-04-21,0.06666666666666643,-0.24513243615048236,0,0.0,0.0,1,0.0
EMP042,Jacqueline Lam,Sales,Sales Representative,2026-04-22,0.0625,-0.24593664458607717,0,0.0,0.0,1,0.0
EMP042,Jacqueline Lam,Sales,Sales Representative,2026-04-23,0.0588235294117645,-0.24161871410125083,0,0.0,0.0,1,0.0
EMP042,Jacqueline Lam,Sales,Sales Representative,2026-04-24,0.05555555555555536,-0.24397098299400474,0,0.0,0.0,1,0.0
EMP042,Jacqueline Lam,Sales,Sales Representative,2026-04-27,0.05263157894736814,-0.24017994769111983,0,0.0,0.0,1,0.0
EMP042,Jacqueline Lam,Sales,Sales Representative,2026-04-28,0.04999999999999982,-0.24602799483433943,0,0.0,0.0,1,0.0
EMP042,Jacqueline Lam,Sales,Sales Representative,2026-04-29,0.04761904761904745,-0.24161382033795106,0,0.0,0.0,1,0.0
EMP042,Jacqueline Lam,Sales,Sales Representative,2026-04-30,0.04545454545454586,-0.24404438944350118,0,0.0,0.0,1,0.0
EMP042,Jacqueline Lam,Sales,Sales Representative,2026-05-01,0.04347826086956541,-0.23796796667962586,0,0.0,0.0,1,0.0
EMP042,Jacqueline Lam,Sales,Sales Representative,2026-05-04,0.04166666666666696,-0.24398403302947078,0,0.0,0.0,1,0.0
EMP042,Jacqueline Lam,Sales,Sales Representative,2026-05-05,0.040000000000000036,-0.24514222367708188,0,0.0,0.0,1,0.0
EMP042,Jacqueline Lam,Sales,Sales Representative,2026-05-06,0.038461538461538325,-0.24567727513118956,0,0.0,0.0,1,0.0
EMP042,Jacqueline Lam,Sales,Sales Representative,2026-05-07,0.0370370370370372,-0.2436561508883865,0,0.0,0.0,1,0.0
EMP042,Jacqueline Lam,Sales,Sales Representative,2026-05-08,0.03571428571428559,-0.24588933820751277,0,0.0,0.0,1,0.0
EMP042,Jacqueline Lam,Sales,Sales Representative,2026-05-11,6.793103448275862,-0.0810478152182159,0,0.0,0.0,1,1.0
EMP042,Jacqueline Lam,Sales,Sales Representative,2026-05-12,0.20000000000000018,-0.2453314491913395,0,0.0,0.0,1,0.0
EMP042,Jacqueline Lam,Sales,Sales Representative,2026-05-13,0.20000000000000018,-0.24162034535568408,0,0.0,0.0,1,0.0
EMP042,Jacqueline Lam,Sales,Sales Representative,2026-05-14,0.20000000000000018,-0.12131859341198514,0,0.1,0.0,1,1.0
EMP042,Jacqueline Lam,Sales,Sales Representative,2026-05-15,0.20000000000000018,-0.23816861097491623,0,0.0,0.0,1,0.0
EMP042,Jacqueline Lam,Sales,Sales Representative,2026-05-18,1.166666666666667,-0.24638850206408883,0,0.0,0.0,1,0.0
EMP042,Jacqueline Lam,Sales,Sales Representative,2026-05-19,0.16666666666666696,-0.2429220863934217,0,0.0,0.0,1,0.0
EMP042,Jacqueline Lam,Sales,Sales Representative,2026-05-20,0.16666666666666696,-0.2405616612285015,0,0.0,0.0,1,0.0
EMP042,Jacqueline Lam,Sales,Sales Representative,2026-05-21,1.166666666666667,-0.24049314854230477,0,0.0,0.0,1,0.0
EMP042,Jacqueline Lam,Sales,Sales Representative,2026-05-22,0.16666666666666696,-0.24021909779751796,0,0.0,0.0,1,0.0
EMP042,Jacqueline Lam,Sales,Sales Representative,2026-05-25,1.1333333333333337,-0.24698227867779368,0,0.0,0.0,1,0.0
EMP042,Jacqueline Lam,Sales,Sales Representative,2026-05-26,0.13333333333333375,-0.2413756571906958,0,0.0,0.0,1,0.0
EMP042,Jacqueline Lam,Sales,Sales Representative,2026-05-27,0.13333333333333375,-0.24364310085292046,0,0.0,0.0,1,0.0
EMP042,Jacqueline Lam,Sales,Sales Representative,2026-05-28,0.13333333333333375,-0.24281442360082683,0,0.0,0.0,1,0.0
EMP042,Jacqueline Lam,Sales,Sales Representative,2026-05-29,0.13333333333333375,-0.23928928277056252,0,0.0,0.0,1,0.0
EMP042,Jacqueline Lam,Sales,Sales Representative,2026-06-01,0.13333333333333375,-0.24734604841640956,0,0.0,0.0,1,0.0
EMP042,Jacqueline Lam,Sales,Sales Representative,2026-06-02,0.13333333333333375,-0.24403949568020142,0,0.0,0.0,1,0.0
EMP042,Jacqueline Lam,Sales,Sales Representative,2026-06-03,0.13333333333333375,-0.24436900907571896,0,0.0,0.0,1,0.0
EMP042,Jacqueline Lam,Sales,Sales Representative,2026-06-04,0.13333333333333375,-0.2485156578450535,0,0.0,0.0,1,0.0
EMP042,Jacqueline Lam,Sales,Sales Representative,2026-06-05,0.13333333333333375,-0.24612913260920127,0,0.0,0.0,1,0.0
EMP042,Jacqueline Lam,Sales,Sales Representative,2026-06-08,0.13333333333333375,-0.23679509474211544,0,0.0,0.0,1,0.0
EMP042,Jacqueline Lam,Sales,Sales Representative,2026-06-09,1.0999999999999996,-0.24718292297308406,0,0.0,0.0,1,0.0
EMP042,Jacqueline Lam,Sales,Sales Representative,2026-06-10,0.09999999999999964,-0.24171332685837962,0,0.0,0.0,1,0.0
EMP042,Jacqueline Lam,Sales,Sales Representative,2026-06-11,3.7666666666666666,0.3362482751160773,0,0.0,0.0,1,1.0
EMP042,Jacqueline Lam,Sales,Sales Representative,2026-06-12,0.2333333333333334,-0.24427276506415693,0,0.0,0.0,1,0.0
EMP042,Jacqueline Lam,Sales,Sales Representative,2026-06-15,0.2333333333333334,-0.24294003019218746,0,0.0,0.0,1,0.0
EMP042,Jacqueline Lam,Sales,Sales Representative,2026-06-16,0.2333333333333334,-0.2372714210366259,0,0.0,0.0,1,0.0
EMP042,Jacqueline Lam,Sales,Sales Representative,2026-06-17,0.2333333333333334,-0.23909842600187167,0,0.0,0.0,1,0.0
EMP042,Jacqueline Lam,Sales,Sales Representative,2026-06-18,0.2333333333333334,0.15200950566094387,0,0.0,1.0,1,1.0
EMP042,Jacqueline Lam,Sales,Sales Representative,2026-06-19,0.2333333333333334,0.08782943123895422,0,0.0,2.0,1,1.0
EMP042,Jacqueline Lam,Sales,Sales Representative,2026-06-22,0.0,-0.24299549284291816,0,0.0,2.0,1,0.0
EMP042,Jacqueline Lam,Sales,Sales Representative,2026-06-23,0.9666666666666668,-0.2431896121204755,0,0.0,2.0,1,0.0
EMP042,Jacqueline Lam,Sales,Sales Representative,2026-06-24,0.033333333333333215,-0.24301017413281745,0,0.0,2.0,1,0.0
EMP042,Jacqueline Lam,Sales,Sales Representative,2026-06-25,0.033333333333333215,-0.24439184663778454,0,0.0,2.0,1,0.0
EMP042,Jacqueline Lam,Sales,Sales Representative,2026-06-26,0.033333333333333215,-0.23286377155797058,0,0.0,2.0,1,0.0
EMP042,Jacqueline Lam,Sales,Sales Representative,2026-06-29,0.0,-0.24109508142817593,0,0.0,1.0,1,0.0
EMP042,Jacqueline Lam,Sales,Sales Representative,2026-06-30,0.0,-0.24500846081355498,0,0.0,0.0,1,0.0
EMP042,Jacqueline Lam,Sales,Sales Representative,2026-07-01,0.0,-0.23719801458712947,0,0.0,0.0,1,0.0
EMP042,Jacqueline Lam,Sales,Sales Representative,2026-07-02,0.033333333333333215,-0.24464469107493908,0,0.0,0.0,1,0.0
EMP042,Jacqueline Lam,Sales,Sales Representative,2026-07-03,0.033333333333333215,-0.24536407428000462,0,0.0,0.0,1,0.0
EMP042,Jacqueline Lam,Sales,Sales Representative,2026-07-06,0.06666666666666643,-0.246440702205953,0,0.0,0.0,1,0.0
EMP042,Jacqueline Lam,Sales,Sales Representative,2026-07-07,0.06666666666666643,-0.24614381389910056,0,0.0,0.0,1,0.0
EMP042,Jacqueline Lam,Sales,Sales Representative,2026-07-08,0.06666666666666643,-0.2415143138175225,0,0.0,0.0,1,0.0
EMP042,Jacqueline Lam,Sales,Sales Representative,2026-07-09,0.06666666666666643,-0.24436085280355269,0,0.0,0.0,1,0.0
EMP042,Jacqueline Lam,Sales,Sales Representative,2026-07-10,0.06666666666666643,-0.2410885564104429,0,0.0,0.0,1,0.0
EMP042,Jacqueline Lam,Sales,Sales Representative,2026-07-13,0.06666666666666643,-0.24181446463324147,0,0.0,0.0,1,0.0
EMP042,Jacqueline Lam,Sales,Sales Representative,2026-07-14,0.06666666666666643,-0.24469525996237,0,0.0,0.0,1,0.0
EMP042,Jacqueline Lam,Sales,Sales Representative,2026-07-15,0.06666666666666643,-0.24335926258153406,0,0.0,0.0,1,0.0
EMP042,Jacqueline Lam,Sales,Sales Representative,2026-07-16,0.06666666666666643,-0.24082429319225557,0,0.0,0.0,1,0.0
EMP042,Jacqueline Lam,Sales,Sales Representative,2026-07-17,0.06666666666666643,3.4065970006433064,0,0.07692307692307693,4.0,1,1.0
EMP042,Jacqueline Lam,Sales,Sales Representative,2026-07-20,0.06666666666666643,0.04295688428897223,0,0.0,5.0,1,1.0
EMP042,Jacqueline Lam,Sales,Sales Representative,2026-07-21,0.09999999999999964,6.546420852482872,0,0.25,12.0,1,1.0
EMP042,Jacqueline Lam,Sales,Sales Representative,2026-07-22,0.09999999999999964,4.014676453218953,0,0.2857142857142857,16.0,1,1.0
EMP042,Jacqueline Lam,Sales,Sales Representative,2026-07-23,0.033333333333333215,0.006180253091235393,0,0.14285714285714285,17.0,1,1.0
EMP042,Jacqueline Lam,Sales,Sales Representative,2026-07-24,0.033333333333333215,2.668301031678636,0,0.09090909090909091,20.0,1,1.0
EMP043,Alex Spencer,Sales,Account Manager,2026-04-01,0.0,-0.5212991354826217,0,0.0,0.0,1,0.0
EMP043,Alex Spencer,Sales,Account Manager,2026-04-02,2.0,0.9858167242763455,0,0.0,0.0,1,1.0
EMP043,Alex Spencer,Sales,Account Manager,2026-04-03,1.333333333333333,-0.49849158264984345,0,0.0,0.0,1,0.0
EMP043,Alex Spencer,Sales,Account Manager,2026-04-06,1.75,-0.4917359036714235,0,0.0,0.0,1,0.0
EMP043,Alex Spencer,Sales,Account Manager,2026-04-07,0.5999999999999996,-0.4554455380042494,0,0.0,0.0,1,0.0
EMP043,Alex Spencer,Sales,Account Manager,2026-04-08,0.5,-0.49673130009912836,0,0.0,0.0,1,0.0
EMP043,Alex Spencer,Sales,Account Manager,2026-04-09,4.714285714285714,0.17233782486644017,0,0.0,1.0,1,1.0
EMP043,Alex Spencer,Sales,Account Manager,2026-04-10,1.125,-0.446796365903709,0,0.0,1.0,1,0.0
EMP043,Alex Spencer,Sales,Account Manager,2026-04-13,4.333333333333333,0.7681982258038922,0,0.0,1.0,1,1.0
EMP043,Alex Spencer,Sales,Account Manager,2026-04-14,3.0,-0.036517321015696866,0,0.0,2.0,1,1.0
EMP043,Alex Spencer,Sales,Account Manager,2026-04-15,2.7272727272727275,-0.4960271870788423,0,0.0,2.0,1,0.0
EMP043,Alex Spencer,Sales,Account Manager,2026-04-16,1.583333333333333,-0.5071978449952719,0,0.0,2.0,1,0.0
EMP043,Alex Spencer,Sales,Account Manager,2026-04-17,5.0,1.9264451140927659,0,0.0,2.0,1,1.0
EMP043,Alex Spencer,Sales,Account Manager,2026-04-20,1.8571428571428568,-0.47491331151107646,0,0.0,1.0,1,0.0
EMP043,Alex Spencer,Sales,Account Manager,2026-04-21,1.7333333333333334,-0.46513184955358955,0,0.0,1.0,1,0.0
EMP043,Alex Spencer,Sales,Account Manager,2026-04-22,1.625,-0.49985223348634206,0,0.0,1.0,1,0.0
EMP043,Alex Spencer,Sales,Account Manager,2026-04-23,1.5294117647058822,-0.17253482946148951,0,0.08333333333333333,0.0,1,1.0
EMP043,Alex Spencer,Sales,Account Manager,2026-04-24,1.4444444444444446,-0.5020026327104589,0,0.0,0.0,1,0.0
EMP043,Alex Spencer,Sales,Account Manager,2026-04-27,1.3684210526315788,-0.47327672449095215,0,0.0,0.0,1,0.0
EMP043,Alex Spencer,Sales,Account Manager,2026-04-28,1.2999999999999998,-0.4650081540229988,0,0.0,0.0,1,0.0
EMP043,Alex Spencer,Sales,Account Manager,2026-04-29,1.2380952380952381,-0.5050284156895258,0,0.0,0.0,1,0.0
EMP043,Alex Spencer,Sales,Account Manager,2026-04-30,1.1818181818181817,-0.45315241316791255,0,0.0,0.0,1,0.0
EMP043,Alex Spencer,Sales,Account Manager,2026-05-01,1.1304347826086953,-0.527131855502018,0,0.0,0.0,1,0.0
EMP043,Alex Spencer,Sales,Account Manager,2026-05-03,8.75,-0.526399197359288,1,0.0,0.0,1,0.0
EMP043,Alex Spencer,Sales,Account Manager,2026-05-04,5.04,0.875232919928182,0,0.0,1.0,1,1.0
EMP043,Alex Spencer,Sales,Account Manager,2026-05-05,5.8076923076923075,2.525854625254092,0,0.0,2.0,1,1.0
EMP043,Alex Spencer,Sales,Account Manager,2026-05-06,1.148148148148148,-0.5119268202801659,0,0.0,2.0,1,0.0
EMP043,Alex Spencer,Sales,Account Manager,2026-05-07,1.1071428571428568,-0.5042196372202783,0,0.0,2.0,1,0.0
EMP043,Alex Spencer,Sales,Account Manager,2026-05-08,1.068965517241379,-0.4802227042856656,0,0.0,2.0,1,0.0
EMP043,Alex Spencer,Sales,Account Manager,2026-05-11,2.833333333333333,3.4199068902826735,0,0.0,2.0,1,1.0
EMP043,Alex Spencer,Sales,Account Manager,2026-05-12,1.166666666666667,-0.4612687429828311,0,0.0,2.0,1,0.0
EMP043,Alex Spencer,Sales,Account Manager,2026-05-13,1.0333333333333332,1.5968821604356496,0,0.0,2.0,1,1.0
EMP043,Alex Spencer,Sales,Account Manager,2026-05-14,4.766666666666667,1.184319505752115,0,0.0,1.0,1,1.0
EMP043,Alex Spencer,Sales,Account Manager,2026-05-15,2.2333333333333334,-0.2753353304232485,0,0.14285714285714285,1.0,1,1.0
EMP043,Alex Spencer,Sales,Account Manager,2026-05-18,1.2333333333333334,-0.4792331400409393,0,0.0,1.0,1,0.0
EMP043,Alex Spencer,Sales,Account Manager,2026-05-19,1.2333333333333334,1.1127949439481963,0,0.0,1.0,2,1.0
EMP043,Alex Spencer,Sales,Account Manager,2026-05-20,5.733333333333333,2.8872263603546693,0,0.0,2.0,2,1.0
EMP043,Alex Spencer,Sales,Account Manager,2026-05-21,1.2666666666666666,-0.46026014865647547,0,0.0,2.0,2,0.0
EMP043,Alex Spencer,Sales,Account Manager,2026-05-22,1.0666666666666664,-0.44656800492415677,0,0.0,1.0,2,0.0
EMP043,Alex Spencer,Sales,Account Manager,2026-05-25,0.9000000000000004,-0.4786051473471707,0,0.0,1.0,2,0.0
EMP043,Alex Spencer,Sales,Account Manager,2026-05-26,5.833333333333333,1.3137430909133372,0,0.0,2.0,2,1.0
EMP043,Alex Spencer,Sales,Account Manager,2026-05-27,2.1333333333333337,-0.5049998705670818,0,0.0,2.0,2,0.0
EMP043,Alex Spencer,Sales,Account Manager,2026-05-28,3.9333333333333336,2.2279101522241436,0,0.0,2.0,1,1.0
EMP043,Alex Spencer,Sales,Account Manager,2026-05-29,2.033333333333333,-0.5138774036471744,0,0.0,1.0,1,0.0
EMP043,Alex Spencer,Sales,Account Manager,2026-06-01,1.0333333333333332,-0.5055898030975917,0,0.0,1.0,1,0.0
EMP043,Alex Spencer,Sales,Account Manager,2026-06-02,2.833333333333333,3.2417187209462366,0,0.0,1.0,1,1.0
EMP043,Alex Spencer,Sales,Account Manager,2026-06-03,1.166666666666667,-0.47807230506154885,0,0.0,1.0,1,0.0
EMP043,Alex Spencer,Sales,Account Manager,2026-06-04,1.166666666666667,-0.503553584363251,0,0.0,0.0,1,0.0
EMP043,Alex Spencer,Sales,Account Manager,2026-06-05,1.166666666666667,-0.4753985785926249,0,0.0,0.0,1,0.0
EMP043,Alex Spencer,Sales,Account Manager,2026-06-08,1.166666666666667,-0.5198433342379764,0,0.0,0.0,1,0.0
EMP043,Alex Spencer,Sales,Account Manager,2026-06-09,1.166666666666667,-0.46831938822650604,0,0.0,0.0,1,0.0
EMP043,Alex Spencer,Sales,Account Manager,2026-06-10,2.1333333333333337,-0.5108611357089221,0,0.0,0.0,1,0.0
EMP043,Alex Spencer,Sales,Account Manager,2026-06-11,2.0999999999999996,-0.5011653091187674,0,0.0,0.0,1,0.0
EMP043,Alex Spencer,Sales,Account Manager,2026-06-12,1.3666666666666663,-0.47625493226594573,0,0.0,0.0,1,0.0
EMP043,Alex Spencer,Sales,Account Manager,2026-06-15,1.166666666666667,-0.4900612564880405,0,0.0,0.0,1,0.0
EMP043,Alex Spencer,Sales,Account Manager,2026-06-16,0.9333333333333336,-0.48329606246880596,0,0.0,0.0,1,0.0
EMP043,Alex Spencer,Sales,Account Manager,2026-06-17,0.9333333333333336,-0.26853207624075515,0,0.14285714285714285,0.0,1,1.0
EMP043,Alex Spencer,Sales,Account Manager,2026-06-18,0.9333333333333336,-0.4667779516145285,0,0.0,0.0,1,0.0
EMP043,Alex Spencer,Sales,Account Manager,2026-06-19,0.9333333333333336,0.2013016091063137,0,0.1,0.0,1,1.0
EMP043,Alex Spencer,Sales,Account Manager,2026-06-22,0.7999999999999998,-0.47881447824509354,0,0.0,0.0,1,0.0
EMP043,Alex Spencer,Sales,Account Manager,2026-06-23,0.7999999999999998,-0.5014317302615783,0,0.0,0.0,1,0.0
EMP043,Alex Spencer,Sales,Account Manager,2026-06-24,1.7666666666666666,-0.47391423222553547,0,0.0,0.0,1,0.0
EMP043,Alex Spencer,Sales,Account Manager,2026-06-25,0.5666666666666664,1.2377179148040767,0,0.0,0.0,2,1.0
EMP043,Alex Spencer,Sales,Account Manager,2026-06-26,0.5999999999999996,-0.4862933003254289,0,0.0,0.0,2,0.0
EMP043,Alex Spencer,Sales,Account Manager,2026-06-29,0.5999999999999996,-0.5012604595269141,0,0.0,0.0,2,0.0
EMP043,Alex Spencer,Sales,Account Manager,2026-06-30,0.5999999999999996,-0.48919538777390503,0,0.0,0.0,2,0.0
EMP043,Alex Spencer,Sales,Account Manager,2026-07-01,0.36666666666666625,-0.5069694840157196,0,0.0,0.0,2,0.0
EMP043,Alex Spencer,Sales,Account Manager,2026-07-02,3.5,3.626459396287659,0,0.0,0.0,3,1.0
EMP043,Alex Spencer,Sales,Account Manager,2026-07-03,0.5,-0.49201183985504915,0,0.0,0.0,3,0.0
EMP043,Alex Spencer,Sales,Account Manager,2026-07-06,0.5,-0.4818402612241605,0,0.0,0.0,2,0.0
EMP043,Alex Spencer,Sales,Account Manager,2026-07-07,0.2666666666666666,-0.5028399563021504,0,0.0,0.0,2,0.0
EMP043,Alex Spencer,Sales,Account Manager,2026-07-08,0.2999999999999998,-0.49878654891509844,0,0.0,0.0,2,0.0
EMP043,Alex Spencer,Sales,Account Manager,2026-07-09,0.13333333333333375,-0.06995317443846813,0,0.16666666666666666,0.0,2,1.0
EMP043,Alex Spencer,Sales,Account Manager,2026-07-10,0.16666666666666696,-0.4583856856159843,0,0.0,0.0,2,0.0
EMP043,Alex Spencer,Sales,Account Manager,2026-07-12,5.0,0.22179700702112576,1,0.0,0.0,2,1.0
EMP043,Alex Spencer,Sales,Account Manager,2026-07-13,0.13333333333333375,-0.50725493524016,0,0.0,0.0,2,0.0
EMP043,Alex Spencer,Sales,Account Manager,2026-07-14,4.966666666666667,1.3664183568633834,0,0.0,0.0,2,1.0
EMP043,Alex Spencer,Sales,Account Manager,2026-07-15,0.033333333333333215,-0.4680053918796217,0,0.0,0.0,2,0.0
EMP043,Alex Spencer,Sales,Account Manager,2026-07-16,1.0,-0.493952908181243,0,0.0,0.0,2,0.0
EMP043,Alex Spencer,Sales,Account Manager,2026-07-17,0.0,-0.4496128179848531,0,0.0,0.0,2,0.0
EMP043,Alex Spencer,Sales,Account Manager,2026-07-20,3.8666666666666663,0.5949483626502722,0,0.0,0.0,2,1.0
EMP043,Alex Spencer,Sales,Account Manager,2026-07-21,0.16666666666666696,-0.45798605390176794,0,0.0,0.0,1,0.0
EMP043,Alex Spencer,Sales,Account Manager,2026-07-22,0.20000000000000018,-0.4539992518004187,0,0.0,0.0,1,0.0
EMP043,Alex Spencer,Sales,Account Manager,2026-07-23,0.20000000000000018,-0.4877966767741477,0,0.0,0.0,1,0.0
EMP043,Alex Spencer,Sales,Account Manager,2026-07-24,0.20000000000000018,-0.4733433297766549,0,0.0,0.0,1,0.0
EMP043,Alex Spencer,Sales,Account Manager,2026-07-27,0.20000000000000018,-0.4849992547746329,0,0.0,0.0,1,0.0
EMP043,Alex Spencer,Sales,Account Manager,2026-07-28,1.166666666666667,-0.5132684410350351,0,0.0,0.0,1,0.0
EMP043,Alex Spencer,Sales,Account Manager,2026-07-29,0.16666666666666696,-0.4761978420210577,0,0.0,0.0,1,0.0
EMP044,Adrienne Zimmerman,Sales,Sales Representative,2026-04-01,0.0,-0.41762405309162054,0,0.0,0.0,1,0.0
EMP044,Adrienne Zimmerman,Sales,Sales Representative,2026-04-02,0.5,-0.42486130105038045,0,0.0,0.0,1,0.0
EMP044,Adrienne Zimmerman,Sales,Sales Representative,2026-04-03,0.33333333333333304,-0.45467614873601664,0,0.0,0.0,1,0.0
EMP044,Adrienne Zimmerman,Sales,Sales Representative,2026-04-06,0.25,-0.456399691985789,0,0.0,0.0,1,0.0
EMP044,Adrienne Zimmerman,Sales,Sales Representative,2026-04-07,0.20000000000000018,-0.4318371585636772,0,0.0,0.0,1,0.0
EMP044,Adrienne Zimmerman,Sales,Sales Representative,2026-04-08,0.16666666666666696,-0.4125187709536691,0,0.0,0.0,1,0.0
EMP044,Adrienne Zimmerman,Sales,Sales Representative,2026-04-09,0.14285714285714324,-0.41225738050820604,0,0.0,0.0,1,0.0
EMP044,Adrienne Zimmerman,Sales,Sales Representative,2026-04-10,0.125,0.003982398537536817,0,0.1111111111111111,0.0,1,1.0
EMP044,Adrienne Zimmerman,Sales,Sales Representative,2026-04-13,3.666666666666667,1.0035884726969997,0,0.0,0.0,1,1.0
EMP044,Adrienne Zimmerman,Sales,Sales Representative,2026-04-14,0.2999999999999998,-0.43645233361638536,0,0.0,0.0,1,0.0
EMP044,Adrienne Zimmerman,Sales,Sales Representative,2026-04-15,0.2727272727272725,0.012591946334978116,0,0.1111111111111111,0.0,1,1.0
EMP044,Adrienne Zimmerman,Sales,Sales Representative,2026-04-16,0.25,0.9842945904412541,0,0.0,0.0,2,1.0
EMP044,Adrienne Zimmerman,Sales,Sales Representative,2026-04-17,0.23076923076923084,-0.41666017582397535,0,0.0,0.0,2,0.0
EMP044,Adrienne Zimmerman,Sales,Sales Representative,2026-04-20,0.2142857142857144,-0.13270029908540826,0,0.1,0.0,2,1.0
EMP044,Adrienne Zimmerman,Sales,Sales Representative,2026-04-21,0.20000000000000018,0.47133217812273887,0,0.0,0.0,2,1.0
EMP044,Adrienne Zimmerman,Sales,Sales Representative,2026-04-22,0.1875,-0.4260375580549645,0,0.0,0.0,2,0.0
EMP044,Adrienne Zimmerman,Sales,Sales Representative,2026-04-23,2.647058823529412,0.6181437555073797,0,0.0,1.0,2,1.0
EMP044,Adrienne Zimmerman,Sales,Sales Representative,2026-04-24,0.33333333333333304,-0.4561464699917466,0,0.0,1.0,2,0.0
EMP044,Adrienne Zimmerman,Sales,Sales Representative,2026-04-27,0.3157894736842106,-0.4291252326919975,0,0.0,1.0,2,0.0
EMP044,Adrienne Zimmerman,Sales,Sales Representative,2026-04-28,0.2999999999999998,-0.4337322392932848,0,0.0,1.0,2,0.0
EMP044,Adrienne Zimmerman,Sales,Sales Representative,2026-04-29,0.2857142857142856,-0.4480678715366523,0,0.0,1.0,2,0.0
EMP044,Adrienne Zimmerman,Sales,Sales Representative,2026-04-30,1.2272727272727275,-0.4148876218656786,0,0.0,1.0,1,0.0
EMP044,Adrienne Zimmerman,Sales,Sales Representative,2026-05-01,0.21739130434782616,0.07601180316546555,0,0.2,1.0,1,1.0
EMP044,Adrienne Zimmerman,Sales,Sales Representative,2026-05-02,7.875,-0.476249028938144,1,0.0,0.0,1,0.0
EMP044,Adrienne Zimmerman,Sales,Sales Representative,2026-05-04,0.1200000000000001,-0.4553377933010951,0,0.0,0.0,1,0.0
EMP044,Adrienne Zimmerman,Sales,Sales Representative,2026-05-05,6.846153846153846,3.631215925714928,0,0.0,0.0,1,1.0
EMP044,Adrienne Zimmerman,Sales,Sales Representative,2026-05-06,0.14814814814814792,-0.4201072623235202,0,0.0,0.0,1,0.0
EMP044,Adrienne Zimmerman,Sales,Sales Representative,2026-05-07,1.1071428571428568,-0.44197420677679355,0,0.0,0.0,1,0.0
EMP044,Adrienne Zimmerman,Sales,Sales Representative,2026-05-08,0.1034482758620694,-0.4146589052258984,0,0.0,0.0,1,0.0
EMP044,Adrienne Zimmerman,Sales,Sales Representative,2026-05-11,0.09999999999999964,-0.44453910052290035,0,0.0,0.0,1,0.0
EMP044,Adrienne Zimmerman,Sales,Sales Representative,2026-05-12,0.09999999999999964,-0.4377021066837558,0,0.0,0.0,1,0.0
EMP044,Adrienne Zimmerman,Sales,Sales Representative,2026-05-13,0.13333333333333375,-0.4163906169270915,0,0.0,0.0,1,0.0
EMP044,Adrienne Zimmerman,Sales,Sales Representative,2026-05-14,0.13333333333333375,-0.4449475230939365,0,0.0,0.0,1,0.0
EMP044,Adrienne Zimmerman,Sales,Sales Representative,2026-05-15,0.13333333333333375,0.46592466328222065,0,0.0,0.0,2,1.0
EMP044,Adrienne Zimmerman,Sales,Sales Representative,2026-05-18,0.13333333333333375,-0.4097088236649407,0,0.0,0.0,2,0.0
EMP044,Adrienne Zimmerman,Sales,Sales Representative,2026-05-19,0.13333333333333375,-0.4105420057098544,0,0.0,0.0,2,0.0
EMP044,Adrienne Zimmerman,Sales,Sales Representative,2026-05-20,0.13333333333333375,-0.43025247898805713,0,0.0,0.0,2,0.0
EMP044,Adrienne Zimmerman,Sales,Sales Representative,2026-05-21,0.13333333333333375,-0.4446779641970526,0,0.0,0.0,2,0.0
EMP044,Adrienne Zimmerman,Sales,Sales Representative,2026-05-22,0.0,-0.42146322525936003,0,0.0,0.0,2,0.0
EMP044,Adrienne Zimmerman,Sales,Sales Representative,2026-05-24,4.833333333333333,-0.47224648774199013,1,0.0,0.0,2,0.0
EMP044,Adrienne Zimmerman,Sales,Sales Representative,2026-05-25,0.7999999999999998,-0.4595282088799257,0,0.0,0.0,1,0.0
EMP044,Adrienne Zimmerman,Sales,Sales Representative,2026-05-26,0.20000000000000018,-0.4291905803033632,0,0.0,0.0,1,0.0
EMP044,Adrienne Zimmerman,Sales,Sales Representative,2026-05-27,0.20000000000000018,-0.41482227425431284,0,0.0,0.0,1,0.0
EMP044,Adrienne Zimmerman,Sales,Sales Representative,2026-05-28,4.066666666666666,-0.005893259230116206,0,0.0,1.0,1,1.0
EMP044,Adrienne Zimmerman,Sales,Sales Representative,2026-05-29,6.833333333333333,1.3958946890800268,0,0.0,2.0,1,1.0
EMP044,Adrienne Zimmerman,Sales,Sales Representative,2026-06-01,0.16666666666666696,-0.4377347804894387,0,0.0,2.0,1,0.0
EMP044,Adrienne Zimmerman,Sales,Sales Representative,2026-06-02,0.06666666666666643,1.5969937946067876,0,0.0,2.0,1,1.0
EMP044,Adrienne Zimmerman,Sales,Sales Representative,2026-06-03,0.06666666666666643,0.3901459394521805,0,0.0,2.0,2,1.0
EMP044,Adrienne Zimmerman,Sales,Sales Representative,2026-06-04,0.06666666666666643,-0.4678518608776416,0,0.0,2.0,2,0.0
EMP044,Adrienne Zimmerman,Sales,Sales Representative,2026-06-05,0.06666666666666643,0.6063975223643809,0,0.0,2.0,2,1.0
EMP044,Adrienne Zimmerman,Sales,Sales Representative,2026-06-08,0.06666666666666643,-0.4337322392932848,0,0.0,1.0,2,0.0
EMP044,Adrienne Zimmerman,Sales,Sales Representative,2026-06-09,0.09999999999999964,-0.4526830465893604,0,0.0,0.0,2,0.0
EMP044,Adrienne Zimmerman,Sales,Sales Representative,2026-06-10,0.09999999999999964,-0.4095862968936299,0,0.0,0.0,2,0.0
EMP044,Adrienne Zimmerman,Sales,Sales Representative,2026-06-11,0.36666666666666625,-0.4495708665980652,0,0.0,0.0,2,0.0
EMP044,Adrienne Zimmerman,Sales,Sales Representative,2026-06-12,0.36666666666666625,-0.4397442195389364,0,0.0,0.0,2,0.0
EMP044,Adrienne Zimmerman,Sales,Sales Representative,2026-06-15,0.13333333333333375,-0.4210548026883239,0,0.0,0.0,2,0.0
EMP044,Adrienne Zimmerman,Sales,Sales Representative,2026-06-16,1.0999999999999996,-0.44298709475296316,0,0.0,0.0,1,0.0
EMP044,Adrienne Zimmerman,Sales,Sales Representative,2026-06-17,0.13333333333333375,-0.4425459983762441,0,0.0,0.0,1,0.0
EMP044,Adrienne Zimmerman,Sales,Sales Representative,2026-06-18,0.13333333333333375,2.7586211026962757,0,0.0,0.0,1,1.0
EMP044,Adrienne Zimmerman,Sales,Sales Representative,2026-06-19,0.13333333333333375,-0.4445881112314246,0,0.0,0.0,1,0.0
EMP044,Adrienne Zimmerman,Sales,Sales Representative,2026-06-22,0.13333333333333375,-0.4107707223496346,0,0.0,0.0,1,0.0
EMP044,Adrienne Zimmerman,Sales,Sales Representative,2026-06-23,0.13333333333333375,-0.4527157203950433,0,0.0,0.0,1,0.0
EMP044,Adrienne Zimmerman,Sales,Sales Representative,2026-06-24,1.0999999999999996,-0.4492196231869742,0,0.0,0.0,1,0.0
EMP044,Adrienne Zimmerman,Sales,Sales Representative,2026-06-25,1.0666666666666664,2.4936365386080466,0,0.0,1.0,1,1.0
EMP044,Adrienne Zimmerman,Sales,Sales Representative,2026-06-26,3.8,0.32515773994891445,0,0.0,2.0,1,1.0
EMP044,Adrienne Zimmerman,Sales,Sales Representative,2026-06-29,0.20000000000000018,-0.014600828444606176,0,0.125,2.0,1,1.0
EMP044,Adrienne Zimmerman,Sales,Sales Representative,2026-06-30,3.666666666666667,4.8566715132059395,0,0.0,3.0,1,1.0
EMP044,Adrienne Zimmerman,Sales,Sales Representative,2026-07-01,0.33333333333333304,-0.4340753142529551,0,0.0,3.0,1,0.0
EMP044,Adrienne Zimmerman,Sales,Sales Representative,2026-07-02,3.533333333333333,1.2434958909236118,0,0.1111111111111111,3.0,1,1.0
EMP044,Adrienne Zimmerman,Sales,Sales Representative,2026-07-03,0.6333333333333337,-0.43799617093490184,0,0.0,3.0,1,0.0
EMP044,Adrienne Zimmerman,Sales,Sales Representative,2026-07-06,0.666666666666667,-0.4154757503679706,0,0.0,2.0,1,0.0
EMP044,Adrienne Zimmerman,Sales,Sales Representative,2026-07-07,3.2,3.330363691438308,0,0.125,1.0,1,1.0
EMP044,Adrienne Zimmerman,Sales,Sales Representative,2026-07-08,0.7999999999999998,-0.4522909609211658,0,0.0,1.0,1,0.0
EMP044,Adrienne Zimmerman,Sales,Sales Representative,2026-07-09,0.666666666666667,-0.4548885284729554,0,0.0,0.0,1,0.0
EMP044,Adrienne Zimmerman,Sales,Sales Representative,2026-07-10,0.43333333333333357,-0.4423989662506711,0,0.0,0.0,1,0.0
EMP044,Adrienne Zimmerman,Sales,Sales Representative,2026-07-13,0.43333333333333357,-0.4278264489161026,0,0.0,0.0,1,0.0
EMP044,Adrienne Zimmerman,Sales,Sales Representative,2026-07-14,0.43333333333333357,-0.4419170276168485,0,0.0,0.0,1,0.0
EMP044,Adrienne Zimmerman,Sales,Sales Representative,2026-07-15,0.43333333333333357,-0.44260317753618916,0,0.0,0.0,1,0.0
EMP044,Adrienne Zimmerman,Sales,Sales Representative,2026-07-16,0.43333333333333357,-0.436313469942233,0,0.0,0.0,1,0.0
EMP044,Adrienne Zimmerman,Sales,Sales Representative,2026-07-17,0.43333333333333357,-0.4492196231869742,0,0.0,0.0,1,0.0
EMP044,Adrienne Zimmerman,Sales,Sales Representative,2026-07-20,0.43333333333333357,-0.10174186820087099,0,0.0,0.0,2,1.0
EMP044,Adrienne Zimmerman,Sales,Sales Representative,2026-07-21,3.4333333333333336,1.901431979057105,0,0.0,0.0,2,1.0
EMP044,Adrienne Zimmerman,Sales,Sales Representative,2026-07-22,0.5666666666666664,-0.4261437479234339,0,0.0,0.0,2,0.0
EMP044,Adrienne Zimmerman,Sales,Sales Representative,2026-07-23,0.5666666666666664,-0.4307425860733005,0,0.0,0.0,2,0.0
EMP044,Adrienne Zimmerman,Sales,Sales Representative,2026-07-24,0.5666666666666664,-0.44970973027221745,0,0.0,0.0,2,0.0
EMP044,Adrienne Zimmerman,Sales,Sales Representative,2026-07-27,0.5666666666666664,-0.45622815450595383,0,0.0,0.0,2,0.0
EMP044,Adrienne Zimmerman,Sales,Sales Representative,2026-07-28,0.5999999999999996,-0.4243140148051921,0,0.0,0.0,2,0.0
EMP044,Adrienne Zimmerman,Sales,Sales Representative,2026-07-29,0.5999999999999996,-0.4184082244280099,0,0.0,0.0,1,0.0
EMP045,Austin Johnson,Sales,Account Manager,2026-04-01,0.0,0.7722449415174832,0,0.0,1.0,1,1.0
EMP045,Austin Johnson,Sales,Account Manager,2026-04-02,3.0,-0.5232087411412204,0,0.0,1.0,1,0.0
EMP045,Austin Johnson,Sales,Account Manager,2026-04-03,1.3333333333333335,0.6837338833050086,0,0.0,2.0,1,1.0
EMP045,Austin Johnson,Sales,Account Manager,2026-04-06,3.5,-0.5390015973973866,0,0.0,2.0,1,0.0
EMP045,Austin Johnson,Sales,Account Manager,2026-04-07,2.0,-0.5320168350389756,0,0.0,2.0,1,0.0
EMP045,Austin Johnson,Sales,Account Manager,2026-04-08,3.333333333333333,1.717843378657705,0,0.0,2.0,1,1.0
EMP045,Austin Johnson,Sales,Account Manager,2026-04-09,3.7142857142857144,0.8428312481354812,0,0.0,3.0,1,1.0
EMP045,Austin Johnson,Sales,Account Manager,2026-04-10,2.875,-0.5077524999384716,0,0.0,2.0,1,0.0
EMP045,Austin Johnson,Sales,Account Manager,2026-04-11,7.0,-0.5339991236868781,1,0.0,2.0,1,0.0
EMP045,Austin Johnson,Sales,Account Manager,2026-04-12,4.5,-0.5578894420613628,1,0.0,1.0,1,0.0
EMP045,Austin Johnson,Sales,Account Manager,2026-04-13,1.3636363636363633,-0.5106511295651215,0,0.0,1.0,1,0.0
EMP045,Austin Johnson,Sales,Account Manager,2026-04-14,1.25,-0.5247422097178996,0,0.0,1.0,1,0.0
EMP045,Austin Johnson,Sales,Account Manager,2026-04-15,1.1538461538461542,-0.5056767071090643,0,0.0,1.0,1,0.0
EMP045,Austin Johnson,Sales,Account Manager,2026-04-16,1.0714285714285712,-0.5341206791228343,0,0.0,0.0,1,0.0
EMP045,Austin Johnson,Sales,Account Manager,2026-04-17,1.0,-0.5378327951285762,0,0.0,0.0,1,0.0
EMP045,Austin Johnson,Sales,Account Manager,2026-04-20,0.9375,-0.5025349666105019,0,0.0,0.0,1,0.0
EMP045,Austin Johnson,Sales,Account Manager,2026-04-21,0.882352941176471,-0.49763534749964866,0,0.0,0.0,1,0.0
EMP045,Austin Johnson,Sales,Account Manager,2026-04-22,0.833333333333333,-0.5030585900269289,0,0.0,0.0,1,0.0
EMP045,Austin Johnson,Sales,Account Manager,2026-04-23,0.7894736842105265,-0.5405911684829688,0,0.0,0.0,1,0.0
EMP045,Austin Johnson,Sales,Account Manager,2026-04-24,0.75,-0.27470267795582676,0,0.2,0.0,1,1.0
EMP045,Austin Johnson,Sales,Account Manager,2026-04-27,5.9523809523809526,2.3301274599876503,0,0.0,1.0,1,1.0
EMP045,Austin Johnson,Sales,Account Manager,2026-04-28,1.0,1.829272311757014,0,0.0,1.0,3,1.0
EMP045,Austin Johnson,Sales,Account Manager,2026-04-29,0.9565217391304346,-0.47901866496203654,0,0.0,1.0,3,0.0
EMP045,Austin Johnson,Sales,Account Manager,2026-04-30,0.916666666666667,-0.5154291932400182,0,0.0,1.0,3,0.0
EMP045,Austin Johnson,Sales,Account Manager,2026-05-01,0.8799999999999999,-0.47778440976617276,0,0.0,1.0,3,0.0
EMP045,Austin Johnson,Sales,Account Manager,2026-05-04,0.8461538461538458,-0.5204690686231288,0,0.0,1.0,3,0.0
EMP045,Austin Johnson,Sales,Account Manager,2026-05-05,0.8148148148148149,-0.4759984798994304,0,0.0,1.0,3,0.0
EMP045,Austin Johnson,Sales,Account Manager,2026-05-06,0.7857142857142856,-0.4878641605323936,0,0.0,0.0,3,0.0
EMP045,Austin Johnson,Sales,Account Manager,2026-05-07,0.7586206896551726,-0.527631488926399,0,0.0,0.0,1,0.0
EMP045,Austin Johnson,Sales,Account Manager,2026-05-08,0.7333333333333334,0.10862706454138508,0,0.0,0.0,2,1.0
EMP045,Austin Johnson,Sales,Account Manager,2026-05-11,0.5333333333333332,2.7180763090512,0,0.0,1.0,2,1.0
EMP045,Austin Johnson,Sales,Account Manager,2026-05-12,0.5333333333333332,-0.5094729768781604,0,0.0,1.0,2,0.0
EMP045,Austin Johnson,Sales,Account Manager,2026-05-13,4.466666666666667,1.715580577465288,0,0.0,2.0,2,1.0
EMP045,Austin Johnson,Sales,Account Manager,2026-05-14,0.5666666666666664,-0.5077057478477192,0,0.0,2.0,2,0.0
EMP045,Austin Johnson,Sales,Account Manager,2026-05-15,0.5666666666666664,-0.49458711118259113,0,0.0,2.0,2,0.0
EMP045,Austin Johnson,Sales,Account Manager,2026-05-18,0.36666666666666625,0.1945013048354233,0,0.0,2.0,3,1.0
EMP045,Austin Johnson,Sales,Account Manager,2026-05-19,0.13333333333333375,-0.5199080435340998,0,0.0,2.0,2,0.0
EMP045,Austin Johnson,Sales,Account Manager,2026-05-20,5.666666666666667,0.011018049468490432,0,0.0,2.0,2,1.0
EMP045,Austin Johnson,Sales,Account Manager,2026-05-21,0.5,-0.5172899264519645,0,0.0,2.0,2,0.0
EMP045,Austin Johnson,Sales,Account Manager,2026-05-22,0.5999999999999996,-0.49677510902980426,0,0.0,1.0,2,0.0
EMP045,Austin Johnson,Sales,Account Manager,2026-05-25,0.5999999999999996,-0.46792906903556336,0,0.0,1.0,2,0.0
EMP045,Austin Johnson,Sales,Account Manager,2026-05-26,0.5999999999999996,-0.5381787606001441,0,0.0,1.0,2,0.0
EMP045,Austin Johnson,Sales,Account Manager,2026-05-27,0.5999999999999996,-0.5322599459108882,0,0.0,1.0,1,0.0
EMP045,Austin Johnson,Sales,Account Manager,2026-05-28,0.5999999999999996,-0.5109409925277864,0,0.0,1.0,1,0.0
EMP045,Austin Johnson,Sales,Account Manager,2026-05-29,0.5999999999999996,-0.5235453561946378,0,0.0,0.0,1,0.0
EMP045,Austin Johnson,Sales,Account Manager,2026-06-01,0.5999999999999996,-0.5319233308574708,0,0.0,0.0,1,0.0
EMP045,Austin Johnson,Sales,Account Manager,2026-06-02,0.5999999999999996,-0.5467250427896858,0,0.0,0.0,1,0.0
EMP045,Austin Johnson,Sales,Account Manager,2026-06-03,0.5999999999999996,-0.48792026304129654,0,0.0,0.0,1,0.0
EMP045,Austin Johnson,Sales,Account Manager,2026-06-04,0.5999999999999996,-0.5396841779223719,0,0.0,0.0,1,0.0
EMP045,Austin Johnson,Sales,Account Manager,2026-06-05,0.5999999999999996,-0.3644573417823156,0,0.14285714285714285,0.0,1,1.0
EMP045,Austin Johnson,Sales,Account Manager,2026-06-08,3.5,3.58702001819376,0,0.0,0.0,1,1.0
EMP045,Austin Johnson,Sales,Account Manager,2026-06-09,0.5,-0.5230591344508128,0,0.0,0.0,1,0.0
EMP045,Austin Johnson,Sales,Account Manager,2026-06-10,0.5,-0.5300158455547722,0,0.0,0.0,1,0.0
EMP045,Austin Johnson,Sales,Account Manager,2026-06-11,2.4000000000000004,1.3597130130760453,0,0.0,1.0,1,1.0
EMP045,Austin Johnson,Sales,Account Manager,2026-06-12,0.5999999999999996,-0.463936440485307,0,0.0,1.0,1,0.0
EMP045,Austin Johnson,Sales,Account Manager,2026-06-15,0.5999999999999996,-0.5139424767540915,0,0.0,1.0,1,0.0
EMP045,Austin Johnson,Sales,Account Manager,2026-06-16,6.166666666666667,3.0062748972853957,0,0.0,2.0,1,1.0
EMP045,Austin Johnson,Sales,Account Manager,2026-06-17,0.833333333333333,-0.5116329234709222,0,0.0,2.0,1,0.0
EMP045,Austin Johnson,Sales,Account Manager,2026-06-18,0.833333333333333,0.10354043706752214,0,0.1111111111111111,2.0,1,1.0
EMP045,Austin Johnson,Sales,Account Manager,2026-06-19,0.833333333333333,-0.4948676237271056,0,0.0,2.0,1,0.0
EMP045,Austin Johnson,Sales,Account Manager,2026-06-21,3.7333333333333334,-0.5411708944082988,1,0.0,1.0,1,0.0
EMP045,Austin Johnson,Sales,Account Manager,2026-06-22,0.7333333333333334,2.5263179336210895,0,0.0,2.0,1,1.0
EMP045,Austin Johnson,Sales,Account Manager,2026-06-23,0.5666666666666664,1.1370141039859858,0,0.0,2.0,2,1.0
EMP045,Austin Johnson,Sales,Account Manager,2026-06-24,0.5666666666666664,-0.49798131297121656,0,0.0,1.0,2,0.0
EMP045,Austin Johnson,Sales,Account Manager,2026-06-25,0.5666666666666664,-0.5127830249034316,0,0.0,1.0,2,0.0
EMP045,Austin Johnson,Sales,Account Manager,2026-06-26,0.5666666666666664,-0.5247796113905016,0,0.0,1.0,2,0.0
EMP045,Austin Johnson,Sales,Account Manager,2026-06-29,0.5666666666666664,-0.5109035908551844,0,0.0,1.0,2,0.0
EMP045,Austin Johnson,Sales,Account Manager,2026-06-30,1.333333333333333,-0.5385714781624643,0,0.0,1.0,2,0.0
EMP045,Austin Johnson,Sales,Account Manager,2026-07-01,0.33333333333333304,-0.5416851674065754,0,0.0,0.0,2,0.0
EMP045,Austin Johnson,Sales,Account Manager,2026-07-02,0.33333333333333304,0.00981184552707802,0,0.0,0.0,2,1.0
EMP045,Austin Johnson,Sales,Account Manager,2026-07-03,0.33333333333333304,-0.5231058865415651,0,0.0,0.0,2,0.0
EMP045,Austin Johnson,Sales,Account Manager,2026-07-06,0.33333333333333304,-0.5213854096018762,0,0.0,0.0,2,0.0
EMP045,Austin Johnson,Sales,Account Manager,2026-07-07,0.33333333333333304,-0.5128204265760334,0,0.0,0.0,2,0.0
EMP045,Austin Johnson,Sales,Account Manager,2026-07-08,0.33333333333333304,-0.4689576150321165,0,0.0,0.0,2,0.0
EMP045,Austin Johnson,Sales,Account Manager,2026-07-09,0.33333333333333304,-0.4836564723646761,0,0.0,0.0,2,0.0
EMP045,Austin Johnson,Sales,Account Manager,2026-07-10,0.33333333333333304,-0.5303711614444906,0,0.0,0.0,2,0.0
EMP045,Austin Johnson,Sales,Account Manager,2026-07-13,0.33333333333333304,-0.5083415762819521,0,0.0,0.0,1,0.0
EMP045,Austin Johnson,Sales,Account Manager,2026-07-14,0.33333333333333304,2.008473075611026,0,0.0,0.0,1,1.0
EMP045,Austin Johnson,Sales,Account Manager,2026-07-15,0.33333333333333304,-0.5269021563106613,0,0.0,0.0,1,0.0
EMP045,Austin Johnson,Sales,Account Manager,2026-07-16,1.2999999999999998,-0.5176358919235323,0,0.0,0.0,1,0.0
EMP045,Austin Johnson,Sales,Account Manager,2026-07-17,0.16666666666666696,1.0907762862318462,0,0.0,0.0,2,1.0
EMP045,Austin Johnson,Sales,Account Manager,2026-07-20,0.16666666666666696,-0.4674054456191363,0,0.0,0.0,2,0.0
EMP045,Austin Johnson,Sales,Account Manager,2026-07-21,0.16666666666666696,0.7473354275645959,0,0.0,0.0,3,1.0
EMP045,Austin Johnson,Sales,Account Manager,2026-07-22,0.06666666666666643,-0.5196555822440367,0,0.0,0.0,3,0.0
EMP045,Austin Johnson,Sales,Account Manager,2026-07-23,0.06666666666666643,-0.5178509515409935,0,0.0,0.0,3,0.0
EMP045,Austin Johnson,Sales,Account Manager,2026-07-24,6.7,1.7498779112412604,0,0.0,1.0,3,1.0
EMP045,Austin Johnson,Sales,Account Manager,2026-07-27,0.06666666666666643,0.14988110942131724,0,0.1,1.0,3,1.0
EMP045,Austin Johnson,Sales,Account Manager,2026-07-28,0.06666666666666643,-0.5283047190332337,0,0.0,1.0,2,0.0
EMP045,Austin Johnson,Sales,Account Manager,2026-07-29,5.733333333333333,2.630743403525687,0,0.0,2.0,2,1.0
EMP046,Jose Ramirez,Sales,Sales Representative,2026-04-01,0.0,1.1363139723342417,0,0.0,0.0,2,1.0
EMP046,Jose Ramirez,Sales,Sales Representative,2026-04-02,3.0,2.1616505997580324,0,0.0,0.0,2,1.0
EMP046,Jose Ramirez,Sales,Sales Representative,2026-04-03,2.0,-0.47448858392860815,0,0.0,0.0,2,0.0
EMP046,Jose Ramirez,Sales,Sales Representative,2026-04-06,1.5,-0.49285294993420103,0,0.0,0.0,2,0.0
EMP046,Jose Ramirez,Sales,Sales Representative,2026-04-07,1.2000000000000002,-0.5029563505504371,0,0.0,0.0,2,0.0
EMP046,Jose Ramirez,Sales,Sales Representative,2026-04-08,1.0,-0.49005930396228164,0,0.0,0.0,2,0.0
EMP046,Jose Ramirez,Sales,Sales Representative,2026-04-09,1.7142857142857144,0.15307913221118685,0,0.0,0.0,3,1.0
EMP046,Jose Ramirez,Sales,Sales Representative,2026-04-10,0.625,-0.5071810973730024,0,0.0,0.0,2,0.0
EMP046,Jose Ramirez,Sales,Sales Representative,2026-04-13,1.4444444444444446,-0.48428348376266916,0,0.0,0.0,2,0.0
EMP046,Jose Ramirez,Sales,Sales Representative,2026-04-14,0.40000000000000036,0.7764735183254458,0,0.0,0.0,3,1.0
EMP046,Jose Ramirez,Sales,Sales Representative,2026-04-15,0.3636363636363633,-0.4257540298111063,0,0.0,0.0,3,0.0
EMP046,Jose Ramirez,Sales,Sales Representative,2026-04-16,0.33333333333333304,-0.49089911164709177,0,0.0,0.0,3,0.0
EMP046,Jose Ramirez,Sales,Sales Representative,2026-04-17,0.3076923076923075,-0.35079690920871687,0,0.1,0.0,3,1.0
EMP046,Jose Ramirez,Sales,Sales Representative,2026-04-20,0.2857142857142856,-0.4984659502765544,0,0.0,0.0,2,0.0
EMP046,Jose Ramirez,Sales,Sales Representative,2026-04-21,0.2666666666666666,-0.4768366176596079,0,0.0,0.0,2,0.0
EMP046,Jose Ramirez,Sales,Sales Representative,2026-04-22,6.3125,1.2854141142527253,0,0.0,0.0,2,1.0
EMP046,Jose Ramirez,Sales,Sales Representative,2026-04-23,0.6470588235294121,-0.4304586667392773,0,0.0,0.0,1,0.0
EMP046,Jose Ramirez,Sales,Sales Representative,2026-04-24,0.6111111111111107,-0.4828352439796802,0,0.0,0.0,1,0.0
EMP046,Jose Ramirez,Sales,Sales Representative,2026-04-27,0.5789473684210522,-0.49233021249773756,0,0.0,0.0,1,0.0
EMP046,Jose Ramirez,Sales,Sales Representative,2026-04-28,0.5499999999999998,-0.5014481245042475,0,0.0,0.0,1,0.0
EMP046,Jose Ramirez,Sales,Sales Representative,2026-04-29,0.5238095238095237,-0.4909505284441209,0,0.0,0.0,1,0.0
EMP046,Jose Ramirez,Sales,Sales Representative,2026-04-30,0.5,-0.48340082874700135,0,0.0,0.0,1,0.0
EMP046,Jose Ramirez,Sales,Sales Representative,2026-05-01,2.391304347826087,1.8999219639471054,0,0.0,1.0,1,1.0
EMP046,Jose Ramirez,Sales,Sales Representative,2026-05-04,0.583333333333333,-0.31287702139968826,0,0.1,1.0,1,1.0
EMP046,Jose Ramirez,Sales,Sales Representative,2026-05-05,0.5599999999999996,-0.4841806501686107,0,0.0,1.0,1,0.0
EMP046,Jose Ramirez,Sales,Sales Representative,2026-05-06,0.5384615384615383,-0.5041903536791378,0,0.0,1.0,1,0.0
EMP046,Jose Ramirez,Sales,Sales Representative,2026-05-07,0.5185185185185182,-0.47560261453090735,0,0.0,1.0,1,0.0
EMP046,Jose Ramirez,Sales,Sales Representative,2026-05-08,1.4642857142857144,-0.4674102048709228,0,0.0,1.0,1,0.0
EMP046,Jose Ramirez,Sales,Sales Representative,2026-05-11,0.4482758620689653,-0.4922787957007084,0,0.0,1.0,1,0.0
EMP046,Jose Ramirez,Sales,Sales Representative,2026-05-12,0.43333333333333357,0.1955236981587843,0,0.125,0.0,1,1.0
EMP046,Jose Ramirez,Sales,Sales Representative,2026-05-13,1.4000000000000004,-0.485054735718107,0,0.0,0.0,1,0.0
EMP046,Jose Ramirez,Sales,Sales Representative,2026-05-14,0.20000000000000018,-0.49495246914622637,0,0.0,0.0,1,0.0
EMP046,Jose Ramirez,Sales,Sales Representative,2026-05-15,0.20000000000000018,-0.4924073376932814,0,0.0,0.0,1,0.0
EMP046,Jose Ramirez,Sales,Sales Representative,2026-05-18,4.633333333333334,2.065895384757335,0,0.0,1.0,1,1.0
EMP046,Jose Ramirez,Sales,Sales Representative,2026-05-19,5.433333333333334,2.9176146275458903,0,0.0,1.0,1,1.0
EMP046,Jose Ramirez,Sales,Sales Representative,2026-05-20,0.5666666666666664,-0.4763138802231445,0,0.0,1.0,1,0.0
EMP046,Jose Ramirez,Sales,Sales Representative,2026-05-21,0.5999999999999996,-0.5112858716691662,0,0.0,1.0,1,0.0
EMP046,Jose Ramirez,Sales,Sales Representative,2026-05-22,0.5999999999999996,-0.48921092681129996,0,0.0,1.0,1,0.0
EMP046,Jose Ramirez,Sales,Sales Representative,2026-05-25,3.2333333333333334,1.2664070382842676,0,0.0,1.0,1,1.0
EMP046,Jose Ramirez,Sales,Sales Representative,2026-05-26,0.7666666666666666,-0.4681728873601892,0,0.0,1.0,1,0.0
EMP046,Jose Ramirez,Sales,Sales Representative,2026-05-27,0.7666666666666666,-0.4985345060059267,0,0.0,0.0,1,0.0
EMP046,Jose Ramirez,Sales,Sales Representative,2026-05-28,0.7666666666666666,-0.47552548933536354,0,0.0,0.0,1,0.0
EMP046,Jose Ramirez,Sales,Sales Representative,2026-05-29,0.7666666666666666,-0.502536446708032,0,0.0,0.0,1,0.0
EMP046,Jose Ramirez,Sales,Sales Representative,2026-06-01,6.0,0.5938581942101012,0,0.0,1.0,1,1.0
EMP046,Jose Ramirez,Sales,Sales Representative,2026-06-02,1.0,-0.5001541351123462,0,0.0,1.0,1,0.0
EMP046,Jose Ramirez,Sales,Sales Representative,2026-06-03,0.7666666666666666,-0.4595862822563142,0,0.0,1.0,1,0.0
EMP046,Jose Ramirez,Sales,Sales Representative,2026-06-04,0.7666666666666666,3.599067146972277,0,0.0,1.0,1,1.0
EMP046,Jose Ramirez,Sales,Sales Representative,2026-06-05,0.7666666666666666,-0.49368418815283965,0,0.0,1.0,1,0.0
EMP046,Jose Ramirez,Sales,Sales Representative,2026-06-08,0.7666666666666666,-0.4809671003542863,0,0.0,1.0,1,0.0
EMP046,Jose Ramirez,Sales,Sales Representative,2026-06-09,0.7666666666666666,-0.47401726328917393,0,0.0,1.0,1,0.0
EMP046,Jose Ramirez,Sales,Sales Representative,2026-06-10,0.7666666666666666,-0.48759129770488047,0,0.0,0.0,1,0.0
EMP046,Jose Ramirez,Sales,Sales Representative,2026-06-11,0.7666666666666666,-0.4985087976074121,0,0.0,0.0,1,0.0
EMP046,Jose Ramirez,Sales,Sales Representative,2026-06-12,0.666666666666667,-0.4765195474112612,0,0.0,0.0,1,0.0
EMP046,Jose Ramirez,Sales,Sales Representative,2026-06-15,0.666666666666667,-0.47944173537575363,0,0.0,0.0,1,0.0
EMP046,Jose Ramirez,Sales,Sales Representative,2026-06-16,6.1,1.8591655828353002,0,0.0,1.0,2,1.0
EMP046,Jose Ramirez,Sales,Sales Representative,2026-06-17,0.9000000000000004,-0.47902183153334854,0,0.0,1.0,2,0.0
EMP046,Jose Ramirez,Sales,Sales Representative,2026-06-18,0.9000000000000004,0.03985077568673597,0,0.1111111111111111,1.0,2,1.0
EMP046,Jose Ramirez,Sales,Sales Representative,2026-06-19,0.9333333333333336,-0.5003083855034337,0,0.0,1.0,2,0.0
EMP046,Jose Ramirez,Sales,Sales Representative,2026-06-22,0.9333333333333336,-0.42056093331115796,0,0.0,2.0,2,0.0
EMP046,Jose Ramirez,Sales,Sales Representative,2026-06-23,0.9333333333333336,-0.4282220360685075,0,0.0,2.0,2,0.0
EMP046,Jose Ramirez,Sales,Sales Representative,2026-06-24,0.9666666666666668,-0.4916189468055004,0,0.0,2.0,2,0.0
EMP046,Jose Ramirez,Sales,Sales Representative,2026-06-25,5.8,0.8292785688744256,0,0.0,2.0,1,1.0
EMP046,Jose Ramirez,Sales,Sales Representative,2026-06-26,1.2000000000000002,-0.42265188305701173,0,0.0,2.0,1,0.0
EMP046,Jose Ramirez,Sales,Sales Representative,2026-06-29,1.0333333333333332,-0.4600918807604346,0,0.0,2.0,1,0.0
EMP046,Jose Ramirez,Sales,Sales Representative,2026-06-30,0.833333333333333,-0.46936404315803215,0,0.0,2.0,1,0.0
EMP046,Jose Ramirez,Sales,Sales Representative,2026-07-01,4.966666666666667,2.846488058322175,0,0.0,2.0,1,1.0
EMP046,Jose Ramirez,Sales,Sales Representative,2026-07-02,2.0,-0.48956227492433274,0,0.0,2.0,1,0.0
EMP046,Jose Ramirez,Sales,Sales Representative,2026-07-03,1.9666666666666668,-0.5098890486832064,0,0.0,2.0,1,0.0
EMP046,Jose Ramirez,Sales,Sales Representative,2026-07-06,4.0,-0.04796054417295135,0,0.0,2.0,1,1.0
EMP046,Jose Ramirez,Sales,Sales Representative,2026-07-07,1.9666666666666668,2.071045633926426,0,0.0,2.0,1,1.0
EMP046,Jose Ramirez,Sales,Sales Representative,2026-07-08,0.9666666666666668,-0.5001798435108608,0,0.0,2.0,1,0.0
EMP046,Jose Ramirez,Sales,Sales Representative,2026-07-09,0.9666666666666668,-0.4710093806629662,0,0.0,2.0,1,0.0
EMP046,Jose Ramirez,Sales,Sales Representative,2026-07-10,4.833333333333333,3.529311692336008,0,0.0,1.0,1,1.0
EMP046,Jose Ramirez,Sales,Sales Representative,2026-07-13,0.9333333333333336,-0.48016157053416225,0,0.0,1.0,1,0.0
EMP046,Jose Ramirez,Sales,Sales Representative,2026-07-14,0.9333333333333336,-0.47570544812496574,0,0.0,1.0,1,0.0
EMP046,Jose Ramirez,Sales,Sales Representative,2026-07-15,0.9333333333333336,-0.44866021288761104,0,0.0,0.0,1,0.0
EMP046,Jose Ramirez,Sales,Sales Representative,2026-07-16,0.9333333333333336,-0.5117143449777427,0,0.0,0.0,1,0.0
EMP046,Jose Ramirez,Sales,Sales Representative,2026-07-17,0.9333333333333336,-0.48091568355725706,0,0.0,0.0,1,0.0
EMP046,Jose Ramirez,Sales,Sales Representative,2026-07-20,4.866666666666666,1.6486823547301335,0,0.0,0.0,1,1.0
EMP046,Jose Ramirez,Sales,Sales Representative,2026-07-21,1.1333333333333337,-0.3063470881769809,0,0.14285714285714285,0.0,1,1.0
EMP046,Jose Ramirez,Sales,Sales Representative,2026-07-22,1.1333333333333337,-0.1001657320899236,0,0.125,0.0,1,1.0
EMP046,Jose Ramirez,Sales,Sales Representative,2026-07-23,1.1333333333333337,-0.4766566588700058,0,0.0,0.0,1,0.0
EMP046,Jose Ramirez,Sales,Sales Representative,2026-07-24,1.1333333333333337,-0.41638760328562197,0,0.0,1.0,1,0.0
EMP046,Jose Ramirez,Sales,Sales Representative,2026-07-26,10.8,-0.5189898217573733,1,0.0,1.0,1,0.0
EMP046,Jose Ramirez,Sales,Sales Representative,2026-07-27,0.5666666666666664,-0.4849947494549062,0,0.0,1.0,1,0.0
EMP046,Jose Ramirez,Sales,Sales Representative,2026-07-28,0.5666666666666664,-0.4911819040307523,0,0.0,1.0,1,0.0
EMP046,Jose Ramirez,Sales,Sales Representative,2026-07-29,0.5666666666666664,0.06428232374177338,0,0.125,1.0,1,1.0
EMP047,Sonya Johnston,Sales,Sales Representative,2026-04-01,0.0,-0.3356322066091366,0,0.0,0.0,1,0.0
EMP047,Sonya Johnston,Sales,Sales Representative,2026-04-02,0.0,-0.41752362098898865,0,0.0,0.0,1,0.0
EMP047,Sonya Johnston,Sales,Sales Representative,2026-04-03,0.0,-0.4083947420089396,0,0.0,0.0,1,0.0
EMP047,Sonya Johnston,Sales,Sales Representative,2026-04-04,5.25,-0.47072252937673464,1,0.0,0.0,1,0.0
EMP047,Sonya Johnston,Sales,Sales Representative,2026-04-06,0.5999999999999996,-0.44148082611978595,0,0.0,0.0,1,0.0
EMP047,Sonya Johnston,Sales,Sales Representative,2026-04-07,1.333333333333334,-0.4126784806747113,0,0.0,0.0,1,0.0
EMP047,Sonya Johnston,Sales,Sales Representative,2026-04-08,1.1428571428571423,-0.43866161349359434,0,0.0,0.0,1,0.0
EMP047,Sonya Johnston,Sales,Sales Representative,2026-04-09,1.0,-0.38994171391023075,0,0.0,0.0,1,0.0
EMP047,Sonya Johnston,Sales,Sales Representative,2026-04-10,0.8888888888888893,-0.3866709390885019,0,0.0,0.0,1,0.0
EMP047,Sonya Johnston,Sales,Sales Representative,2026-04-13,0.7999999999999998,-0.4302283843823458,0,0.0,0.0,1,0.0
EMP047,Sonya Johnston,Sales,Sales Representative,2026-04-14,0.18181818181818166,-0.4573831380328928,0,0.0,0.0,1,0.0
EMP047,Sonya Johnston,Sales,Sales Representative,2026-04-15,0.75,-0.4318637717932101,0,0.0,0.0,1,0.0
EMP047,Sonya Johnston,Sales,Sales Representative,2026-04-16,0.6923076923076925,0.05127116428059079,0,0.0,0.0,2,1.0
EMP047,Sonya Johnston,Sales,Sales Representative,2026-04-17,0.2857142857142856,4.115208880278646,0,0.0,0.0,2,1.0
EMP047,Sonya Johnston,Sales,Sales Representative,2026-04-20,0.666666666666667,-0.43563492634512885,0,0.0,0.0,2,0.0
EMP047,Sonya Johnston,Sales,Sales Representative,2026-04-21,0.625,-0.4121536921771951,0,0.0,0.0,2,0.0
EMP047,Sonya Johnston,Sales,Sales Representative,2026-04-22,0.5882352941176467,-0.03199934545319915,0,0.1,0.0,2,1.0
EMP047,Sonya Johnston,Sales,Sales Representative,2026-04-23,0.5555555555555554,-0.38264349247965673,0,0.0,0.0,2,0.0
EMP047,Sonya Johnston,Sales,Sales Representative,2026-04-24,6.2105263157894735,2.190211445087279,0,0.08333333333333333,0.0,2,1.0
EMP047,Sonya Johnston,Sales,Sales Representative,2026-04-26,9.3,-0.47770343683206623,1,0.0,0.0,1,0.0
EMP047,Sonya Johnston,Sales,Sales Representative,2026-04-27,0.666666666666667,0.3251131249147371,0,0.0,0.0,2,1.0
EMP047,Sonya Johnston,Sales,Sales Representative,2026-04-28,0.6363636363636367,-0.4302772019169985,0,0.0,0.0,2,0.0
EMP047,Sonya Johnston,Sales,Sales Representative,2026-04-29,0.6086956521739131,-0.42484625118688896,0,0.0,0.0,2,0.0
EMP047,Sonya Johnston,Sales,Sales Representative,2026-04-30,0.583333333333333,-0.4027563167565563,0,0.0,0.0,2,0.0
EMP047,Sonya Johnston,Sales,Sales Representative,2026-05-01,0.5599999999999996,-0.416376408924651,0,0.0,0.0,2,0.0
EMP047,Sonya Johnston,Sales,Sales Representative,2026-05-04,0.5384615384615383,-0.3873421801899761,0,0.0,0.0,2,0.0
EMP047,Sonya Johnston,Sales,Sales Representative,2026-05-05,0.44444444444444464,-0.42236876130326606,0,0.0,0.0,2,0.0
EMP047,Sonya Johnston,Sales,Sales Representative,2026-05-06,6.321428571428571,3.3911960238449126,0,0.0,1.0,1,1.0
EMP047,Sonya Johnston,Sales,Sales Representative,2026-05-07,0.3103448275862073,-0.4325228085110212,0,0.0,1.0,1,0.0
EMP047,Sonya Johnston,Sales,Sales Representative,2026-05-08,0.2999999999999998,-0.2461740743581208,0,0.16666666666666666,1.0,1,1.0
EMP047,Sonya Johnston,Sales,Sales Representative,2026-05-11,0.2999999999999998,-0.43125355261005177,0,0.0,1.0,1,0.0
EMP047,Sonya Johnston,Sales,Sales Representative,2026-05-12,0.2999999999999998,-0.39349318955621243,0,0.0,1.0,1,0.0
EMP047,Sonya Johnston,Sales,Sales Representative,2026-05-13,0.2999999999999998,-0.3922117292715798,0,0.0,1.0,1,0.0
EMP047,Sonya Johnston,Sales,Sales Representative,2026-05-14,0.06666666666666643,0.482024885672078,0,0.1111111111111111,1.0,1,1.0
EMP047,Sonya Johnston,Sales,Sales Representative,2026-05-15,0.033333333333333215,-0.41892712511025293,0,0.0,0.0,1,0.0
EMP047,Sonya Johnston,Sales,Sales Representative,2026-05-18,0.033333333333333215,-0.39213850296960084,0,0.0,0.0,1,0.0
EMP047,Sonya Johnston,Sales,Sales Representative,2026-05-19,0.033333333333333215,-0.41016437764009883,0,0.0,0.0,1,0.0
EMP047,Sonya Johnston,Sales,Sales Representative,2026-05-20,0.033333333333333215,0.529902682782683,0,0.2,0.0,1,1.0
EMP047,Sonya Johnston,Sales,Sales Representative,2026-05-21,0.033333333333333215,-0.13422326301588783,0,0.14285714285714285,0.0,1,1.0
EMP047,Sonya Johnston,Sales,Sales Representative,2026-05-22,0.033333333333333215,-0.39136962679882137,0,0.0,0.0,1,0.0
EMP047,Sonya Johnston,Sales,Sales Representative,2026-05-25,0.0,-0.44121232967919627,0,0.0,0.0,1,0.0
EMP047,Sonya Johnston,Sales,Sales Representative,2026-05-26,0.0,0.23350702113900382,0,0.16666666666666666,0.0,1,1.0
EMP047,Sonya Johnston,Sales,Sales Representative,2026-05-27,0.0,-0.3862559900439542,0,0.0,0.0,1,0.0
EMP047,Sonya Johnston,Sales,Sales Representative,2026-05-28,0.033333333333333215,-0.4269942227116065,0,0.0,0.0,1,0.0
EMP047,Sonya Johnston,Sales,Sales Representative,2026-05-29,1.0,-0.4458377910875367,0,0.0,0.0,1,0.0
EMP047,Sonya Johnston,Sales,Sales Representative,2026-06-01,0.0,-0.2648833945137562,0,0.1,0.0,1,1.0
EMP047,Sonya Johnston,Sales,Sales Representative,2026-06-02,4.833333333333333,1.9122688115423085,0,0.0,0.0,1,1.0
EMP047,Sonya Johnston,Sales,Sales Representative,2026-06-03,3.7,1.0830419635484112,0,0.0,0.0,1,1.0
EMP047,Sonya Johnston,Sales,Sales Representative,2026-06-04,0.09999999999999964,-0.34434613654463797,0,0.0,0.0,1,0.0
EMP047,Sonya Johnston,Sales,Sales Representative,2026-06-05,1.4000000000000004,-0.3793971264252543,0,0.0,0.0,1,0.0
EMP047,Sonya Johnston,Sales,Sales Representative,2026-06-08,0.40000000000000036,0.4334392343090094,0,0.125,0.0,1,1.0
EMP047,Sonya Johnston,Sales,Sales Representative,2026-06-09,0.40000000000000036,0.034221640303146214,0,0.3333333333333333,0.0,1,1.0
EMP047,Sonya Johnston,Sales,Sales Representative,2026-06-10,0.40000000000000036,-0.3422591869382364,0,0.0,0.0,1,0.0
EMP047,Sonya Johnston,Sales,Sales Representative,2026-06-11,0.40000000000000036,0.11592998892805077,0,0.25,0.0,1,1.0
EMP047,Sonya Johnston,Sales,Sales Representative,2026-06-12,0.40000000000000036,-0.4132764954742065,0,0.0,0.0,1,0.0
EMP047,Sonya Johnston,Sales,Sales Representative,2026-06-13,9.1,-0.4742862094063795,1,0.0,0.0,1,0.0
EMP047,Sonya Johnston,Sales,Sales Representative,2026-06-15,0.13333333333333375,-0.407040055422328,0,0.0,0.0,1,0.0
EMP047,Sonya Johnston,Sales,Sales Representative,2026-06-16,0.9000000000000004,-0.43413378715455925,0,0.0,0.0,1,0.0
EMP047,Sonya Johnston,Sales,Sales Representative,2026-06-17,0.09999999999999964,-0.42583480626360554,0,0.0,0.0,1,0.0
EMP047,Sonya Johnston,Sales,Sales Representative,2026-06-18,0.09999999999999964,1.9771473150957053,0,0.0,0.0,2,1.0
EMP047,Sonya Johnston,Sales,Sales Representative,2026-06-19,3.966666666666667,3.477773921551422,0,0.0,0.0,2,1.0
EMP047,Sonya Johnston,Sales,Sales Representative,2026-06-22,0.033333333333333215,-0.4563945829561763,0,0.0,0.0,2,0.0
EMP047,Sonya Johnston,Sales,Sales Representative,2026-06-23,0.033333333333333215,-0.4071498948752965,0,0.0,0.0,2,0.0
EMP047,Sonya Johnston,Sales,Sales Representative,2026-06-24,0.033333333333333215,-0.3392569085570972,0,0.0,0.0,2,0.0
EMP047,Sonya Johnston,Sales,Sales Representative,2026-06-25,0.033333333333333215,-0.37333154774466015,0,0.0,0.0,2,0.0
EMP047,Sonya Johnston,Sales,Sales Representative,2026-06-26,0.033333333333333215,-0.3631530917695787,0,0.0,0.0,2,0.0
EMP047,Sonya Johnston,Sales,Sales Representative,2026-06-29,0.033333333333333215,-0.4136304226004383,0,0.0,0.0,1,0.0
EMP047,Sonya Johnston,Sales,Sales Representative,2026-06-30,2.8666666666666663,0.8377582606860764,0,0.0,1.0,1,1.0
EMP047,Sonya Johnston,Sales,Sales Representative,2026-07-01,0.13333333333333375,-0.43460975811742275,0,0.0,1.0,1,0.0
EMP047,Sonya Johnston,Sales,Sales Representative,2026-07-02,0.13333333333333375,-0.4370506348500562,0,0.0,1.0,1,0.0
EMP047,Sonya Johnston,Sales,Sales Representative,2026-07-03,0.13333333333333375,1.2105411596775193,0,0.0,1.0,2,1.0
EMP047,Sonya Johnston,Sales,Sales Representative,2026-07-06,0.13333333333333375,-0.3814718716479927,0,0.0,1.0,2,0.0
EMP047,Sonya Johnston,Sales,Sales Representative,2026-07-07,0.13333333333333375,-0.35337738045538175,0,0.0,1.0,2,0.0
EMP047,Sonya Johnston,Sales,Sales Representative,2026-07-08,0.13333333333333375,-0.4525135889512891,0,0.0,1.0,2,0.0
EMP047,Sonya Johnston,Sales,Sales Representative,2026-07-09,0.16666666666666696,-0.4490963615256023,0,0.0,0.0,2,0.0
EMP047,Sonya Johnston,Sales,Sales Representative,2026-07-10,0.16666666666666696,-0.4413587822831543,0,0.0,0.0,2,0.0
EMP047,Sonya Johnston,Sales,Sales Representative,2026-07-13,0.0,-0.4042452515634627,0,0.0,0.0,2,0.0
EMP047,Sonya Johnston,Sales,Sales Representative,2026-07-14,0.13333333333333375,-0.4143138680855757,0,0.0,0.0,1,0.0
EMP047,Sonya Johnston,Sales,Sales Representative,2026-07-15,4.0,4.4254931305310095,0,0.0,1.0,1,1.0
EMP047,Sonya Johnston,Sales,Sales Representative,2026-07-16,0.033333333333333215,-0.3905153199423996,0,0.0,1.0,1,0.0
EMP047,Sonya Johnston,Sales,Sales Representative,2026-07-17,0.033333333333333215,0.3246737671028629,0,0.16666666666666666,1.0,1,1.0
EMP047,Sonya Johnston,Sales,Sales Representative,2026-07-20,0.033333333333333215,-0.4086510340658661,0,0.0,1.0,1,0.0
EMP047,Sonya Johnston,Sales,Sales Representative,2026-07-21,0.033333333333333215,-0.40196303181845044,0,0.0,1.0,1,0.0
EMP047,Sonya Johnston,Sales,Sales Representative,2026-07-22,0.033333333333333215,-0.392809744071075,0,0.0,1.0,1,0.0
EMP047,Sonya Johnston,Sales,Sales Representative,2026-07-23,1.0,-0.2226806358065239,0,0.14285714285714285,1.0,1,1.0
EMP047,Sonya Johnston,Sales,Sales Representative,2026-07-24,0.2999999999999998,0.16713958277870045,0,0.09090909090909091,0.0,1,1.0
EMP047,Sonya Johnston,Sales,Sales Representative,2026-07-27,0.2999999999999998,-0.42004992840726435,0,0.0,0.0,1,0.0
EMP047,Sonya Johnston,Sales,Sales Representative,2026-07-28,0.33333333333333304,-0.4447882140925043,0,0.0,0.0,1,0.0
EMP047,Sonya Johnston,Sales,Sales Representative,2026-07-29,0.33333333333333304,-0.4419323883153231,0,0.0,0.0,1,0.0
EMP048,John Russell,Sales,Account Manager,2026-04-01,0.0,-0.4308055086737383,0,0.0,0.0,1,0.0
EMP048,John Russell,Sales,Account Manager,2026-04-02,0.0,-0.44582052102623654,0,0.0,0.0,1,0.0
EMP048,John Russell,Sales,Account Manager,2026-04-03,0.0,-0.4786732587871909,0,0.0,0.0,1,0.0
EMP048,John Russell,Sales,Account Manager,2026-04-06,5.25,1.1233985109886149,0,0.0,0.0,1,1.0
EMP048,John Russell,Sales,Account Manager,2026-04-07,1.4000000000000004,-0.42670802197960594,0,0.0,0.0,1,0.0
EMP048,John Russell,Sales,Account Manager,2026-04-08,1.166666666666667,-0.443407556639692,0,0.0,0.0,1,0.0
EMP048,John Russell,Sales,Account Manager,2026-04-09,1.0,-0.47361969186442765,0,0.0,0.0,1,0.0
EMP048,John Russell,Sales,Account Manager,2026-04-10,0.875,-0.48056720819247867,0,0.0,0.0,1,0.0
EMP048,John Russell,Sales,Account Manager,2026-04-13,0.7777777777777777,-0.4693127780725952,0,0.0,0.0,1,0.0
EMP048,John Russell,Sales,Account Manager,2026-04-14,0.7000000000000002,1.0815768301305044,0,0.0,0.0,2,1.0
EMP048,John Russell,Sales,Account Manager,2026-04-15,0.6363636363636367,-0.4490347716996337,0,0.0,0.0,2,0.0
EMP048,John Russell,Sales,Account Manager,2026-04-16,1.5,0.9951198608843123,0,0.0,0.0,3,1.0
EMP048,John Russell,Sales,Account Manager,2026-04-17,1.384615384615385,-0.4471408222943458,0,0.0,0.0,3,0.0
EMP048,John Russell,Sales,Account Manager,2026-04-20,0.35714285714285676,-0.4715800540433484,0,0.0,0.0,3,0.0
EMP048,John Russell,Sales,Account Manager,2026-04-21,0.33333333333333304,-0.4312334683951255,0,0.0,0.0,3,0.0
EMP048,John Russell,Sales,Account Manager,2026-04-22,0.3125,-0.480257620308922,0,0.0,0.0,3,0.0
EMP048,John Russell,Sales,Account Manager,2026-04-23,2.5294117647058822,1.2202813074898773,0,0.0,1.0,2,1.0
EMP048,John Russell,Sales,Account Manager,2026-04-24,0.44444444444444464,-0.42675354960954076,0,0.0,1.0,2,0.0
EMP048,John Russell,Sales,Account Manager,2026-04-27,1.3684210526315788,-0.4702324361972782,0,0.0,1.0,2,0.0
EMP048,John Russell,Sales,Account Manager,2026-04-28,0.34999999999999964,-0.44411778766667487,0,0.0,1.0,2,0.0
EMP048,John Russell,Sales,Account Manager,2026-04-29,0.33333333333333304,-0.44853396777035087,0,0.0,1.0,2,0.0
EMP048,John Russell,Sales,Account Manager,2026-04-30,5.409090909090909,1.4283972094478519,0,0.0,2.0,2,1.0
EMP048,John Russell,Sales,Account Manager,2026-05-01,0.5652173913043477,-0.4536239567970619,0,0.0,3.0,2,0.0
EMP048,John Russell,Sales,Account Manager,2026-05-04,1.5,-0.478172454857908,0,0.0,2.0,1,0.0
EMP048,John Russell,Sales,Account Manager,2026-05-05,0.4800000000000004,-0.4458933652341322,0,0.0,2.0,1,0.0
EMP048,John Russell,Sales,Account Manager,2026-05-06,0.4615384615384617,-0.47552274679570244,0,0.0,2.0,1,0.0
EMP048,John Russell,Sales,Account Manager,2026-05-07,0.44444444444444464,-0.4768976812197335,0,0.0,2.0,1,0.0
EMP048,John Russell,Sales,Account Manager,2026-05-08,0.4285714285714288,-0.47320994319501447,0,0.0,2.0,1,0.0
EMP048,John Russell,Sales,Account Manager,2026-05-11,0.4137931034482758,-0.46511513059260634,0,0.0,1.0,1,0.0
EMP048,John Russell,Sales,Account Manager,2026-05-12,3.466666666666667,0.7705229568899388,0,0.0,1.0,1,1.0
EMP048,John Russell,Sales,Account Manager,2026-05-13,1.5,2.8601592211635443,0,0.0,1.0,1,1.0
EMP048,John Russell,Sales,Account Manager,2026-05-14,1.4666666666666668,-0.47656077675821595,0,0.0,1.0,1,0.0
EMP048,John Russell,Sales,Account Manager,2026-05-15,3.4000000000000004,1.469800036110562,0,0.0,1.0,1,1.0
EMP048,John Russell,Sales,Account Manager,2026-05-18,0.36666666666666625,-0.444554852914049,0,0.0,1.0,1,0.0
EMP048,John Russell,Sales,Account Manager,2026-05-19,0.36666666666666625,-0.4446732247518795,0,0.0,1.0,1,0.0
EMP048,John Russell,Sales,Account Manager,2026-05-20,0.36666666666666625,-0.2872386804373285,0,0.1111111111111111,2.0,1,1.0
EMP048,John Russell,Sales,Account Manager,2026-05-21,0.36666666666666625,-0.4660256831913024,0,0.0,1.0,1,0.0
EMP048,John Russell,Sales,Account Manager,2026-05-22,0.36666666666666625,-0.4816416602589401,0,0.0,1.0,1,0.0
EMP048,John Russell,Sales,Account Manager,2026-05-25,0.36666666666666625,-0.4726636116357968,0,0.0,1.0,1,0.0
EMP048,John Russell,Sales,Account Manager,2026-05-26,6.4,0.3242884448469543,0,0.0,1.0,1,1.0
EMP048,John Russell,Sales,Account Manager,2026-05-27,0.5999999999999996,-0.46341239723304467,0,0.0,1.0,1,0.0
EMP048,John Russell,Sales,Account Manager,2026-05-28,0.6333333333333337,-0.4703325969831348,0,0.0,1.0,1,0.0
EMP048,John Russell,Sales,Account Manager,2026-05-29,0.666666666666667,-0.4822153083961186,0,0.0,0.0,1,0.0
EMP048,John Russell,Sales,Account Manager,2026-06-01,0.666666666666667,-0.4690487178189734,0,0.0,0.0,1,0.0
EMP048,John Russell,Sales,Account Manager,2026-06-02,0.666666666666667,0.5187096357205401,0,0.0,0.0,2,1.0
EMP048,John Russell,Sales,Account Manager,2026-06-03,0.666666666666667,-0.46058057865109986,0,0.0,0.0,2,0.0
EMP048,John Russell,Sales,Account Manager,2026-06-04,0.5666666666666664,0.6276117265245901,0,0.0,0.0,2,1.0
EMP048,John Russell,Sales,Account Manager,2026-06-05,0.5666666666666664,-0.4759142844131417,0,0.0,0.0,2,0.0
EMP048,John Russell,Sales,Account Manager,2026-06-08,0.5999999999999996,2.2308490036267274,0,0.0,0.0,2,1.0
EMP048,John Russell,Sales,Account Manager,2026-06-09,0.5999999999999996,-0.4289297703204244,0,0.0,0.0,2,0.0
EMP048,John Russell,Sales,Account Manager,2026-06-10,0.5999999999999996,-0.46376751274653616,0,0.0,0.0,2,0.0
EMP048,John Russell,Sales,Account Manager,2026-06-11,1.3666666666666663,-0.4849742827701677,0,0.0,0.0,2,0.0
EMP048,John Russell,Sales,Account Manager,2026-06-12,0.36666666666666625,-0.47432992289141057,0,0.0,0.0,2,0.0
EMP048,John Russell,Sales,Account Manager,2026-06-15,0.40000000000000036,-0.46984089857983896,0,0.0,0.0,1,0.0
EMP048,John Russell,Sales,Account Manager,2026-06-16,0.40000000000000036,-0.45295014787402677,0,0.0,0.0,1,0.0
EMP048,John Russell,Sales,Account Manager,2026-06-17,5.4,1.000792603574189,0,0.0,0.0,1,1.0
EMP048,John Russell,Sales,Account Manager,2026-06-18,0.5999999999999996,-0.47208996349861826,0,0.0,0.0,1,0.0
EMP048,John Russell,Sales,Account Manager,2026-06-19,0.5999999999999996,-0.4686936023054819,0,0.0,0.0,1,0.0
EMP048,John Russell,Sales,Account Manager,2026-06-20,3.5,-0.2103971466333668,1,0.0,0.0,2,1.0
EMP048,John Russell,Sales,Account Manager,2026-06-21,4.233333333333333,-0.4969935770729559,1,0.0,0.0,2,0.0
EMP048,John Russell,Sales,Account Manager,2026-06-22,4.566666666666666,4.260689278743961,0,0.0,1.0,2,1.0
EMP048,John Russell,Sales,Account Manager,2026-06-23,0.4666666666666668,-0.4247412283664225,0,0.0,1.0,2,0.0
EMP048,John Russell,Sales,Account Manager,2026-06-24,0.33333333333333304,-0.4288842426904896,0,0.0,1.0,2,0.0
EMP048,John Russell,Sales,Account Manager,2026-06-25,0.33333333333333304,-0.4306233981539991,0,0.0,1.0,2,0.0
EMP048,John Russell,Sales,Account Manager,2026-06-26,0.33333333333333304,-0.4564011422230849,0,0.0,1.0,2,0.0
EMP048,John Russell,Sales,Account Manager,2026-06-29,5.466666666666667,3.1153597980000924,0,0.0,1.0,1,1.0
EMP048,John Russell,Sales,Account Manager,2026-06-30,0.5333333333333332,1.9193671706647744,0,0.125,2.0,1,1.0
EMP048,John Russell,Sales,Account Manager,2026-07-01,0.5333333333333332,-0.44572036024038,0,0.0,1.0,1,0.0
EMP048,John Russell,Sales,Account Manager,2026-07-02,4.3,3.26432620314677,0,0.18181818181818182,2.0,1,1.0
EMP048,John Russell,Sales,Account Manager,2026-07-03,0.4666666666666668,-0.47195338060881387,0,0.0,2.0,1,0.0
EMP048,John Russell,Sales,Account Manager,2026-07-06,0.4666666666666668,-0.4636855630126535,0,0.0,2.0,1,0.0
EMP048,John Russell,Sales,Account Manager,2026-07-07,0.4666666666666668,-0.46427742220180596,0,0.0,2.0,1,0.0
EMP048,John Russell,Sales,Account Manager,2026-07-08,0.4666666666666668,-0.4806036302964266,0,0.0,2.0,1,0.0
EMP048,John Russell,Sales,Account Manager,2026-07-09,0.4666666666666668,-0.4114289493734859,0,0.0,1.0,1,0.0
EMP048,John Russell,Sales,Account Manager,2026-07-10,0.4666666666666668,-0.4395559191472076,0,0.0,1.0,1,0.0
EMP048,John Russell,Sales,Account Manager,2026-07-13,0.4666666666666668,-0.4553631122605714,0,0.0,0.0,1,0.0
EMP048,John Russell,Sales,Account Manager,2026-07-14,4.366666666666666,0.14276067877090512,0,0.0,1.0,1,1.0
EMP048,John Russell,Sales,Account Manager,2026-07-15,0.6333333333333337,-0.46722761262158125,0,0.0,1.0,1,0.0
EMP048,John Russell,Sales,Account Manager,2026-07-16,2.2666666666666666,2.4587421080283804,0,0.0,2.0,1,1.0
EMP048,John Russell,Sales,Account Manager,2026-07-17,0.7333333333333334,-0.4857300414270855,0,0.0,2.0,1,0.0
EMP048,John Russell,Sales,Account Manager,2026-07-20,0.7333333333333334,-0.4463395360074933,0,0.0,2.0,1,0.0
EMP048,John Russell,Sales,Account Manager,2026-07-21,0.7666666666666666,-0.4718167977190094,0,0.0,2.0,1,0.0
EMP048,John Russell,Sales,Account Manager,2026-07-22,0.7666666666666666,-0.47167110930321804,0,0.0,2.0,1,0.0
EMP048,John Russell,Sales,Account Manager,2026-07-23,0.7666666666666666,-0.4524857660486918,0,0.0,1.0,1,0.0
EMP048,John Russell,Sales,Account Manager,2026-07-24,0.7666666666666666,-0.4680744265383685,0,0.0,1.0,1,0.0
EMP048,John Russell,Sales,Account Manager,2026-07-27,0.5666666666666664,0.031281724112544936,0,0.1111111111111111,0.0,1,1.0
EMP048,John Russell,Sales,Account Manager,2026-07-28,0.5666666666666664,-0.44307065217817443,0,0.0,0.0,1,0.0
EMP048,John Russell,Sales,Account Manager,2026-07-29,0.5666666666666664,-0.460316518397478,0,0.0,0.0,1,0.0
EMP049,Matthew Gomez,R&D,R&D Manager,2026-04-01,0.0,-0.44511160628543545,0,0.0,0.0,1,0.0
EMP049,Matthew Gomez,R&D,R&D Manager,2026-04-02,0.0,-0.5041800362398591,0,0.0,0.0,1,0.0
EMP049,Matthew Gomez,R&D,R&D Manager,2026-04-03,6.0,1.6136553753570975,0,0.0,0.0,1,1.0
EMP049,Matthew Gomez,R&D,R&D Manager,2026-04-06,2.25,-0.5511457859052611,0,0.0,0.0,1,0.0
EMP049,Matthew Gomez,R&D,R&D Manager,2026-04-07,1.7999999999999998,-0.46895781209989806,0,0.0,0.0,1,0.0
EMP049,Matthew Gomez,R&D,R&D Manager,2026-04-08,1.5,-0.5195819288920023,0,0.0,0.0,1,0.0
EMP049,Matthew Gomez,R&D,R&D Manager,2026-04-09,1.2857142857142856,-0.5519476197960452,0,0.0,0.0,1,0.0
EMP049,Matthew Gomez,R&D,R&D Manager,2026-04-10,1.125,-0.45816646431976293,0,0.0,0.0,1,0.0
EMP049,Matthew Gomez,R&D,R&D Manager,2026-04-13,1.0,-0.5294545086722806,0,0.0,0.0,1,0.0
EMP049,Matthew Gomez,R&D,R&D Manager,2026-04-14,4.5,2.0026283367509756,0,0.125,1.0,1,1.0
EMP049,Matthew Gomez,R&D,R&D Manager,2026-04-15,2.2727272727272725,-0.5378570596527883,0,0.0,1.0,1,0.0
EMP049,Matthew Gomez,R&D,R&D Manager,2026-04-16,1.166666666666667,-0.5181787195831302,0,0.0,1.0,1,0.0
EMP049,Matthew Gomez,R&D,R&D Manager,2026-04-17,1.0769230769230766,-0.57730561659209,0,0.0,1.0,1,0.0
EMP049,Matthew Gomez,R&D,R&D Manager,2026-04-20,1.0,-0.5366626612529746,0,0.0,1.0,1,0.0
EMP049,Matthew Gomez,R&D,R&D Manager,2026-04-21,1.8666666666666671,-0.5574184656133737,0,0.0,1.0,1,0.0
EMP049,Matthew Gomez,R&D,R&D Manager,2026-04-22,0.8125,-0.4944243905686534,0,0.0,1.0,1,0.0
EMP049,Matthew Gomez,R&D,R&D Manager,2026-04-23,0.764705882352942,-0.5972846443707922,0,0.0,0.0,1,0.0
EMP049,Matthew Gomez,R&D,R&D Manager,2026-04-24,0.7222222222222214,-0.5190640778375376,0,0.0,0.0,1,0.0
EMP049,Matthew Gomez,R&D,R&D Manager,2026-04-27,0.6842105263157894,0.5717724635195988,0,0.0,1.0,1,1.0
EMP049,Matthew Gomez,R&D,R&D Manager,2026-04-28,0.6500000000000004,-0.520350353037337,0,0.0,1.0,1,0.0
EMP049,Matthew Gomez,R&D,R&D Manager,2026-04-29,0.6190476190476186,-0.4941069979868847,0,0.0,1.0,1,0.0
EMP049,Matthew Gomez,R&D,R&D Manager,2026-04-30,0.5909090909090917,-0.531667904308299,0,0.0,1.0,1,0.0
EMP049,Matthew Gomez,R&D,R&D Manager,2026-05-01,4.217391304347826,2.0536867802339214,0,0.0,2.0,1,1.0
EMP049,Matthew Gomez,R&D,R&D Manager,2026-05-04,0.75,-0.528059651799771,0,0.0,2.0,1,0.0
EMP049,Matthew Gomez,R&D,R&D Manager,2026-05-05,1.6799999999999997,-0.5474540090331096,0,0.0,2.0,1,0.0
EMP049,Matthew Gomez,R&D,R&D Manager,2026-05-06,0.6538461538461533,-0.4849360228610423,0,0.0,1.0,1,0.0
EMP049,Matthew Gomez,R&D,R&D Manager,2026-05-07,5.148148148148149,1.0778048205315827,0,0.0,1.0,1,1.0
EMP049,Matthew Gomez,R&D,R&D Manager,2026-05-08,7.857142857142857,1.8803236110973243,0,0.0,1.0,1,1.0
EMP049,Matthew Gomez,R&D,R&D Manager,2026-05-11,2.068965517241379,-0.559130715067652,0,0.0,1.0,1,0.0
EMP049,Matthew Gomez,R&D,R&D Manager,2026-05-12,1.0333333333333332,-0.5313338068538057,0,0.0,0.0,1,0.0
EMP049,Matthew Gomez,R&D,R&D Manager,2026-05-13,1.0333333333333332,-0.5518223332506101,0,0.0,0.0,1,0.0
EMP049,Matthew Gomez,R&D,R&D Manager,2026-05-14,1.0333333333333332,-0.5629310736125139,0,0.0,0.0,1,0.0
EMP049,Matthew Gomez,R&D,R&D Manager,2026-05-15,0.7333333333333325,-0.5178696794377239,0,0.0,0.0,1,0.0
EMP049,Matthew Gomez,R&D,R&D Manager,2026-05-18,0.7333333333333325,0.8946275386692437,0,0.0,0.0,2,1.0
EMP049,Matthew Gomez,R&D,R&D Manager,2026-05-19,0.7333333333333325,-0.5164163555106778,0,0.0,0.0,2,0.0
EMP049,Matthew Gomez,R&D,R&D Manager,2026-05-20,7.966666666666667,1.7660706340969623,0,0.0,1.0,2,1.0
EMP049,Matthew Gomez,R&D,R&D Manager,2026-05-21,3.8,0.8107440202823271,0,0.0,2.0,2,1.0
EMP049,Matthew Gomez,R&D,R&D Manager,2026-05-22,1.2000000000000002,-0.5389846385617033,0,0.0,2.0,2,0.0
EMP049,Matthew Gomez,R&D,R&D Manager,2026-05-23,2.166666666666667,-0.618182440149351,1,0.0,2.0,2,0.0
EMP049,Matthew Gomez,R&D,R&D Manager,2026-05-25,0.9666666666666668,-0.5593311735403481,0,0.0,2.0,2,0.0
EMP049,Matthew Gomez,R&D,R&D Manager,2026-05-26,1.0,-0.4627937140644958,0,0.0,2.0,1,0.0
EMP049,Matthew Gomez,R&D,R&D Manager,2026-05-27,1.0,-0.05580454743706419,0,0.0,2.0,2,1.0
EMP049,Matthew Gomez,R&D,R&D Manager,2026-05-28,1.0,-0.3700900228789547,0,0.0,1.0,2,0.0
EMP049,Matthew Gomez,R&D,R&D Manager,2026-05-29,1.0,-0.022219400824120668,0,0.0,0.0,3,1.0
EMP049,Matthew Gomez,R&D,R&D Manager,2026-06-01,1.0333333333333332,-0.5814484250278076,0,0.0,0.0,3,0.0
EMP049,Matthew Gomez,R&D,R&D Manager,2026-06-02,1.0333333333333332,-0.6057790721512855,0,0.0,0.0,3,0.0
EMP049,Matthew Gomez,R&D,R&D Manager,2026-06-03,5.733333333333333,2.2925664601966638,0,0.0,1.0,3,1.0
EMP049,Matthew Gomez,R&D,R&D Manager,2026-06-04,1.2666666666666666,-0.5276420299816542,0,0.0,1.0,3,0.0
EMP049,Matthew Gomez,R&D,R&D Manager,2026-06-05,1.2666666666666666,-0.5359192944167269,0,0.0,1.0,2,0.0
EMP049,Matthew Gomez,R&D,R&D Manager,2026-06-08,1.2666666666666666,-0.6083683274236089,0,0.0,1.0,2,0.0
EMP049,Matthew Gomez,R&D,R&D Manager,2026-06-09,3.5666666666666664,2.7478243565620213,0,0.0,2.0,1,1.0
EMP049,Matthew Gomez,R&D,R&D Manager,2026-06-10,1.4333333333333336,-0.22521701417427756,0,0.1,2.0,1,1.0
EMP049,Matthew Gomez,R&D,R&D Manager,2026-06-11,1.2666666666666666,-0.5154140631471978,0,0.0,2.0,1,0.0
EMP049,Matthew Gomez,R&D,R&D Manager,2026-06-12,1.2666666666666666,-0.46295241035538015,0,0.0,1.0,1,0.0
EMP049,Matthew Gomez,R&D,R&D Manager,2026-06-15,1.2999999999999998,0.8397186220232623,0,0.0,1.0,2,1.0
EMP049,Matthew Gomez,R&D,R&D Manager,2026-06-16,3.533333333333333,0.27848501309261525,0,0.0,2.0,2,1.0
EMP049,Matthew Gomez,R&D,R&D Manager,2026-06-17,1.2666666666666666,-0.5534260010321782,0,0.0,2.0,2,0.0
EMP049,Matthew Gomez,R&D,R&D Manager,2026-06-18,0.9666666666666668,-0.5507281640871444,0,0.0,1.0,2,0.0
EMP049,Matthew Gomez,R&D,R&D Manager,2026-06-19,1.0,-0.581832637100475,0,0.0,1.0,2,0.0
EMP049,Matthew Gomez,R&D,R&D Manager,2026-06-22,1.0,-0.575526547646913,0,0.0,1.0,2,0.0
EMP049,Matthew Gomez,R&D,R&D Manager,2026-06-23,7.7,2.8582018030902603,0,0.0,1.0,2,1.0
EMP049,Matthew Gomez,R&D,R&D Manager,2026-06-24,3.533333333333333,2.6980605407152374,0,0.0,2.0,1,1.0
EMP049,Matthew Gomez,R&D,R&D Manager,2026-06-25,2.4333333333333336,-0.5489407427056051,0,0.0,1.0,1,0.0
EMP049,Matthew Gomez,R&D,R&D Manager,2026-06-26,5.333333333333333,0.926583960191532,0,0.0,2.0,1,1.0
EMP049,Matthew Gomez,R&D,R&D Manager,2026-06-29,1.666666666666667,-0.5421585643793901,0,0.0,2.0,1,0.0
EMP049,Matthew Gomez,R&D,R&D Manager,2026-06-30,5.4,0.9888931354545412,0,0.0,3.0,1,1.0
EMP049,Matthew Gomez,R&D,R&D Manager,2026-07-01,1.4333333333333336,-0.5023592051128702,0,0.0,3.0,1,0.0
EMP049,Matthew Gomez,R&D,R&D Manager,2026-07-02,1.4333333333333336,-0.4841425414066206,0,0.0,3.0,1,0.0
EMP049,Matthew Gomez,R&D,R&D Manager,2026-07-03,1.4666666666666668,0.8095913840643247,0,0.0,2.0,2,1.0
EMP049,Matthew Gomez,R&D,R&D Manager,2026-07-06,2.4333333333333336,-0.5139356819110648,0,0.0,2.0,2,0.0
EMP049,Matthew Gomez,R&D,R&D Manager,2026-07-07,1.4333333333333336,-0.22954357620996635,0,0.0,1.0,3,1.0
EMP049,Matthew Gomez,R&D,R&D Manager,2026-07-08,1.4333333333333336,-0.4526705611933475,0,0.0,1.0,3,0.0
EMP049,Matthew Gomez,R&D,R&D Manager,2026-07-09,1.4333333333333336,-0.5365874893257135,0,0.0,0.0,3,0.0
EMP049,Matthew Gomez,R&D,R&D Manager,2026-07-10,1.4333333333333336,2.8429168445471897,0,0.0,0.0,3,1.0
EMP049,Matthew Gomez,R&D,R&D Manager,2026-07-13,1.4333333333333336,-0.5949960768075128,0,0.0,0.0,3,0.0
EMP049,Matthew Gomez,R&D,R&D Manager,2026-07-14,1.4333333333333336,-0.5311249959447474,0,0.0,0.0,2,0.0
EMP049,Matthew Gomez,R&D,R&D Manager,2026-07-15,1.2000000000000002,-0.45662961602909363,0,0.0,0.0,2,0.0
EMP049,Matthew Gomez,R&D,R&D Manager,2026-07-16,1.2000000000000002,-0.5095423003844772,0,0.0,0.0,1,0.0
EMP049,Matthew Gomez,R&D,R&D Manager,2026-07-17,1.2000000000000002,-0.5461009143424116,0,0.0,0.0,1,0.0
EMP049,Matthew Gomez,R&D,R&D Manager,2026-07-20,1.2000000000000002,-0.5325365576899818,0,0.0,0.0,1,0.0
EMP049,Matthew Gomez,R&D,R&D Manager,2026-07-21,1.0333333333333332,-0.5041800362398591,0,0.0,0.0,1,0.0
EMP049,Matthew Gomez,R&D,R&D Manager,2026-07-22,1.0333333333333332,-0.6035072094607307,0,0.0,0.0,1,0.0
EMP049,Matthew Gomez,R&D,R&D Manager,2026-07-23,1.0333333333333332,-0.4091710726183138,0,0.0,0.0,1,0.0
EMP049,Matthew Gomez,R&D,R&D Manager,2026-07-24,1.0333333333333332,0.20814079404904126,0,0.0,0.0,2,1.0
EMP049,Matthew Gomez,R&D,R&D Manager,2026-07-27,1.0333333333333332,-0.4569887707926739,0,0.0,0.0,2,0.0
EMP049,Matthew Gomez,R&D,R&D Manager,2026-07-28,0.8666666666666671,-0.46918332788168104,0,0.0,0.0,2,0.0
EMP049,Matthew Gomez,R&D,R&D Manager,2026-07-29,5.9,2.926482970352338,0,0.0,0.0,2,1.0
EMP050,Scott Brown,R&D,Research Scientist,2026-04-01,0.0,0.1887315486729535,0,0.125,0.0,1,1.0
EMP050,Scott Brown,R&D,Research Scientist,2026-04-02,0.0,-0.4509802015599265,0,0.0,0.0,1,0.0
EMP050,Scott Brown,R&D,Research Scientist,2026-04-03,0.6666666666666661,2.6896135580075486,0,0.0,0.0,1,1.0
EMP050,Scott Brown,R&D,Research Scientist,2026-04-06,7.0,2.8900685399098784,0,0.0,0.0,1,1.0
EMP050,Scott Brown,R&D,Research Scientist,2026-04-07,1.5999999999999996,-0.5180791668943777,0,0.0,0.0,1,0.0
EMP050,Scott Brown,R&D,Research Scientist,2026-04-08,1.333333333333333,-0.5151483527125108,0,0.0,0.0,1,0.0
EMP050,Scott Brown,R&D,Research Scientist,2026-04-09,1.1428571428571432,-0.5019636601870386,0,0.0,0.0,1,0.0
EMP050,Scott Brown,R&D,Research Scientist,2026-04-10,1.0,-0.4282564634181339,0,0.0,0.0,1,0.0
EMP050,Scott Brown,R&D,Research Scientist,2026-04-13,0.8888888888888893,-0.457167475943868,0,0.0,0.0,1,0.0
EMP050,Scott Brown,R&D,Research Scientist,2026-04-14,0.8000000000000007,-0.5228764887530435,0,0.0,0.0,1,0.0
EMP050,Scott Brown,R&D,Research Scientist,2026-04-15,0.7272727272727266,-0.5041558138840448,0,0.0,0.0,1,0.0
EMP050,Scott Brown,R&D,Research Scientist,2026-04-16,0.6666666666666661,-0.43831971970112976,0,0.0,0.0,1,0.0
EMP050,Scott Brown,R&D,Research Scientist,2026-04-17,0.615384615384615,-0.4898750445100695,0,0.0,0.0,1,0.0
EMP050,Scott Brown,R&D,Research Scientist,2026-04-20,0.5714285714285712,-0.5266730447935108,0,0.0,0.0,1,0.0
EMP050,Scott Brown,R&D,Research Scientist,2026-04-21,0.5333333333333332,-0.4605748452772581,0,0.0,0.0,1,0.0
EMP050,Scott Brown,R&D,Research Scientist,2026-04-22,0.5,-0.5254260588136921,0,0.0,0.0,1,0.0
EMP050,Scott Brown,R&D,Research Scientist,2026-04-23,0.47058823529411775,-0.4680488185703119,0,0.0,0.0,1,0.0
EMP050,Scott Brown,R&D,Research Scientist,2026-04-24,0.44444444444444464,-0.5218916081065624,0,0.0,0.0,1,0.0
EMP050,Scott Brown,R&D,Research Scientist,2026-04-27,0.4210526315789469,-0.4127763635794921,0,0.0,0.0,1,0.0
EMP050,Scott Brown,R&D,Research Scientist,2026-04-28,0.40000000000000036,-0.3598152010735592,0,0.0,0.0,1,0.0
EMP050,Scott Brown,R&D,Research Scientist,2026-04-29,5.333333333333334,1.6994193215870113,0,0.0,1.0,1,1.0
EMP050,Scott Brown,R&D,Research Scientist,2026-04-30,0.6363636363636367,-0.4257386637009201,0,0.0,1.0,1,0.0
EMP050,Scott Brown,R&D,Research Scientist,2026-05-01,0.6086956521739122,-0.4838148514998675,0,0.0,1.0,1,0.0
EMP050,Scott Brown,R&D,Research Scientist,2026-05-04,0.5833333333333339,-0.0931428808670961,0,0.14285714285714285,1.0,1,1.0
EMP050,Scott Brown,R&D,Research Scientist,2026-05-05,5.199999999999999,1.9918494477332973,0,0.0,1.0,1,1.0
EMP050,Scott Brown,R&D,Research Scientist,2026-05-06,0.76923076923077,-0.41979760947859895,0,0.0,1.0,1,0.0
EMP050,Scott Brown,R&D,Research Scientist,2026-05-07,7.925925925925926,0.2943997109373403,0,0.0,1.0,1,1.0
EMP050,Scott Brown,R&D,Research Scientist,2026-05-08,1.0357142857142856,-0.5330747689956377,0,0.0,0.0,1,0.0
EMP050,Scott Brown,R&D,Research Scientist,2026-05-10,1.9655172413793096,-0.5582607087536331,1,0.0,0.0,1,0.0
EMP050,Scott Brown,R&D,Research Scientist,2026-05-11,0.9333333333333336,-0.5530900853596076,0,0.0,0.0,1,0.0
EMP050,Scott Brown,R&D,Research Scientist,2026-05-12,0.9333333333333336,-0.48147973125740445,0,0.0,0.0,1,0.0
EMP050,Scott Brown,R&D,Research Scientist,2026-05-13,0.9333333333333336,-0.43580191998391615,0,0.0,0.0,1,0.0
EMP050,Scott Brown,R&D,Research Scientist,2026-05-14,0.9666666666666668,-0.5661079835820466,0,0.0,0.0,1,0.0
EMP050,Scott Brown,R&D,Research Scientist,2026-05-15,0.6666666666666661,-0.4486530239033221,0,0.0,0.0,1,0.0
EMP050,Scott Brown,R&D,Research Scientist,2026-05-18,6.1,2.1803111249889624,0,0.0,0.0,1,1.0
EMP050,Scott Brown,R&D,Research Scientist,2026-05-19,0.9000000000000004,-0.4899147574393631,0,0.0,0.0,1,0.0
EMP050,Scott Brown,R&D,Research Scientist,2026-05-20,0.9000000000000004,-0.35044294976027174,0,0.0,0.0,1,0.0
EMP050,Scott Brown,R&D,Research Scientist,2026-05-21,1.8666666666666671,-0.5060064363891261,0,0.0,0.0,1,0.0
EMP050,Scott Brown,R&D,Research Scientist,2026-05-22,0.8666666666666671,-0.5287937152177886,0,0.0,0.0,1,0.0
EMP050,Scott Brown,R&D,Research Scientist,2026-05-25,0.8666666666666671,-0.5232974458035556,0,0.0,0.0,1,0.0
EMP050,Scott Brown,R&D,Research Scientist,2026-05-26,0.8666666666666671,-0.37701089945768407,0,0.1111111111111111,0.0,1,1.0
EMP050,Scott Brown,R&D,Research Scientist,2026-05-27,0.8666666666666671,-0.4745379112168847,0,0.0,0.0,1,0.0
EMP050,Scott Brown,R&D,Research Scientist,2026-05-28,6.866666666666666,2.109709479290817,0,0.1111111111111111,0.0,1,1.0
EMP050,Scott Brown,R&D,Research Scientist,2026-05-29,3.7,1.7102847790417375,0,0.0,1.0,1,1.0
EMP050,Scott Brown,R&D,Research Scientist,2026-06-01,2.2666666666666666,-0.5585863547738406,0,0.0,1.0,1,0.0
EMP050,Scott Brown,R&D,Research Scientist,2026-06-02,2.2333333333333334,-0.505815814328517,0,0.0,1.0,1,0.0
EMP050,Scott Brown,R&D,Research Scientist,2026-06-03,1.2333333333333334,-0.43269636891315727,0,0.0,1.0,1,0.0
EMP050,Scott Brown,R&D,Research Scientist,2026-06-04,4.566666666666666,3.0994430457315483,0,0.0,1.0,1,1.0
EMP050,Scott Brown,R&D,Research Scientist,2026-06-05,1.4333333333333336,-0.4131814354582867,0,0.0,1.0,1,0.0
EMP050,Scott Brown,R&D,Research Scientist,2026-06-08,6.3,2.7964175100497326,0,0.0,1.0,1,1.0
EMP050,Scott Brown,R&D,Research Scientist,2026-06-09,1.5,-0.5129323712579283,0,0.0,0.0,1,0.0
EMP050,Scott Brown,R&D,Research Scientist,2026-06-10,4.3,0.13756541057109098,0,0.0,0.0,1,1.0
EMP050,Scott Brown,R&D,Research Scientist,2026-06-11,1.7000000000000002,-0.4305439281454446,0,0.0,0.0,1,0.0
EMP050,Scott Brown,R&D,Research Scientist,2026-06-12,1.7000000000000002,-0.4774846105704691,0,0.0,0.0,1,0.0
EMP050,Scott Brown,R&D,Research Scientist,2026-06-15,1.5,-0.45039245020638136,0,0.0,0.0,1,0.0
EMP050,Scott Brown,R&D,Research Scientist,2026-06-16,1.5,-0.5020272008739083,0,0.0,0.0,1,0.0
EMP050,Scott Brown,R&D,Research Scientist,2026-06-17,3.6333333333333337,-0.061428135533234424,0,0.0,1.0,1,1.0
EMP050,Scott Brown,R&D,Research Scientist,2026-06-18,5.4,0.8611349823003178,0,0.0,2.0,1,1.0
EMP050,Scott Brown,R&D,Research Scientist,2026-06-19,1.6333333333333337,-0.47275082939867313,0,0.0,2.0,1,0.0
EMP050,Scott Brown,R&D,Research Scientist,2026-06-22,1.6333333333333337,-0.4989613627324431,0,0.0,2.0,1,0.0
EMP050,Scott Brown,R&D,Research Scientist,2026-06-23,1.6333333333333337,-0.5344250085916198,0,0.0,2.0,1,0.0
EMP050,Scott Brown,R&D,Research Scientist,2026-06-24,1.6333333333333337,-0.46020948632775704,0,0.0,2.0,1,0.0
EMP050,Scott Brown,R&D,Research Scientist,2026-06-25,1.6333333333333337,-0.5062685417224638,0,0.0,2.0,1,0.0
EMP050,Scott Brown,R&D,Research Scientist,2026-06-26,1.6333333333333337,-0.49417198345963603,0,0.0,1.0,1,0.0
EMP050,Scott Brown,R&D,Research Scientist,2026-06-29,5.366666666666666,1.631748490070732,0,0.0,0.0,1,1.0
EMP050,Scott Brown,R&D,Research Scientist,2026-06-30,1.6333333333333337,-0.5010264350557098,0,0.0,0.0,1,0.0
EMP050,Scott Brown,R&D,Research Scientist,2026-07-01,1.6333333333333337,-0.48576872762111223,0,0.0,0.0,1,0.0
EMP050,Scott Brown,R&D,Research Scientist,2026-07-02,1.666666666666667,-0.46325149671164617,0,0.0,0.0,1,0.0
EMP050,Scott Brown,R&D,Research Scientist,2026-07-03,1.666666666666667,-0.4328075651151793,0,0.0,0.0,1,0.0
EMP050,Scott Brown,R&D,Research Scientist,2026-07-04,7.033333333333333,0.11319755715654363,1,0.0,1.0,1,1.0
EMP050,Scott Brown,R&D,Research Scientist,2026-07-05,9.7,-0.5916989952188367,1,0.0,1.0,1,0.0
EMP050,Scott Brown,R&D,Research Scientist,2026-07-06,1.7000000000000002,1.6507471554447863,0,0.0,2.0,1,1.0
EMP050,Scott Brown,R&D,Research Scientist,2026-07-07,1.4333333333333336,-0.5323996491976466,0,0.0,2.0,1,0.0
EMP050,Scott Brown,R&D,Research Scientist,2026-07-08,1.2666666666666666,-0.5260614656823895,0,0.0,2.0,1,0.0
EMP050,Scott Brown,R&D,Research Scientist,2026-07-09,1.2999999999999998,-0.5569263543293684,0,0.0,2.0,1,0.0
EMP050,Scott Brown,R&D,Research Scientist,2026-07-10,7.366666666666666,2.845002307747511,0,0.0,2.0,1,1.0
EMP050,Scott Brown,R&D,Research Scientist,2026-07-13,2.5999999999999996,1.5281295149578948,0,0.0,1.0,3,1.0
EMP050,Scott Brown,R&D,Research Scientist,2026-07-14,1.4000000000000004,0.014860401639753718,0,0.0,1.0,4,1.0
EMP050,Scott Brown,R&D,Research Scientist,2026-07-15,1.4000000000000004,-0.39800315388227625,0,0.0,0.0,4,0.0
EMP050,Scott Brown,R&D,Research Scientist,2026-07-16,1.1333333333333337,-0.5081827049144149,0,0.0,0.0,4,0.0
EMP050,Scott Brown,R&D,Research Scientist,2026-07-17,1.1333333333333337,-0.09083953096806785,0,0.0,1.0,4,1.0
EMP050,Scott Brown,R&D,Research Scientist,2026-07-19,2.866666666666667,-0.5725414781276084,1,0.0,1.0,4,0.0
EMP050,Scott Brown,R&D,Research Scientist,2026-07-20,0.8666666666666671,-0.5488010889958997,0,0.0,1.0,4,0.0
EMP050,Scott Brown,R&D,Research Scientist,2026-07-21,3.966666666666667,2.1210276641394903,0,0.08333333333333333,2.0,2,1.0
EMP050,Scott Brown,R&D,Research Scientist,2026-07-22,1.0333333333333332,-0.3918794201852045,0,0.0,2.0,1,0.0
EMP050,Scott Brown,R&D,Research Scientist,2026-07-23,2.0,-0.4407263232163214,0,0.0,2.0,1,0.0
EMP050,Scott Brown,R&D,Research Scientist,2026-07-24,0.8333333333333339,-0.5124717012781228,0,0.0,2.0,1,0.0
EMP050,Scott Brown,R&D,Research Scientist,2026-07-27,0.5999999999999996,-0.46447465493388873,0,0.0,1.0,1,0.0
EMP050,Scott Brown,R&D,Research Scientist,2026-07-28,0.5999999999999996,-0.3842783655184112,0,0.0,1.0,1,0.0
EMP050,Scott Brown,R&D,Research Scientist,2026-07-29,0.5999999999999996,-0.4886518862878269,0,0.0,1.0,1,0.0
EMP051,Nicholas Mcbride,R&D,Software Engineer,2026-04-01,0.0,-0.49223818478512166,0,0.0,0.0,1,0.0
EMP051,Nicholas Mcbride,R&D,Software Engineer,2026-04-02,0.0,-0.5224848072980908,0,0.0,0.0,1,0.0
EMP051,Nicholas Mcbride,R&D,Software Engineer,2026-04-03,0.0,-0.5434662999775085,0,0.0,0.0,1,0.0
EMP051,Nicholas Mcbride,R&D,Software Engineer,2026-04-06,0.0,-0.15488834761736017,0,0.0,0.0,2,1.0
EMP051,Nicholas Mcbride,R&D,Software Engineer,2026-04-07,0.0,-0.5057066925278774,0,0.0,0.0,2,0.0
EMP051,Nicholas Mcbride,R&D,Software Engineer,2026-04-08,0.0,-0.4571156438974755,0,0.0,0.0,2,0.0
EMP051,Nicholas Mcbride,R&D,Software Engineer,2026-04-09,7.714285714285714,2.353961914311951,0,0.0,1.0,2,1.0
EMP051,Nicholas Mcbride,R&D,Software Engineer,2026-04-10,6.75,3.557605815525094,0,0.0,2.0,2,1.0
EMP051,Nicholas Mcbride,R&D,Software Engineer,2026-04-13,2.4444444444444446,1.2844986851772615,0,0.1111111111111111,3.0,2,1.0
EMP051,Nicholas Mcbride,R&D,Software Engineer,2026-04-14,2.3,-0.46720375087956584,0,0.0,3.0,2,0.0
EMP051,Nicholas Mcbride,R&D,Software Engineer,2026-04-15,2.090909090909091,-0.5203963921684651,0,0.0,3.0,1,0.0
EMP051,Nicholas Mcbride,R&D,Software Engineer,2026-04-16,1.916666666666667,-0.518971668287661,0,0.0,3.0,1,0.0
EMP051,Nicholas Mcbride,R&D,Software Engineer,2026-04-17,1.7692307692307692,-0.4705487547736274,0,0.0,3.0,1,0.0
EMP051,Nicholas Mcbride,R&D,Software Engineer,2026-04-20,3.928571428571429,2.9263380965124646,0,0.0,2.0,1,1.0
EMP051,Nicholas Mcbride,R&D,Software Engineer,2026-04-21,1.9333333333333336,-0.5334666851619277,0,0.0,1.0,1,0.0
EMP051,Nicholas Mcbride,R&D,Software Engineer,2026-04-22,5.6875,1.1918562360583989,0,0.0,0.0,1,1.0
EMP051,Nicholas Mcbride,R&D,Software Engineer,2026-04-23,2.1764705882352944,-0.3877200869206751,0,0.0,0.0,1,0.0
EMP051,Nicholas Mcbride,R&D,Software Engineer,2026-04-24,2.0555555555555554,-0.4916098904029037,0,0.0,0.0,1,0.0
EMP051,Nicholas Mcbride,R&D,Software Engineer,2026-04-27,1.9473684210526319,-0.5386080800361334,0,0.0,0.0,1,0.0
EMP051,Nicholas Mcbride,R&D,Software Engineer,2026-04-28,1.8499999999999996,-0.49884854962338604,0,0.0,0.0,1,0.0
EMP051,Nicholas Mcbride,R&D,Software Engineer,2026-04-29,1.7619047619047619,-0.5006537898201813,0,0.0,0.0,1,0.0
EMP051,Nicholas Mcbride,R&D,Software Engineer,2026-04-30,4.045454545454546,0.6370634473433358,0,0.0,0.0,1,1.0
EMP051,Nicholas Mcbride,R&D,Software Engineer,2026-05-01,1.8695652173913047,0.7147153234554785,0,0.0,0.0,2,1.0
EMP051,Nicholas Mcbride,R&D,Software Engineer,2026-05-04,1.791666666666667,-0.4715929623384402,0,0.0,0.0,2,0.0
EMP051,Nicholas Mcbride,R&D,Software Engineer,2026-05-05,1.7199999999999998,-0.44438162113674917,0,0.0,0.0,2,0.0
EMP051,Nicholas Mcbride,R&D,Software Engineer,2026-05-06,1.6538461538461542,-0.5025829190500897,0,0.0,0.0,2,0.0
EMP051,Nicholas Mcbride,R&D,Software Engineer,2026-05-07,1.5925925925925926,-0.43928447234579826,0,0.0,0.0,2,0.0
EMP051,Nicholas Mcbride,R&D,Software Engineer,2026-05-08,1.5357142857142856,-0.532183548747539,0,0.0,0.0,2,0.0
EMP051,Nicholas Mcbride,R&D,Software Engineer,2026-05-10,7.206896551724138,0.9236630270178616,1,0.0,0.0,2,1.0
EMP051,Nicholas Mcbride,R&D,Software Engineer,2026-05-11,5.033333333333333,0.8818947244253474,0,0.0,0.0,1,1.0
EMP051,Nicholas Mcbride,R&D,Software Engineer,2026-05-12,1.9666666666666668,-0.4390278450629206,0,0.0,0.0,1,0.0
EMP051,Nicholas Mcbride,R&D,Software Engineer,2026-05-13,1.9666666666666668,-0.48449512021553476,0,0.0,0.0,1,0.0
EMP051,Nicholas Mcbride,R&D,Software Engineer,2026-05-14,1.9666666666666668,-0.4726460191199041,0,0.0,0.0,1,0.0
EMP051,Nicholas Mcbride,R&D,Software Engineer,2026-05-15,1.9666666666666668,-0.5112816990179799,0,0.0,0.0,1,0.0
EMP051,Nicholas Mcbride,R&D,Software Engineer,2026-05-18,3.833333333333333,3.0071137461023953,0,0.0,1.0,1,1.0
EMP051,Nicholas Mcbride,R&D,Software Engineer,2026-05-19,2.166666666666667,-0.5372983959717919,0,0.0,1.0,1,0.0
EMP051,Nicholas Mcbride,R&D,Software Engineer,2026-05-20,2.833333333333333,-0.5361391485905166,0,0.0,1.0,1,0.0
EMP051,Nicholas Mcbride,R&D,Software Engineer,2026-05-21,1.5333333333333332,-0.47850420054283727,0,0.0,1.0,1,0.0
EMP051,Nicholas Mcbride,R&D,Software Engineer,2026-05-22,1.3666666666666663,-0.5348825598260807,0,0.0,1.0,1,0.0
EMP051,Nicholas Mcbride,R&D,Software Engineer,2026-05-25,1.3666666666666663,-0.462504816837908,0,0.0,1.0,1,0.0
EMP051,Nicholas Mcbride,R&D,Software Engineer,2026-05-26,1.3666666666666663,-0.49883085119008413,0,0.0,1.0,1,0.0
EMP051,Nicholas Mcbride,R&D,Software Engineer,2026-05-27,1.3666666666666663,-0.5046359373131116,0,0.0,0.0,1,0.0
EMP051,Nicholas Mcbride,R&D,Software Engineer,2026-05-28,1.3666666666666663,-0.3959852552726685,0,0.0,0.0,1,0.0
EMP051,Nicholas Mcbride,R&D,Software Engineer,2026-05-29,1.166666666666667,0.08841201498403617,0,0.0,1.0,1,1.0
EMP051,Nicholas Mcbride,R&D,Software Engineer,2026-06-01,1.166666666666667,-0.4748760217159451,0,0.0,1.0,1,0.0
EMP051,Nicholas Mcbride,R&D,Software Engineer,2026-06-02,0.9000000000000004,-0.5424928861459033,0,0.0,1.0,1,0.0
EMP051,Nicholas Mcbride,R&D,Software Engineer,2026-06-03,0.9000000000000004,-0.5086800293225987,0,0.0,1.0,1,0.0
EMP051,Nicholas Mcbride,R&D,Software Engineer,2026-06-04,0.9000000000000004,-0.46724799696282066,0,0.0,1.0,1,0.0
EMP051,Nicholas Mcbride,R&D,Software Engineer,2026-06-05,0.9000000000000004,-0.5759694727364715,0,0.0,1.0,1,0.0
EMP051,Nicholas Mcbride,R&D,Software Engineer,2026-06-08,0.9000000000000004,-0.4691151816761725,0,0.0,1.0,1,0.0
EMP051,Nicholas Mcbride,R&D,Software Engineer,2026-06-09,0.9000000000000004,-0.5052022871787728,0,0.0,0.0,1,0.0
EMP051,Nicholas Mcbride,R&D,Software Engineer,2026-06-10,0.6999999999999993,-0.47840685915967673,0,0.0,0.0,1,0.0
EMP051,Nicholas Mcbride,R&D,Software Engineer,2026-06-11,1.666666666666666,-0.4816191248039739,0,0.0,0.0,1,0.0
EMP051,Nicholas Mcbride,R&D,Software Engineer,2026-06-12,1.6333333333333329,-0.5734031999076942,0,0.0,0.0,1,0.0
EMP051,Nicholas Mcbride,R&D,Software Engineer,2026-06-15,0.6333333333333329,-0.5420150284467516,0,0.0,0.0,1,0.0
EMP051,Nicholas Mcbride,R&D,Software Engineer,2026-06-16,7.1,1.498729371080266,0,0.0,1.0,1,1.0
EMP051,Nicholas Mcbride,R&D,Software Engineer,2026-06-17,0.9000000000000004,-0.4196215129473731,0,0.0,1.0,1,0.0
EMP051,Nicholas Mcbride,R&D,Software Engineer,2026-06-18,1.8666666666666671,2.91639157699679,0,0.0,2.0,1,1.0
EMP051,Nicholas Mcbride,R&D,Software Engineer,2026-06-19,0.5666666666666664,-0.4653808122494688,0,0.0,2.0,1,0.0
EMP051,Nicholas Mcbride,R&D,Software Engineer,2026-06-22,0.3333333333333339,-0.3866581809225603,0,0.0,2.0,1,0.0
EMP051,Nicholas Mcbride,R&D,Software Engineer,2026-06-23,0.3333333333333339,-0.4020735163285265,0,0.0,2.0,1,0.0
EMP051,Nicholas Mcbride,R&D,Software Engineer,2026-06-24,0.3333333333333339,2.992424046461808,0,0.0,3.0,1,1.0
EMP051,Nicholas Mcbride,R&D,Software Engineer,2026-06-25,1.3000000000000007,-0.4555670309835581,0,0.0,2.0,1,0.0
EMP051,Nicholas Mcbride,R&D,Software Engineer,2026-06-26,0.3000000000000007,-0.45916866216049745,0,0.0,2.0,1,0.0
EMP051,Nicholas Mcbride,R&D,Software Engineer,2026-06-29,1.0666666666666664,-0.4761326104803809,0,0.0,1.0,1,0.0
EMP051,Nicholas Mcbride,R&D,Software Engineer,2026-06-30,0.06666666666666643,-0.42154179296063066,0,0.0,1.0,1,0.0
EMP051,Nicholas Mcbride,R&D,Software Engineer,2026-07-01,0.09999999999999964,0.5676413427165822,0,0.0,1.0,3,1.0
EMP051,Nicholas Mcbride,R&D,Software Engineer,2026-07-02,6.666666666666666,2.721399088092965,0,0.0,1.0,3,1.0
EMP051,Nicholas Mcbride,R&D,Software Engineer,2026-07-03,0.3333333333333339,-0.4700708970744757,0,0.0,0.0,3,0.0
EMP051,Nicholas Mcbride,R&D,Software Engineer,2026-07-06,0.3333333333333339,-0.43056799394460615,0,0.0,0.0,3,0.0
EMP051,Nicholas Mcbride,R&D,Software Engineer,2026-07-07,0.3333333333333339,0.9200525466242715,0,0.0,0.0,3,1.0
EMP051,Nicholas Mcbride,R&D,Software Engineer,2026-07-08,5.466666666666667,0.5068560735411624,0,0.0,1.0,3,1.0
EMP051,Nicholas Mcbride,R&D,Software Engineer,2026-07-09,1.5,0.09654444508626518,0,0.0,2.0,3,1.0
EMP051,Nicholas Mcbride,R&D,Software Engineer,2026-07-10,0.5,-0.44855845139600065,0,0.0,2.0,2,0.0
EMP051,Nicholas Mcbride,R&D,Software Engineer,2026-07-13,0.5,-0.4768493970291084,0,0.0,2.0,2,0.0
EMP051,Nicholas Mcbride,R&D,Software Engineer,2026-07-14,0.5,-0.5068393922591998,0,0.0,2.0,2,0.0
EMP051,Nicholas Mcbride,R&D,Software Engineer,2026-07-15,0.5,-0.47968999557406544,0,0.0,2.0,2,0.0
EMP051,Nicholas Mcbride,R&D,Software Engineer,2026-07-16,0.5,0.86508121278853,0,0.08333333333333333,2.0,2,1.0
EMP051,Nicholas Mcbride,R&D,Software Engineer,2026-07-17,0.5,-0.4692479199259368,0,0.0,1.0,2,0.0
EMP051,Nicholas Mcbride,R&D,Software Engineer,2026-07-20,0.5,-0.567341486501789,0,0.0,0.0,2,0.0
EMP051,Nicholas Mcbride,R&D,Software Engineer,2026-07-21,7.2333333333333325,0.09710194573527543,0,0.0,0.0,2,1.0
EMP051,Nicholas Mcbride,R&D,Software Engineer,2026-07-22,0.7666666666666675,-0.4702124845408911,0,0.0,0.0,2,0.0
EMP051,Nicholas Mcbride,R&D,Software Engineer,2026-07-23,0.8000000000000007,-0.3942242611591281,0,0.0,0.0,2,0.0
EMP051,Nicholas Mcbride,R&D,Software Engineer,2026-07-24,1.8000000000000007,-0.5418114964637796,0,0.0,0.0,2,0.0
EMP051,Nicholas Mcbride,R&D,Software Engineer,2026-07-27,0.8000000000000007,-0.49147715215313936,0,0.0,0.0,1,0.0
EMP051,Nicholas Mcbride,R&D,Software Engineer,2026-07-28,8.166666666666666,0.36570221874175635,0,0.0,1.0,1,1.0
EMP051,Nicholas Mcbride,R&D,Software Engineer,2026-07-29,0.8333333333333339,-0.41279876690948564,0,0.0,1.0,1,0.0
EMP052,Brenda White,R&D,QA Engineer,2026-04-01,0.0,-0.48647687928389377,0,0.0,0.0,1,0.0
EMP052,Brenda White,R&D,QA Engineer,2026-04-02,0.0,-0.4050544939287919,0,0.0,0.0,1,0.0
EMP052,Brenda White,R&D,QA Engineer,2026-04-03,5.333333333333333,1.322043703963006,0,0.0,1.0,1,1.0
EMP052,Brenda White,R&D,QA Engineer,2026-04-06,2.5,2.6116720041834407,0,0.0,1.0,1,1.0
EMP052,Brenda White,R&D,QA Engineer,2026-04-07,2.8,-0.48630468432702567,0,0.0,1.0,1,0.0
EMP052,Brenda White,R&D,QA Engineer,2026-04-08,2.666666666666667,5.409995028751962,0,0.0,1.0,2,1.0
EMP052,Brenda White,R&D,QA Engineer,2026-04-09,2.8571428571428568,-0.4333633448379148,0,0.0,1.0,2,0.0
EMP052,Brenda White,R&D,QA Engineer,2026-04-10,2.5,-0.422162062893642,0,0.0,1.0,2,0.0
EMP052,Brenda White,R&D,QA Engineer,2026-04-13,3.1111111111111107,0.25743977337786217,0,0.0,2.0,2,1.0
EMP052,Brenda White,R&D,QA Engineer,2026-04-14,4.6,1.1090643715606419,0,0.0,1.0,2,1.0
EMP052,Brenda White,R&D,QA Engineer,2026-04-15,4.0,-0.4315466880429559,0,0.0,1.0,2,0.0
EMP052,Brenda White,R&D,QA Engineer,2026-04-16,2.75,-0.40049993731962946,0,0.0,1.0,2,0.0
EMP052,Brenda White,R&D,QA Engineer,2026-04-17,2.5384615384615383,-0.4049425672068276,0,0.0,1.0,1,0.0
EMP052,Brenda White,R&D,QA Engineer,2026-04-20,2.3571428571428568,-0.4384344863176816,0,0.0,1.0,1,0.0
EMP052,Brenda White,R&D,QA Engineer,2026-04-21,2.2,-0.3333008554018363,0,0.0,1.0,1,0.0
EMP052,Brenda White,R&D,QA Engineer,2026-04-22,2.0625,-0.4685341647782331,0,0.0,0.0,1,0.0
EMP052,Brenda White,R&D,QA Engineer,2026-04-23,1.9411764705882355,-0.469989212163769,0,0.0,0.0,1,0.0
EMP052,Brenda White,R&D,QA Engineer,2026-04-24,1.833333333333333,-0.3643389963773192,0,0.0,0.0,1,0.0
EMP052,Brenda White,R&D,QA Engineer,2026-04-27,1.7368421052631575,-0.45869322299321874,0,0.0,0.0,1,0.0
EMP052,Brenda White,R&D,QA Engineer,2026-04-28,1.6500000000000004,3.443089524177744,0,0.0,1.0,2,1.0
EMP052,Brenda White,R&D,QA Engineer,2026-04-29,2.5238095238095237,-0.3357890725285809,0,0.0,1.0,2,0.0
EMP052,Brenda White,R&D,QA Engineer,2026-04-30,1.4545454545454541,-0.4499457191843171,0,0.0,1.0,2,0.0
EMP052,Brenda White,R&D,QA Engineer,2026-05-01,1.391304347826087,-0.4849787831591409,0,0.0,1.0,2,0.0
EMP052,Brenda White,R&D,QA Engineer,2026-05-04,1.333333333333333,-0.4534240573130535,0,0.0,1.0,2,0.0
EMP052,Brenda White,R&D,QA Engineer,2026-05-05,1.2800000000000002,-0.39761567179208807,0,0.0,1.0,2,0.0
EMP052,Brenda White,R&D,QA Engineer,2026-05-06,1.2307692307692308,-0.38227310113513646,0,0.0,1.0,2,0.0
EMP052,Brenda White,R&D,QA Engineer,2026-05-07,1.1851851851851851,1.217228633717367,0,0.0,0.0,2,1.0
EMP052,Brenda White,R&D,QA Engineer,2026-05-08,1.1428571428571432,-0.3829016127277051,0,0.0,0.0,2,0.0
EMP052,Brenda White,R&D,QA Engineer,2026-05-11,1.1034482758620694,0.7736285955814974,0,0.0,0.0,3,1.0
EMP052,Brenda White,R&D,QA Engineer,2026-05-12,1.0666666666666664,-0.4747504027211732,0,0.0,0.0,3,0.0
EMP052,Brenda White,R&D,QA Engineer,2026-05-13,1.0666666666666664,2.222235889730446,0,0.0,1.0,3,1.0
EMP052,Brenda White,R&D,QA Engineer,2026-05-14,1.0666666666666664,-0.47175421047166743,0,0.0,1.0,3,0.0
EMP052,Brenda White,R&D,QA Engineer,2026-05-15,0.8000000000000007,-0.38868736327847475,0,0.0,1.0,3,0.0
EMP052,Brenda White,R&D,QA Engineer,2026-05-18,0.5999999999999996,-0.49942594004037816,0,0.0,1.0,2,0.0
EMP052,Brenda White,R&D,QA Engineer,2026-05-19,1.5666666666666664,0.8089285617394671,0,0.0,1.0,3,1.0
EMP052,Brenda White,R&D,QA Engineer,2026-05-20,5.433333333333334,1.85007953919917,0,0.0,1.0,2,1.0
EMP052,Brenda White,R&D,QA Engineer,2026-05-21,1.5333333333333332,-0.35101110671572483,0,0.0,1.0,2,0.0
EMP052,Brenda White,R&D,QA Engineer,2026-05-22,0.5333333333333332,0.4315547040150859,0,0.0,0.0,3,1.0
EMP052,Brenda White,R&D,QA Engineer,2026-05-25,0.3333333333333339,-0.3839003434775404,0,0.0,0.0,3,0.0
EMP052,Brenda White,R&D,QA Engineer,2026-05-26,0.06666666666666643,-0.4452792358531903,0,0.0,0.0,3,0.0
EMP052,Brenda White,R&D,QA Engineer,2026-05-27,0.09999999999999964,-0.3760826924357267,0,0.0,0.0,3,0.0
EMP052,Brenda White,R&D,QA Engineer,2026-05-28,0.09999999999999964,-0.4449004069480804,0,0.0,0.0,2,0.0
EMP052,Brenda White,R&D,QA Engineer,2026-05-29,1.0666666666666664,-0.1109713368415321,0,0.14285714285714285,0.0,2,1.0
EMP052,Brenda White,R&D,QA Engineer,2026-06-01,0.06666666666666643,-0.5126677322235385,0,0.0,0.0,2,0.0
EMP052,Brenda White,R&D,QA Engineer,2026-06-02,0.06666666666666643,-0.4262516931192604,0,0.0,0.0,1,0.0
EMP052,Brenda White,R&D,QA Engineer,2026-06-03,0.06666666666666643,-0.46193048818233984,0,0.0,0.0,1,0.0
EMP052,Brenda White,R&D,QA Engineer,2026-06-04,0.06666666666666643,-0.334161830186177,0,0.125,0.0,1,1.0
EMP052,Brenda White,R&D,QA Engineer,2026-06-05,0.06666666666666643,-0.5121855863443077,0,0.0,0.0,1,0.0
EMP052,Brenda White,R&D,QA Engineer,2026-06-08,0.06666666666666643,0.0606209376775734,0,0.1111111111111111,0.0,1,1.0
EMP052,Brenda White,R&D,QA Engineer,2026-06-09,0.06666666666666643,-0.4257178887529692,0,0.0,0.0,1,0.0
EMP052,Brenda White,R&D,QA Engineer,2026-06-10,0.09999999999999964,-0.4137589489984766,0,0.0,0.0,1,0.0
EMP052,Brenda White,R&D,QA Engineer,2026-06-11,0.09999999999999964,-0.32298637748543446,0,0.1111111111111111,0.0,1,1.0
EMP052,Brenda White,R&D,QA Engineer,2026-06-12,0.09999999999999964,-0.46627841084326044,0,0.0,0.0,1,0.0
EMP052,Brenda White,R&D,QA Engineer,2026-06-13,9.766666666666667,-0.5266069139820148,1,0.0,0.0,1,0.0
EMP052,Brenda White,R&D,QA Engineer,2026-06-15,7.966666666666667,0.9311267128809455,0,0.0,0.0,1,1.0
EMP052,Brenda White,R&D,QA Engineer,2026-06-16,0.033333333333333215,-0.38775751051138685,0,0.0,0.0,1,0.0
EMP052,Brenda White,R&D,QA Engineer,2026-06-17,0.033333333333333215,-0.3944903333249312,0,0.0,0.0,1,0.0
EMP052,Brenda White,R&D,QA Engineer,2026-06-18,0.033333333333333215,1.5895916181968848,0,0.125,1.0,1,1.0
EMP052,Brenda White,R&D,QA Engineer,2026-06-19,1.0,-0.45538707982135035,0,0.0,1.0,1,0.0
EMP052,Brenda White,R&D,QA Engineer,2026-06-22,7.7333333333333325,2.5184628740307144,0,0.0,2.0,1,1.0
EMP052,Brenda White,R&D,QA Engineer,2026-06-23,0.2666666666666675,-0.34956466907803246,0,0.0,2.0,1,0.0
EMP052,Brenda White,R&D,QA Engineer,2026-06-24,0.2666666666666675,-0.5023790835506668,0,0.0,2.0,1,0.0
EMP052,Brenda White,R&D,QA Engineer,2026-06-25,0.2666666666666675,-0.37405940169252594,0,0.0,2.0,1,0.0
EMP052,Brenda White,R&D,QA Engineer,2026-06-26,0.2666666666666675,-0.4115118048113473,0,0.0,2.0,1,0.0
EMP052,Brenda White,R&D,QA Engineer,2026-06-29,0.3000000000000007,-0.45135771783063583,0,0.0,1.0,1,0.0
EMP052,Brenda White,R&D,QA Engineer,2026-06-30,0.09999999999999964,-0.4461574301332178,0,0.0,1.0,1,0.0
EMP052,Brenda White,R&D,QA Engineer,2026-07-01,0.13333333333333286,-0.49209904462563864,0,0.0,0.0,1,0.0
EMP052,Brenda White,R&D,QA Engineer,2026-07-02,0.13333333333333286,-0.4710482111485081,0,0.0,0.0,1,0.0
EMP052,Brenda White,R&D,QA Engineer,2026-07-03,0.13333333333333286,1.2401391727286732,0,0.0,0.0,2,1.0
EMP052,Brenda White,R&D,QA Engineer,2026-07-06,0.13333333333333286,-0.43586017171250285,0,0.0,0.0,2,0.0
EMP052,Brenda White,R&D,QA Engineer,2026-07-07,0.13333333333333286,-0.3341360009426467,0,0.0,0.0,2,0.0
EMP052,Brenda White,R&D,QA Engineer,2026-07-08,0.13333333333333286,-0.4397776069812531,0,0.0,0.0,2,0.0
EMP052,Brenda White,R&D,QA Engineer,2026-07-09,0.16666666666666607,0.14398912604528538,0,0.0,0.0,3,1.0
EMP052,Brenda White,R&D,QA Engineer,2026-07-10,0.16666666666666607,-0.4585124182885072,0,0.0,0.0,3,0.0
EMP052,Brenda White,R&D,QA Engineer,2026-07-13,0.16666666666666607,-0.4507464257337539,0,0.0,0.0,3,0.0
EMP052,Brenda White,R&D,QA Engineer,2026-07-14,0.16666666666666607,-0.46106090365015573,0,0.0,0.0,2,0.0
EMP052,Brenda White,R&D,QA Engineer,2026-07-15,0.16666666666666607,0.09344129645664176,0,0.1,0.0,2,1.0
EMP052,Brenda White,R&D,QA Engineer,2026-07-16,0.16666666666666607,-0.40231659411458837,0,0.0,0.0,2,0.0
EMP052,Brenda White,R&D,QA Engineer,2026-07-17,0.16666666666666607,-0.36135141387565695,0,0.0,0.0,2,0.0
EMP052,Brenda White,R&D,QA Engineer,2026-07-20,0.16666666666666607,-0.3651999711616599,0,0.0,0.0,1,0.0
EMP052,Brenda White,R&D,QA Engineer,2026-07-21,0.16666666666666607,0.3527238527608496,0,0.0,1.0,1,1.0
EMP052,Brenda White,R&D,QA Engineer,2026-07-22,0.16666666666666607,-0.3831082466759469,0,0.0,1.0,1,0.0
EMP052,Brenda White,R&D,QA Engineer,2026-07-23,0.16666666666666607,-0.44147372730640433,0,0.0,1.0,1,0.0
EMP052,Brenda White,R&D,QA Engineer,2026-07-24,0.5,-0.507243591082192,0,0.0,1.0,1,0.0
EMP052,Brenda White,R&D,QA Engineer,2026-07-27,0.2333333333333325,-0.4939845794033449,0,0.0,1.0,1,0.0
EMP052,Brenda White,R&D,QA Engineer,2026-07-28,0.2333333333333325,-0.4513663275784792,0,0.0,1.0,1,0.0
EMP052,Brenda White,R&D,QA Engineer,2026-07-29,0.2333333333333325,-0.42522713312589494,0,0.0,1.0,1,0.0
EMP053,Shannon Jones,R&D,QA Engineer,2026-04-01,0.0,-0.49353077994943473,0,0.0,0.0,1,0.0
EMP053,Shannon Jones,R&D,QA Engineer,2026-04-02,0.0,-0.3855924548838766,0,0.0,0.0,1,0.0
EMP053,Shannon Jones,R&D,QA Engineer,2026-04-03,0.0,-0.4883868897381541,0,0.0,0.0,1,0.0
EMP053,Shannon Jones,R&D,QA Engineer,2026-04-06,0.0,-0.47078761544963993,0,0.0,0.0,1,0.0
EMP053,Shannon Jones,R&D,QA Engineer,2026-04-07,0.0,-0.19897011715370613,0,0.16666666666666666,0.0,1,1.0
EMP053,Shannon Jones,R&D,QA Engineer,2026-04-08,5.833333333333333,1.7782345672672317,0,0.0,0.0,1,1.0
EMP053,Shannon Jones,R&D,QA Engineer,2026-04-09,1.0,-0.5456283000957752,0,0.0,0.0,1,0.0
EMP053,Shannon Jones,R&D,QA Engineer,2026-04-10,0.875,-0.0686804636336211,0,0.125,0.0,1,1.0
EMP053,Shannon Jones,R&D,QA Engineer,2026-04-13,0.7777777777777786,-0.48437682297701,0,0.0,0.0,1,0.0
EMP053,Shannon Jones,R&D,QA Engineer,2026-04-14,4.7,2.819134516115241,0,0.0,0.0,2,1.0
EMP053,Shannon Jones,R&D,QA Engineer,2026-04-15,1.1818181818181817,-0.508437223543875,0,0.0,0.0,2,0.0
EMP053,Shannon Jones,R&D,QA Engineer,2026-04-16,1.083333333333333,-0.5002003296561194,0,0.0,0.0,2,0.0
EMP053,Shannon Jones,R&D,QA Engineer,2026-04-17,1.0,-0.5230602112757811,0,0.0,0.0,2,0.0
EMP053,Shannon Jones,R&D,QA Engineer,2026-04-20,0.9285714285714288,-0.5482544352927824,0,0.0,0.0,2,0.0
EMP053,Shannon Jones,R&D,QA Engineer,2026-04-21,1.8000000000000007,-0.232142790007329,0,0.14285714285714285,0.0,2,1.0
EMP053,Shannon Jones,R&D,QA Engineer,2026-04-22,0.75,-0.4599579341134107,0,0.0,0.0,2,0.0
EMP053,Shannon Jones,R&D,QA Engineer,2026-04-23,0.7058823529411757,-0.4262433603461197,0,0.0,0.0,1,0.0
EMP053,Shannon Jones,R&D,QA Engineer,2026-04-24,0.6666666666666661,-0.5019677603283907,0,0.0,0.0,1,0.0
EMP053,Shannon Jones,R&D,QA Engineer,2026-04-27,0.6315789473684212,-0.44333408146949915,0,0.0,0.0,1,0.0
EMP053,Shannon Jones,R&D,QA Engineer,2026-04-28,0.5999999999999996,-0.4858107761639472,0,0.0,0.0,1,0.0
EMP053,Shannon Jones,R&D,QA Engineer,2026-04-29,0.5714285714285712,-0.4023246877105218,0,0.0,0.0,1,0.0
EMP053,Shannon Jones,R&D,QA Engineer,2026-04-30,7.090909090909092,1.4124264397298443,0,0.0,1.0,1,1.0
EMP053,Shannon Jones,R&D,QA Engineer,2026-05-01,0.8695652173913047,-0.4204325151641707,0,0.0,1.0,1,0.0
EMP053,Shannon Jones,R&D,QA Engineer,2026-05-04,4.916666666666667,2.310998197837203,0,0.0,1.0,1,1.0
EMP053,Shannon Jones,R&D,QA Engineer,2026-05-05,4.72,0.5912714798428272,0,0.0,1.0,1,1.0
EMP053,Shannon Jones,R&D,QA Engineer,2026-05-06,7.423076923076923,0.5903210690096248,0,0.0,2.0,1,1.0
EMP053,Shannon Jones,R&D,QA Engineer,2026-05-07,1.5185185185185182,-0.4659772027236936,0,0.0,2.0,1,0.0
EMP053,Shannon Jones,R&D,QA Engineer,2026-05-08,1.4642857142857144,-0.463175991846886,0,0.0,2.0,1,0.0
EMP053,Shannon Jones,R&D,QA Engineer,2026-05-11,1.4137931034482758,-0.4858274500382139,0,0.0,1.0,1,0.0
EMP053,Shannon Jones,R&D,QA Engineer,2026-05-12,1.3666666666666663,-0.4931806285898337,0,0.0,1.0,1,0.0
EMP053,Shannon Jones,R&D,QA Engineer,2026-05-13,1.3666666666666663,-0.43593921823221254,0,0.0,1.0,1,0.0
EMP053,Shannon Jones,R&D,QA Engineer,2026-05-14,4.433333333333334,0.08192630568045223,0,0.0,2.0,1,1.0
EMP053,Shannon Jones,R&D,QA Engineer,2026-05-15,6.166666666666667,0.8656984394615013,0,0.0,2.0,1,1.0
EMP053,Shannon Jones,R&D,QA Engineer,2026-05-18,1.833333333333333,1.772248646405482,0,0.0,3.0,1,1.0
EMP053,Shannon Jones,R&D,QA Engineer,2026-05-19,1.833333333333333,-0.563285932944223,0,0.0,3.0,1,0.0
EMP053,Shannon Jones,R&D,QA Engineer,2026-05-20,1.5999999999999996,-0.4980827476242469,0,0.0,3.0,1,0.0
EMP053,Shannon Jones,R&D,QA Engineer,2026-05-21,2.5666666666666664,-0.47072091995257315,0,0.0,3.0,1,0.0
EMP053,Shannon Jones,R&D,QA Engineer,2026-05-22,7.133333333333334,2.692438082499633,0,0.0,3.0,1,1.0
EMP053,Shannon Jones,R&D,QA Engineer,2026-05-25,1.8666666666666663,-0.4816089598487358,0,0.0,2.0,1,0.0
EMP053,Shannon Jones,R&D,QA Engineer,2026-05-26,2.6333333333333337,-0.5220014202598449,0,0.0,1.0,1,0.0
EMP053,Shannon Jones,R&D,QA Engineer,2026-05-27,1.6333333333333337,-0.487869999635886,0,0.0,0.0,1,0.0
EMP053,Shannon Jones,R&D,QA Engineer,2026-05-28,1.6333333333333337,-0.4272187819907223,0,0.0,0.0,1,0.0
EMP053,Shannon Jones,R&D,QA Engineer,2026-05-29,1.6333333333333337,-0.30981803327880536,0,0.0,0.0,1,0.0
EMP053,Shannon Jones,R&D,QA Engineer,2026-06-01,1.6333333333333337,0.07583200463596906,0,0.0,0.0,2,1.0
EMP053,Shannon Jones,R&D,QA Engineer,2026-06-02,1.666666666666667,-0.17130815974523145,0,0.125,0.0,2,1.0
EMP053,Shannon Jones,R&D,QA Engineer,2026-06-03,1.666666666666667,-0.4408330003294924,0,0.0,0.0,2,0.0
EMP053,Shannon Jones,R&D,QA Engineer,2026-06-04,1.666666666666667,-0.5165907480602969,0,0.0,0.0,2,0.0
EMP053,Shannon Jones,R&D,QA Engineer,2026-06-05,5.1,1.3975033222611373,0,0.0,0.0,2,1.0
EMP053,Shannon Jones,R&D,QA Engineer,2026-06-08,1.9000000000000004,-0.4948063313308381,0,0.0,0.0,2,0.0
EMP053,Shannon Jones,R&D,QA Engineer,2026-06-09,6.8,1.828931481975168,0,0.0,1.0,2,1.0
EMP053,Shannon Jones,R&D,QA Engineer,2026-06-10,2.2,-0.4177646952814968,0,0.0,1.0,1,0.0
EMP053,Shannon Jones,R&D,QA Engineer,2026-06-11,4.833333333333333,5.031524197068148,0,0.0,2.0,1,1.0
EMP053,Shannon Jones,R&D,QA Engineer,2026-06-12,2.166666666666667,-0.4076186427902027,0,0.0,2.0,1,0.0
EMP053,Shannon Jones,R&D,QA Engineer,2026-06-15,1.9666666666666668,-0.4839599761203422,0,0.0,2.0,1,0.0
EMP053,Shannon Jones,R&D,QA Engineer,2026-06-16,6.933333333333334,2.453234682269387,0,0.0,3.0,1,1.0
EMP053,Shannon Jones,R&D,QA Engineer,2026-06-17,2.7333333333333334,0.9077582872992817,0,0.0,3.0,2,1.0
EMP053,Shannon Jones,R&D,QA Engineer,2026-06-18,1.7333333333333334,0.26006997834599965,0,0.125,2.0,3,1.0
EMP053,Shannon Jones,R&D,QA Engineer,2026-06-19,1.7333333333333334,0.963198919236098,0,0.0,2.0,4,1.0
EMP053,Shannon Jones,R&D,QA Engineer,2026-06-22,1.7333333333333334,-0.37035253380410216,0,0.0,1.0,4,0.0
EMP053,Shannon Jones,R&D,QA Engineer,2026-06-23,1.7333333333333334,-0.48518550587894554,0,0.0,1.0,4,0.0
EMP053,Shannon Jones,R&D,QA Engineer,2026-06-24,1.7333333333333334,-0.4408913588894259,0,0.0,1.0,4,0.0
EMP053,Shannon Jones,R&D,QA Engineer,2026-06-25,1.5333333333333332,-0.4072851653048685,0,0.0,0.0,4,0.0
EMP053,Shannon Jones,R&D,QA Engineer,2026-06-26,1.2666666666666666,-0.46398467474882155,0,0.0,0.0,3,0.0
EMP053,Shannon Jones,R&D,QA Engineer,2026-06-29,1.2666666666666666,-0.384266881879673,0,0.0,0.0,2,0.0
EMP053,Shannon Jones,R&D,QA Engineer,2026-06-30,1.2666666666666666,-0.4328712253671375,0,0.0,0.0,1,0.0
EMP053,Shannon Jones,R&D,QA Engineer,2026-07-01,1.2666666666666666,-0.4943728105999036,0,0.0,0.0,1,0.0
EMP053,Shannon Jones,R&D,QA Engineer,2026-07-02,1.2999999999999998,-0.4261183062891194,0,0.0,0.0,1,0.0
EMP053,Shannon Jones,R&D,QA Engineer,2026-07-03,1.0,-0.5197587841709721,0,0.0,0.0,1,0.0
EMP053,Shannon Jones,R&D,QA Engineer,2026-07-06,1.0,-0.4802500390959988,0,0.0,0.0,1,0.0
EMP053,Shannon Jones,R&D,QA Engineer,2026-07-07,1.0333333333333332,-0.4246760161650488,0,0.0,0.0,1,0.0
EMP053,Shannon Jones,R&D,QA Engineer,2026-07-08,1.0333333333333332,-0.5330895466472081,0,0.0,0.0,1,0.0
EMP053,Shannon Jones,R&D,QA Engineer,2026-07-09,1.0333333333333332,-0.4518044095969887,0,0.0,0.0,1,0.0
EMP053,Shannon Jones,R&D,QA Engineer,2026-07-10,1.0333333333333332,-0.41407143213142017,0,0.0,0.0,1,0.0
EMP053,Shannon Jones,R&D,QA Engineer,2026-07-13,1.0333333333333332,-0.4360559353520795,0,0.0,0.0,1,0.0
EMP053,Shannon Jones,R&D,QA Engineer,2026-07-14,1.0333333333333332,-0.4561646277177338,0,0.0,0.0,1,0.0
EMP053,Shannon Jones,R&D,QA Engineer,2026-07-15,1.0333333333333332,1.4535275397972887,0,0.0,0.0,1,1.0
EMP053,Shannon Jones,R&D,QA Engineer,2026-07-16,1.0333333333333332,-0.46208385308241645,0,0.0,0.0,1,0.0
EMP053,Shannon Jones,R&D,QA Engineer,2026-07-17,0.8000000000000007,-0.5515225146490579,0,0.0,0.0,1,0.0
EMP053,Shannon Jones,R&D,QA Engineer,2026-07-20,0.8000000000000007,-0.5282791339212618,0,0.0,0.0,1,0.0
EMP053,Shannon Jones,R&D,QA Engineer,2026-07-21,0.5,-0.5077452577618063,0,0.0,0.0,1,0.0
EMP053,Shannon Jones,R&D,QA Engineer,2026-07-22,0.5,-0.48190908958553663,0,0.0,0.0,1,0.0
EMP053,Shannon Jones,R&D,QA Engineer,2026-07-23,0.2666666666666675,-0.5276455266991268,0,0.0,0.0,1,0.0
EMP053,Shannon Jones,R&D,QA Engineer,2026-07-24,0.2666666666666675,-0.41603894929489216,0,0.0,0.0,1,0.0
EMP053,Shannon Jones,R&D,QA Engineer,2026-07-27,0.2666666666666675,-0.530696845689935,0,0.0,0.0,1,0.0
EMP053,Shannon Jones,R&D,QA Engineer,2026-07-28,0.033333333333333215,0.4678931472062941,0,0.0,0.0,2,1.0
EMP053,Shannon Jones,R&D,QA Engineer,2026-07-29,0.0,-0.501342490043389,0,0.0,0.0,2,0.0
EMP054,Tammy Allison,R&D,QA Engineer,2026-04-01,0.0,-0.2924084404166807,0,0.0,0.0,1,0.0
EMP054,Tammy Allison,R&D,QA Engineer,2026-04-02,0.0,-0.271309070519588,0,0.0,0.0,1,0.0
EMP054,Tammy Allison,R&D,QA Engineer,2026-04-03,0.0,-0.2736377161741145,0,0.0,0.0,1,0.0
EMP054,Tammy Allison,R&D,QA Engineer,2026-04-06,0.75,-0.29405760284070703,0,0.0,0.0,1,0.0
EMP054,Tammy Allison,R&D,QA Engineer,2026-04-07,0.1999999999999993,-0.29890599880833824,0,0.0,0.0,1,0.0
EMP054,Tammy Allison,R&D,QA Engineer,2026-04-08,0.16666666666666607,-0.27662932984173316,0,0.0,0.0,1,0.0
EMP054,Tammy Allison,R&D,QA Engineer,2026-04-09,0.14285714285714235,-0.2921630714723334,0,0.0,0.0,1,0.0
EMP054,Tammy Allison,R&D,QA Engineer,2026-04-10,0.125,-0.2783044447502578,0,0.0,0.0,1,0.0
EMP054,Tammy Allison,R&D,QA Engineer,2026-04-13,0.11111111111111072,-0.2910707078066336,0,0.0,0.0,1,0.0
EMP054,Tammy Allison,R&D,QA Engineer,2026-04-14,0.09999999999999964,-0.27641463201542926,0,0.0,0.0,1,0.0
EMP054,Tammy Allison,R&D,QA Engineer,2026-04-15,5.545454545454545,0.3855813425664163,0,0.0,1.0,1,1.0
EMP054,Tammy Allison,R&D,QA Engineer,2026-04-16,0.4166666666666661,-0.22017795742445292,0,0.125,1.0,1,1.0
EMP054,Tammy Allison,R&D,QA Engineer,2026-04-17,0.384615384615385,-0.2999653320392221,0,0.0,1.0,1,0.0
EMP054,Tammy Allison,R&D,QA Engineer,2026-04-20,0.35714285714285765,-0.28101058108839544,0,0.0,1.0,1,0.0
EMP054,Tammy Allison,R&D,QA Engineer,2026-04-21,0.3333333333333339,-0.29812506495661756,0,0.0,1.0,1,0.0
EMP054,Tammy Allison,R&D,QA Engineer,2026-04-22,0.3125,-0.304079980490584,0,0.0,1.0,1,0.0
EMP054,Tammy Allison,R&D,QA Engineer,2026-04-23,0.29411764705882426,-0.27181160499214535,0,0.0,1.0,1,0.0
EMP054,Tammy Allison,R&D,QA Engineer,2026-04-24,0.27777777777777857,-0.29703034197414513,0,0.0,0.0,1,0.0
EMP054,Tammy Allison,R&D,QA Engineer,2026-04-27,0.2631578947368425,-0.2675719127518372,0,0.0,0.0,1,0.0
EMP054,Tammy Allison,R&D,QA Engineer,2026-04-28,0.25,-0.26867843231817257,0,0.0,0.0,1,0.0
EMP054,Tammy Allison,R&D,QA Engineer,2026-04-29,0.23809523809523725,-0.28185521649297546,0,0.0,0.0,1,0.0
EMP054,Tammy Allison,R&D,QA Engineer,2026-04-30,0.22727272727272663,-0.2891313494195811,0,0.0,0.0,1,0.0
EMP054,Tammy Allison,R&D,QA Engineer,2026-05-01,0.21739130434782616,-0.2842381264332711,0,0.0,0.0,1,0.0
EMP054,Tammy Allison,R&D,QA Engineer,2026-05-04,0.20833333333333393,-0.2838535577993422,0,0.0,0.0,1,0.0
EMP054,Tammy Allison,R&D,QA Engineer,2026-05-05,0.1999999999999993,-0.27498960468479705,0,0.0,0.0,1,0.0
EMP054,Tammy Allison,R&D,QA Engineer,2026-05-06,0.19230769230769162,-0.30446218980774037,0,0.0,0.0,1,0.0
EMP054,Tammy Allison,R&D,QA Engineer,2026-05-07,8.481481481481481,-0.11363357129196837,0,0.0,0.0,1,1.0
EMP054,Tammy Allison,R&D,QA Engineer,2026-05-08,0.5,-0.28127954320046844,0,0.0,0.0,1,0.0
EMP054,Tammy Allison,R&D,QA Engineer,2026-05-11,0.4827586206896548,-0.29320588948580933,0,0.0,0.0,1,0.0
EMP054,Tammy Allison,R&D,QA Engineer,2026-05-12,0.4666666666666668,-0.27525620748009744,0,0.0,0.0,1,0.0
EMP054,Tammy Allison,R&D,QA Engineer,2026-05-13,0.4666666666666668,-0.3052714354607318,0,0.0,0.0,1,0.0
EMP054,Tammy Allison,R&D,QA Engineer,2026-05-14,0.4666666666666668,-0.2875034208465078,0,0.0,0.0,1,0.0
EMP054,Tammy Allison,R&D,QA Engineer,2026-05-15,0.4666666666666668,-0.2665243761048162,0,0.0,0.0,1,0.0
EMP054,Tammy Allison,R&D,QA Engineer,2026-05-18,0.5,-0.2705446518852754,0,0.0,0.0,1,0.0
EMP054,Tammy Allison,R&D,QA Engineer,2026-05-19,0.5,-0.24431848664138822,0,0.0,0.0,1,0.0
EMP054,Tammy Allison,R&D,QA Engineer,2026-05-20,0.5,-0.3025063162032799,0,0.0,0.0,1,0.0
EMP054,Tammy Allison,R&D,QA Engineer,2026-05-21,0.5,-0.3036671000553843,0,0.0,0.0,1,0.0
EMP054,Tammy Allison,R&D,QA Engineer,2026-05-22,0.5,-0.2603524034277733,0,0.0,0.0,1,0.0
EMP054,Tammy Allison,R&D,QA Engineer,2026-05-25,0.5,-0.2971365112289108,0,0.0,0.0,1,0.0
EMP054,Tammy Allison,R&D,QA Engineer,2026-05-26,0.5,-0.25546625839178105,0,0.0,0.0,1,0.0
EMP054,Tammy Allison,R&D,QA Engineer,2026-05-27,0.3000000000000007,-0.27548270189026414,0,0.0,0.0,1,0.0
EMP054,Tammy Allison,R&D,QA Engineer,2026-05-28,1.2666666666666675,-0.3077770298732011,0,0.0,0.0,1,0.0
EMP054,Tammy Allison,R&D,QA Engineer,2026-05-29,0.2666666666666675,-0.29389716930017235,0,0.0,0.0,1,0.0
EMP054,Tammy Allison,R&D,QA Engineer,2026-06-01,0.2666666666666675,-0.2895064807864197,0,0.0,0.0,1,0.0
EMP054,Tammy Allison,R&D,QA Engineer,2026-06-02,0.2666666666666675,-0.0950728262421609,0,0.0,1.0,1,1.0
EMP054,Tammy Allison,R&D,QA Engineer,2026-06-03,0.2666666666666675,-0.2975871407324716,0,0.0,1.0,1,0.0
EMP054,Tammy Allison,R&D,QA Engineer,2026-06-04,0.2666666666666675,-0.27618577828849,0,0.0,1.0,1,0.0
EMP054,Tammy Allison,R&D,QA Engineer,2026-06-05,6.5,0.48845227248400963,0,0.0,2.0,1,1.0
EMP054,Tammy Allison,R&D,QA Engineer,2026-06-08,1.4666666666666668,-0.29822179694429296,0,0.0,2.0,1,0.0
EMP054,Tammy Allison,R&D,QA Engineer,2026-06-09,1.4333333333333336,-0.2817891556233435,0,0.0,2.0,1,0.0
EMP054,Tammy Allison,R&D,QA Engineer,2026-06-10,0.43333333333333357,-0.2858283059379832,0,0.0,2.0,1,0.0
EMP054,Tammy Allison,R&D,QA Engineer,2026-06-11,0.43333333333333357,-0.2769336817053947,0,0.0,1.0,1,0.0
EMP054,Tammy Allison,R&D,QA Engineer,2026-06-12,0.43333333333333357,-0.2820793515863696,0,0.0,1.0,1,0.0
EMP054,Tammy Allison,R&D,QA Engineer,2026-06-15,1.4000000000000004,-0.2922692407270991,0,0.0,1.0,1,0.0
EMP054,Tammy Allison,R&D,QA Engineer,2026-06-16,0.40000000000000036,-0.2719909130668607,0,0.0,0.0,1,0.0
EMP054,Tammy Allison,R&D,QA Engineer,2026-06-17,0.40000000000000036,-0.28321654227074833,0,0.0,0.0,1,0.0
EMP054,Tammy Allison,R&D,QA Engineer,2026-06-18,0.09999999999999964,-0.28043962642943354,0,0.0,0.0,1,0.0
EMP054,Tammy Allison,R&D,QA Engineer,2026-06-19,0.09999999999999964,-0.2556361291994061,0,0.0,0.0,1,0.0
EMP054,Tammy Allison,R&D,QA Engineer,2026-06-20,7.833333333333334,-0.3195051935496461,1,0.0,0.0,1,0.0
EMP054,Tammy Allison,R&D,QA Engineer,2026-06-22,0.8000000000000007,-0.30301828794292757,0,0.0,0.0,1,0.0
EMP054,Tammy Allison,R&D,QA Engineer,2026-06-23,0.1999999999999993,-0.2756903217662503,0,0.0,0.0,1,0.0
EMP054,Tammy Allison,R&D,QA Engineer,2026-06-24,0.1999999999999993,-0.28584010252184605,0,0.0,0.0,1,0.0
EMP054,Tammy Allison,R&D,QA Engineer,2026-06-25,0.1999999999999993,-0.2709929220720636,0,0.0,0.0,1,0.0
EMP054,Tammy Allison,R&D,QA Engineer,2026-06-26,0.1999999999999993,-0.2971365112289108,0,0.0,0.0,1,0.0
EMP054,Tammy Allison,R&D,QA Engineer,2026-06-29,0.1999999999999993,-0.24175390930960472,0,0.0,0.0,1,0.0
EMP054,Tammy Allison,R&D,QA Engineer,2026-06-30,0.1999999999999993,-0.29566429756282714,0,0.0,0.0,1,0.0
EMP054,Tammy Allison,R&D,QA Engineer,2026-07-01,0.1999999999999993,-0.28990284600421146,0,0.0,0.0,1,0.0
EMP054,Tammy Allison,R&D,QA Engineer,2026-07-02,0.1999999999999993,-0.3042876003665702,0,0.0,0.0,1,0.0
EMP054,Tammy Allison,R&D,QA Engineer,2026-07-03,0.1999999999999993,-0.3114103777029587,0,0.0,0.0,1,0.0
EMP054,Tammy Allison,R&D,QA Engineer,2026-07-06,0.1999999999999993,-0.306878130182852,0,0.0,0.0,1,0.0
EMP054,Tammy Allison,R&D,QA Engineer,2026-07-07,0.1999999999999993,-0.28260076059310757,0,0.0,0.0,1,0.0
EMP054,Tammy Allison,R&D,QA Engineer,2026-07-08,0.16666666666666607,-0.27800717083691395,0,0.0,0.0,1,0.0
EMP054,Tammy Allison,R&D,QA Engineer,2026-07-09,0.16666666666666607,-0.29153077457728466,0,0.0,0.0,1,0.0
EMP054,Tammy Allison,R&D,QA Engineer,2026-07-10,0.16666666666666607,-0.2848491894773667,0,0.0,0.0,1,0.0
EMP054,Tammy Allison,R&D,QA Engineer,2026-07-13,0.16666666666666607,-0.27731589102255094,0,0.0,0.0,1,0.0
EMP054,Tammy Allison,R&D,QA Engineer,2026-07-14,0.16666666666666607,-0.26912670250496085,0,0.0,0.0,1,0.0
EMP054,Tammy Allison,R&D,QA Engineer,2026-07-15,0.16666666666666607,0.35826517297360194,0,0.0,1.0,1,1.0
EMP054,Tammy Allison,R&D,QA Engineer,2026-07-16,0.40000000000000036,-0.2982737019132895,0,0.0,1.0,1,0.0
EMP054,Tammy Allison,R&D,QA Engineer,2026-07-17,0.36666666666666714,3.490458730485825,0,0.2222222222222222,5.0,1,1.0
EMP054,Tammy Allison,R&D,QA Engineer,2026-07-20,0.3333333333333339,4.151388293886469,0,0.0,8.0,1,1.0
EMP054,Tammy Allison,R&D,QA Engineer,2026-07-21,0.3333333333333339,5.706576771544603,0,0.3333333333333333,14.0,1,1.0
EMP054,Tammy Allison,R&D,QA Engineer,2026-07-22,0.3333333333333339,2.5939136382757146,0,0.14285714285714285,17.0,1,1.0
EMP054,Tammy Allison,R&D,QA Engineer,2026-07-23,0.6333333333333329,1.3060145170987973,0,0.0,19.0,1,1.0
EMP054,Tammy Allison,R&D,QA Engineer,2026-07-24,0.3333333333333339,2.4755962614481057,0,0.1,20.0,1,1.0
EMP055,John Lewis,R&D,Software Engineer,2026-04-01,0.0,-0.015638134324525765,0,0.09090909090909091,0.0,1,1.0
EMP055,John Lewis,R&D,Software Engineer,2026-04-02,0.0,-0.3863956014200174,0,0.0,0.0,1,0.0
EMP055,John Lewis,R&D,Software Engineer,2026-04-03,0.0,-0.42253560752957603,0,0.0,0.0,1,0.0
EMP055,John Lewis,R&D,Software Engineer,2026-04-06,0.75,-0.4285154428650362,0,0.0,0.0,1,0.0
EMP055,John Lewis,R&D,Software Engineer,2026-04-07,0.1999999999999993,-0.4466545325924974,0,0.0,0.0,1,0.0
EMP055,John Lewis,R&D,Software Engineer,2026-04-08,0.16666666666666607,-0.44914165280904306,0,0.0,0.0,1,0.0
EMP055,John Lewis,R&D,Software Engineer,2026-04-09,0.14285714285714235,-0.40839586852069604,0,0.0,0.0,1,0.0
EMP055,John Lewis,R&D,Software Engineer,2026-04-10,0.125,-0.4614160516555137,0,0.0,0.0,1,0.0
EMP055,John Lewis,R&D,Software Engineer,2026-04-13,0.11111111111111072,-0.3036758253289799,0,0.16666666666666666,0.0,1,1.0
EMP055,John Lewis,R&D,Software Engineer,2026-04-14,0.09999999999999964,-0.3962903482074476,0,0.0,0.0,1,0.0
EMP055,John Lewis,R&D,Software Engineer,2026-04-15,0.09090909090909172,-0.4670274247366708,0,0.0,0.0,1,0.0
EMP055,John Lewis,R&D,Software Engineer,2026-04-16,0.08333333333333393,-0.4550524014718213,0,0.0,0.0,1,0.0
EMP055,John Lewis,R&D,Software Engineer,2026-04-17,0.07692307692307665,-0.4570789438704881,0,0.0,0.0,1,0.0
EMP055,John Lewis,R&D,Software Engineer,2026-04-20,0.07142857142857117,-0.4639722585447412,0,0.0,0.0,1,0.0
EMP055,John Lewis,R&D,Software Engineer,2026-04-21,0.06666666666666643,-0.4777128301114596,0,0.0,0.0,1,0.0
EMP055,John Lewis,R&D,Software Engineer,2026-04-22,0.0625,-0.3814136846899614,0,0.0,0.0,1,0.0
EMP055,John Lewis,R&D,Software Engineer,2026-04-23,0.0588235294117645,-0.42571359447293994,0,0.0,0.0,1,0.0
EMP055,John Lewis,R&D,Software Engineer,2026-04-24,0.05555555555555536,-0.45577397338649817,0,0.0,0.0,1,0.0
EMP055,John Lewis,R&D,Software Engineer,2026-04-27,0.05263157894736814,1.3453309360225867,0,0.0,1.0,1,1.0
EMP055,John Lewis,R&D,Software Engineer,2026-04-28,7.65,2.6034529796373573,0,0.0,2.0,2,1.0
EMP055,John Lewis,R&D,Software Engineer,2026-04-29,0.3333333333333339,-0.39421007173002814,0,0.0,2.0,2,0.0
EMP055,John Lewis,R&D,Software Engineer,2026-04-30,1.2727272727272734,-0.43925458231857756,0,0.0,2.0,2,0.0
EMP055,John Lewis,R&D,Software Engineer,2026-05-01,0.2608695652173907,-0.45979635299597327,0,0.0,2.0,2,0.0
EMP055,John Lewis,R&D,Software Engineer,2026-05-04,0.25,-0.445464706562977,0,0.0,2.0,2,0.0
EMP055,John Lewis,R&D,Software Engineer,2026-05-05,1.1999999999999993,-0.20580303902972905,0,0.0,2.0,3,1.0
EMP055,John Lewis,R&D,Software Engineer,2026-05-06,0.19230769230769162,-0.4195879094951516,0,0.0,1.0,3,0.0
EMP055,John Lewis,R&D,Software Engineer,2026-05-07,0.18518518518518512,-0.39119328702292183,0,0.0,0.0,2,0.0
EMP055,John Lewis,R&D,Software Engineer,2026-05-08,1.1428571428571423,-0.0956865590718659,0,0.14285714285714285,0.0,2,1.0
EMP055,John Lewis,R&D,Software Engineer,2026-05-11,0.137931034482758,-0.3751958841485972,0,0.0,0.0,2,0.0
EMP055,John Lewis,R&D,Software Engineer,2026-05-12,5.666666666666666,1.8163945755551225,0,0.0,1.0,2,1.0
EMP055,John Lewis,R&D,Software Engineer,2026-05-13,1.3000000000000007,0.7860436154753616,0,0.0,1.0,3,1.0
EMP055,John Lewis,R&D,Software Engineer,2026-05-14,0.3000000000000007,0.384765191648433,0,0.0,1.0,3,1.0
EMP055,John Lewis,R&D,Software Engineer,2026-05-15,0.3000000000000007,-0.41279438668143886,0,0.0,1.0,3,0.0
EMP055,John Lewis,R&D,Software Engineer,2026-05-18,0.3333333333333339,-0.4197644643253384,0,0.0,1.0,3,0.0
EMP055,John Lewis,R&D,Software Engineer,2026-05-19,1.3000000000000007,-0.48041488664301535,0,0.0,1.0,3,0.0
EMP055,John Lewis,R&D,Software Engineer,2026-05-20,0.3000000000000007,-0.45480675996895265,0,0.0,1.0,3,0.0
EMP055,John Lewis,R&D,Software Engineer,2026-05-21,0.3000000000000007,-0.36974571330369777,0,0.0,0.0,3,0.0
EMP055,John Lewis,R&D,Software Engineer,2026-05-22,0.3000000000000007,-0.5151885118928669,0,0.0,0.0,2,0.0
EMP055,John Lewis,R&D,Software Engineer,2026-05-25,0.3000000000000007,-0.45403913027248793,0,0.0,0.0,1,0.0
EMP055,John Lewis,R&D,Software Engineer,2026-05-26,1.2666666666666675,4.408142719728932,0,0.0,1.0,2,1.0
EMP055,John Lewis,R&D,Software Engineer,2026-05-27,6.5,2.6525121935384175,0,0.0,2.0,2,1.0
EMP055,John Lewis,R&D,Software Engineer,2026-05-28,0.5,-0.410767844282772,0,0.0,2.0,2,0.0
EMP055,John Lewis,R&D,Software Engineer,2026-05-29,0.5,-0.3916768937316946,0,0.0,2.0,2,0.0
EMP055,John Lewis,R&D,Software Engineer,2026-06-01,0.5,-0.39593723854707374,0,0.0,2.0,2,0.0
EMP055,John Lewis,R&D,Software Engineer,2026-06-02,0.5,-0.45182835674666955,0,0.0,2.0,2,0.0
EMP055,John Lewis,R&D,Software Engineer,2026-06-03,0.5,-0.50272220562228,0,0.0,2.0,2,0.0
EMP055,John Lewis,R&D,Software Engineer,2026-06-04,0.5,-0.3926671360401341,0,0.0,1.0,1,0.0
EMP055,John Lewis,R&D,Software Engineer,2026-06-05,0.5,1.6296149178113288,0,0.0,0.0,2,1.0
EMP055,John Lewis,R&D,Software Engineer,2026-06-08,4.333333333333334,1.6927294314546573,0,0.0,1.0,2,1.0
EMP055,John Lewis,R&D,Software Engineer,2026-06-09,0.40000000000000036,0.009187010059143073,0,0.0,1.0,3,1.0
EMP055,John Lewis,R&D,Software Engineer,2026-06-10,0.40000000000000036,-0.44120436174759786,0,0.0,1.0,3,0.0
EMP055,John Lewis,R&D,Software Engineer,2026-06-11,0.43333333333333357,-0.3962903482074476,0,0.0,1.0,3,0.0
EMP055,John Lewis,R&D,Software Engineer,2026-06-12,0.43333333333333357,-0.4757784032763685,0,0.0,1.0,3,0.0
EMP055,John Lewis,R&D,Software Engineer,2026-06-15,0.43333333333333357,-0.46440980747172617,0,0.0,1.0,3,0.0
EMP055,John Lewis,R&D,Software Engineer,2026-06-16,0.4666666666666668,-0.3994376299629528,0,0.0,1.0,2,0.0
EMP055,John Lewis,R&D,Software Engineer,2026-06-17,0.4666666666666668,-0.42383290171660143,0,0.0,0.0,2,0.0
EMP055,John Lewis,R&D,Software Engineer,2026-06-18,0.4666666666666668,-0.4625291147153876,0,0.0,0.0,1,0.0
EMP055,John Lewis,R&D,Software Engineer,2026-06-19,0.5,-0.4759472818095908,0,0.0,0.0,1,0.0
EMP055,John Lewis,R&D,Software Engineer,2026-06-22,1.4666666666666668,-0.3656312181306469,0,0.0,0.0,1,0.0
EMP055,John Lewis,R&D,Software Engineer,2026-06-23,0.2666666666666675,2.1266935277570536,0,0.0,0.0,1,1.0
EMP055,John Lewis,R&D,Software Engineer,2026-06-24,0.3000000000000007,-0.395845122983498,0,0.0,0.0,1,0.0
EMP055,John Lewis,R&D,Software Engineer,2026-06-25,0.3000000000000007,-0.509400583981523,0,0.0,0.0,1,0.0
EMP055,John Lewis,R&D,Software Engineer,2026-06-26,0.3000000000000007,-0.4662597950402061,0,0.0,0.0,1,0.0
EMP055,John Lewis,R&D,Software Engineer,2026-06-29,0.3000000000000007,-0.35197508583053966,0,0.0,0.0,1,0.0
EMP055,John Lewis,R&D,Software Engineer,2026-06-30,1.3000000000000007,-0.4237484624499903,0,0.0,0.0,1,0.0
EMP055,John Lewis,R&D,Software Engineer,2026-07-01,0.3000000000000007,-0.4561270830468719,0,0.0,0.0,1,0.0
EMP055,John Lewis,R&D,Software Engineer,2026-07-02,0.3000000000000007,-0.44062863947524933,0,0.0,0.0,1,0.0
EMP055,John Lewis,R&D,Software Engineer,2026-07-03,0.3000000000000007,-0.042228827010063405,0,0.125,0.0,1,1.0
EMP055,John Lewis,R&D,Software Engineer,2026-07-06,0.3000000000000007,-0.4297666792702737,0,0.0,0.0,1,0.0
EMP055,John Lewis,R&D,Software Engineer,2026-07-07,0.3333333333333339,-0.45485281775074043,0,0.0,0.0,1,0.0
EMP055,John Lewis,R&D,Software Engineer,2026-07-08,1.0666666666666664,-0.47151038216402474,0,0.0,0.0,1,0.0
EMP055,John Lewis,R&D,Software Engineer,2026-07-09,0.06666666666666643,-0.3956455392624172,0,0.0,0.0,1,0.0
EMP055,John Lewis,R&D,Software Engineer,2026-07-10,0.06666666666666643,2.406978158827214,0,0.0,1.0,1,1.0
EMP055,John Lewis,R&D,Software Engineer,2026-07-13,7.666666666666666,2.4258234678754227,0,0.0,2.0,1,1.0
EMP055,John Lewis,R&D,Software Engineer,2026-07-14,0.3333333333333339,-0.4351477634424913,0,0.0,2.0,1,0.0
EMP055,John Lewis,R&D,Software Engineer,2026-07-15,0.3333333333333339,-0.3514377450430144,0,0.0,2.0,1,0.0
EMP055,John Lewis,R&D,Software Engineer,2026-07-16,0.3333333333333339,-0.44366845307324965,0,0.0,2.0,1,0.0
EMP055,John Lewis,R&D,Software Engineer,2026-07-17,0.3333333333333339,-0.40503365045018064,0,0.14285714285714285,2.0,1,1.0
EMP055,John Lewis,R&D,Software Engineer,2026-07-20,0.16666666666666607,-0.4682018981722618,0,0.0,2.0,1,0.0
EMP055,John Lewis,R&D,Software Engineer,2026-07-21,0.16666666666666607,-0.45338664503049286,0,0.0,1.0,1,0.0
EMP055,John Lewis,R&D,Software Engineer,2026-07-22,0.16666666666666607,-0.4293368066402534,0,0.0,0.0,1,0.0
EMP055,John Lewis,R&D,Software Engineer,2026-07-23,1.1333333333333329,-0.4503468314324926,0,0.0,0.0,1,0.0
EMP055,John Lewis,R&D,Software Engineer,2026-07-24,0.13333333333333286,-0.06117392791881248,0,0.125,0.0,1,1.0
EMP055,John Lewis,R&D,Software Engineer,2026-07-27,5.666666666666666,3.0024361906718564,0,0.0,0.0,1,1.0
EMP055,John Lewis,R&D,Software Engineer,2026-07-28,0.3333333333333339,-0.5015323795927596,0,0.0,0.0,1,0.0
EMP055,John Lewis,R&D,Software Engineer,2026-07-29,8.366666666666667,1.6331613670089957,0,0.0,0.0,1,1.0
EMP056,William Baker,R&D,QA Engineer,2026-04-01,0.0,-0.4929169224713748,0,0.0,0.0,1,0.0
EMP056,William Baker,R&D,QA Engineer,2026-04-02,0.5,-0.4937224756733839,0,0.0,0.0,1,0.0
EMP056,William Baker,R&D,QA Engineer,2026-04-03,0.3333333333333339,-0.40509697703053094,0,0.0,0.0,1,0.0
EMP056,William Baker,R&D,QA Engineer,2026-04-06,7.0,3.164155473642204,0,0.0,1.0,1,1.0
EMP056,William Baker,R&D,QA Engineer,2026-04-07,1.5999999999999996,-0.1093857197839271,0,0.1,1.0,1,1.0
EMP056,William Baker,R&D,QA Engineer,2026-04-08,5.333333333333333,2.106581290779127,0,0.0,2.0,2,1.0
EMP056,William Baker,R&D,QA Engineer,2026-04-09,2.2857142857142856,-0.43943551306889966,0,0.0,2.0,2,0.0
EMP056,William Baker,R&D,QA Engineer,2026-04-10,2.0,-0.40361036521227783,0,0.0,2.0,2,0.0
EMP056,William Baker,R&D,QA Engineer,2026-04-13,1.7777777777777777,-0.5075194050605212,0,0.0,2.0,2,0.0
EMP056,William Baker,R&D,QA Engineer,2026-04-14,1.5999999999999996,-0.49178914798856216,0,0.0,2.0,2,0.0
EMP056,William Baker,R&D,QA Engineer,2026-04-15,2.3636363636363633,0.08196978174786496,0,0.0,2.0,2,1.0
EMP056,William Baker,R&D,QA Engineer,2026-04-16,1.25,-0.44238676707262375,0,0.0,2.0,2,0.0
EMP056,William Baker,R&D,QA Engineer,2026-04-17,2.0769230769230766,-0.522832239109621,0,0.0,1.0,1,0.0
EMP056,William Baker,R&D,QA Engineer,2026-04-20,1.0,-0.4248989393780995,0,0.0,1.0,1,0.0
EMP056,William Baker,R&D,QA Engineer,2026-04-21,0.9333333333333336,-0.4790321145531093,0,0.0,1.0,1,0.0
EMP056,William Baker,R&D,QA Engineer,2026-04-22,0.875,-0.4694460314492014,0,0.0,1.0,1,0.0
EMP056,William Baker,R&D,QA Engineer,2026-04-23,1.764705882352942,-0.48997299167857805,0,0.0,1.0,1,0.0
EMP056,William Baker,R&D,QA Engineer,2026-04-24,0.7222222222222214,-0.4671392200070844,0,0.0,0.0,1,0.0
EMP056,William Baker,R&D,QA Engineer,2026-04-27,0.6842105263157894,-0.5189509373181226,0,0.0,0.0,1,0.0
EMP056,William Baker,R&D,QA Engineer,2026-04-28,0.6500000000000004,-0.4443347411793002,0,0.0,0.0,1,0.0
EMP056,William Baker,R&D,QA Engineer,2026-04-29,0.6190476190476186,-0.4612440352105635,0,0.0,0.0,1,0.0
EMP056,William Baker,R&D,QA Engineer,2026-04-30,0.5909090909090917,0.7232194233907977,0,0.0,0.0,2,1.0
EMP056,William Baker,R&D,QA Engineer,2026-05-01,0.5652173913043477,0.4835600225821708,0,0.1111111111111111,0.0,3,1.0
EMP056,William Baker,R&D,QA Engineer,2026-05-04,6.166666666666666,2.845002618217136,0,0.0,2.0,3,1.0
EMP056,William Baker,R&D,QA Engineer,2026-05-05,0.8000000000000007,-0.4711816324389845,0,0.0,2.0,3,0.0
EMP056,William Baker,R&D,QA Engineer,2026-05-06,1.73076923076923,-0.47836570235872,0,0.0,2.0,3,0.0
EMP056,William Baker,R&D,QA Engineer,2026-05-07,0.7037037037037042,0.12479591925103832,0,0.1111111111111111,2.0,3,1.0
EMP056,William Baker,R&D,QA Engineer,2026-05-08,0.6785714285714288,-0.43158503095477485,0,0.0,2.0,3,0.0
EMP056,William Baker,R&D,QA Engineer,2026-05-11,0.6551724137931032,-0.42800398081129815,0,0.0,2.0,2,0.0
EMP056,William Baker,R&D,QA Engineer,2026-05-12,7.1,1.0148662985727195,0,0.0,3.0,1,1.0
EMP056,William Baker,R&D,QA Engineer,2026-05-13,0.9000000000000004,-0.4314751827908645,0,0.0,1.0,1,0.0
EMP056,William Baker,R&D,QA Engineer,2026-05-14,0.9333333333333336,-0.47460889515298676,0,0.0,1.0,1,0.0
EMP056,William Baker,R&D,QA Engineer,2026-05-15,0.9333333333333336,-0.29540260054967704,0,0.1111111111111111,1.0,1,1.0
EMP056,William Baker,R&D,QA Engineer,2026-05-18,0.6333333333333329,-0.46334579674671444,0,0.0,1.0,1,0.0
EMP056,William Baker,R&D,QA Engineer,2026-05-19,0.6333333333333329,-0.41001817477371366,0,0.0,1.0,1,0.0
EMP056,William Baker,R&D,QA Engineer,2026-05-20,0.36666666666666714,-0.4419400512060551,0,0.0,1.0,1,0.0
EMP056,William Baker,R&D,QA Engineer,2026-05-21,0.36666666666666714,-0.46694881652297315,0,0.0,0.0,1,0.0
EMP056,William Baker,R&D,QA Engineer,2026-05-22,4.466666666666667,1.31025533453852,0,0.0,1.0,1,1.0
EMP056,William Baker,R&D,QA Engineer,2026-05-25,1.5,-0.5000936691801829,0,0.0,1.0,1,0.0
EMP056,William Baker,R&D,QA Engineer,2026-05-26,0.5,-0.4505594704675522,0,0.0,1.0,1,0.0
EMP056,William Baker,R&D,QA Engineer,2026-05-27,0.5333333333333332,-0.4719285999535748,0,0.0,1.0,1,0.0
EMP056,William Baker,R&D,QA Engineer,2026-05-28,5.2666666666666675,3.7162157294008775,0,0.0,1.0,2,1.0
EMP056,William Baker,R&D,QA Engineer,2026-05-29,1.7333333333333325,-0.47602959807289374,0,0.0,1.0,2,0.0
EMP056,William Baker,R&D,QA Engineer,2026-05-31,8.466666666666667,-0.5552813867287318,1,0.0,1.0,2,0.0
EMP056,William Baker,R&D,QA Engineer,2026-06-01,1.4333333333333336,1.81328669313855,0,0.0,1.0,2,1.0
EMP056,William Baker,R&D,QA Engineer,2026-06-02,0.43333333333333357,-0.45091098459206524,0,0.0,1.0,2,0.0
EMP056,William Baker,R&D,QA Engineer,2026-06-03,0.4666666666666668,-0.38407936166902146,0,0.0,1.0,2,0.0
EMP056,William Baker,R&D,QA Engineer,2026-06-04,0.4666666666666668,-0.4894530437027358,0,0.0,1.0,2,0.0
EMP056,William Baker,R&D,QA Engineer,2026-06-05,0.4666666666666668,-0.46742482523325135,0,0.0,1.0,1,0.0
EMP056,William Baker,R&D,QA Engineer,2026-06-08,0.4666666666666668,-0.49703989022347583,0,0.0,1.0,1,0.0
EMP056,William Baker,R&D,QA Engineer,2026-06-09,6.300000000000001,1.6809196556266044,0,0.0,2.0,1,1.0
EMP056,William Baker,R&D,QA Engineer,2026-06-10,0.6999999999999993,-0.4550046595004568,0,0.0,1.0,1,0.0
EMP056,William Baker,R&D,QA Engineer,2026-06-11,0.6999999999999993,-0.428187061084482,0,0.0,1.0,1,0.0
EMP056,William Baker,R&D,QA Engineer,2026-06-12,1.4333333333333336,-0.5106464161265019,0,0.0,1.0,1,0.0
EMP056,William Baker,R&D,QA Engineer,2026-06-13,8.166666666666666,-0.5651311054260247,1,0.0,1.0,1,0.0
EMP056,William Baker,R&D,QA Engineer,2026-06-15,0.1999999999999993,-0.41447068701754564,0,0.0,1.0,1,0.0
EMP056,William Baker,R&D,QA Engineer,2026-06-16,0.1999999999999993,-0.48318437514891976,0,0.0,1.0,1,0.0
EMP056,William Baker,R&D,QA Engineer,2026-06-17,0.1999999999999993,-0.4406218732391312,0,0.0,0.0,1,0.0
EMP056,William Baker,R&D,QA Engineer,2026-06-18,0.1999999999999993,-0.14838181797209357,0,0.0,0.0,2,1.0
EMP056,William Baker,R&D,QA Engineer,2026-06-19,0.06666666666666643,-0.23371919490856402,0,0.2,0.0,2,1.0
EMP056,William Baker,R&D,QA Engineer,2026-06-22,0.06666666666666643,-0.4778237847500957,0,0.0,0.0,2,0.0
EMP056,William Baker,R&D,QA Engineer,2026-06-23,0.06666666666666643,-0.46535967975173714,0,0.0,0.0,2,0.0
EMP056,William Baker,R&D,QA Engineer,2026-06-24,0.9000000000000004,-0.5134072666461148,0,0.0,0.0,2,0.0
EMP056,William Baker,R&D,QA Engineer,2026-06-25,0.09999999999999964,-0.41814693890307797,0,0.0,0.0,2,0.0
EMP056,William Baker,R&D,QA Engineer,2026-06-26,0.09999999999999964,-0.4645907426043648,0,0.0,0.0,2,0.0
EMP056,William Baker,R&D,QA Engineer,2026-06-29,0.09999999999999964,-0.3926768112977365,0,0.0,0.0,1,0.0
EMP056,William Baker,R&D,QA Engineer,2026-06-30,0.09999999999999964,-0.5165635705558048,0,0.0,0.0,1,0.0
EMP056,William Baker,R&D,QA Engineer,2026-07-01,0.2666666666666675,-0.45364986547889613,0,0.0,0.0,1,0.0
EMP056,William Baker,R&D,QA Engineer,2026-07-02,0.2333333333333325,-0.4355835041211108,0,0.0,0.0,1,0.0
EMP056,William Baker,R&D,QA Engineer,2026-07-03,0.2333333333333325,-0.4160012381013629,0,0.0,0.0,1,0.0
EMP056,William Baker,R&D,QA Engineer,2026-07-06,0.2333333333333325,-0.4256459068926897,0,0.0,0.0,1,0.0
EMP056,William Baker,R&D,QA Engineer,2026-07-07,6.2333333333333325,1.8954091804779112,0,0.0,0.0,1,1.0
EMP056,William Baker,R&D,QA Engineer,2026-07-08,0.1999999999999993,-0.5018805326464576,0,0.0,0.0,1,0.0
EMP056,William Baker,R&D,QA Engineer,2026-07-09,0.06666666666666643,-0.38458466322300894,0,0.0,0.0,1,0.0
EMP056,William Baker,R&D,QA Engineer,2026-07-10,0.09999999999999964,-0.4875270392288414,0,0.0,0.0,1,0.0
EMP056,William Baker,R&D,QA Engineer,2026-07-13,5.699999999999999,3.049298233457565,0,0.0,0.0,2,1.0
EMP056,William Baker,R&D,QA Engineer,2026-07-14,0.3000000000000007,-0.49240429770645994,0,0.0,0.0,2,0.0
EMP056,William Baker,R&D,QA Engineer,2026-07-15,7.433333333333334,1.9258151522482905,0,0.0,0.0,2,1.0
EMP056,William Baker,R&D,QA Engineer,2026-07-16,5.2333333333333325,1.1152894900195418,0,0.0,1.0,2,1.0
EMP056,William Baker,R&D,QA Engineer,2026-07-17,0.7666666666666675,2.178092445484751,0,0.0,2.0,2,1.0
EMP056,William Baker,R&D,QA Engineer,2026-07-20,0.5333333333333332,-0.47459424873113204,0,0.0,2.0,2,0.0
EMP056,William Baker,R&D,QA Engineer,2026-07-21,0.5333333333333332,-0.44314105779814134,0,0.0,2.0,2,0.0
EMP056,William Baker,R&D,QA Engineer,2026-07-22,0.5333333333333332,-0.4126179146529248,0,0.0,2.0,1,0.0
EMP056,William Baker,R&D,QA Engineer,2026-07-23,0.5666666666666664,-0.4947404019922863,0,0.0,2.0,1,0.0
EMP056,William Baker,R&D,QA Engineer,2026-07-24,0.8333333333333339,-0.4477180646277384,0,0.0,2.0,1,0.0
EMP056,William Baker,R&D,QA Engineer,2026-07-27,0.8333333333333339,-0.4553708200468246,0,0.0,1.0,1,0.0
EMP056,William Baker,R&D,QA Engineer,2026-07-28,4.966666666666667,2.0207971979760884,0,0.0,0.0,1,1.0
EMP056,William Baker,R&D,QA Engineer,2026-07-29,1.0333333333333332,-0.39676316299520076,0,0.0,0.0,1,0.0
EMP057,Jordan Henderson,R&D,Research Scientist,2026-04-01,0.0,-0.6047446139630459,0,0.0,0.0,1,0.0
EMP057,Jordan Henderson,R&D,Research Scientist,2026-04-02,0.0,-0.46779780251376757,0,0.0,0.0,1,0.0
EMP057,Jordan Henderson,R&D,Research Scientist,2026-04-03,0.6666666666666661,-0.5177197259974864,0,0.0,0.0,1,0.0
EMP057,Jordan Henderson,R&D,Research Scientist,2026-04-06,0.25,-0.4919089680970755,0,0.0,0.0,1,0.0
EMP057,Jordan Henderson,R&D,Research Scientist,2026-04-07,6.6,2.1344220682180595,0,0.0,1.0,1,1.0
EMP057,Jordan Henderson,R&D,Research Scientist,2026-04-08,1.166666666666667,-0.4797717664653347,0,0.0,1.0,1,0.0
EMP057,Jordan Henderson,R&D,Research Scientist,2026-04-09,4.142857142857143,1.8650798959314059,0,0.0,1.0,1,1.0
EMP057,Jordan Henderson,R&D,Research Scientist,2026-04-10,1.625,-0.5130338443548523,0,0.0,1.0,1,0.0
EMP057,Jordan Henderson,R&D,Research Scientist,2026-04-13,1.4444444444444446,-0.46429299349827274,0,0.0,1.0,1,0.0
EMP057,Jordan Henderson,R&D,Research Scientist,2026-04-14,2.2,-0.5535359934708988,0,0.0,1.0,1,0.0
EMP057,Jordan Henderson,R&D,Research Scientist,2026-04-15,1.0909090909090908,0.4421178334240434,0,0.0,1.0,2,1.0
EMP057,Jordan Henderson,R&D,Research Scientist,2026-04-16,1.0,-0.41314198630501053,0,0.0,0.0,2,0.0
EMP057,Jordan Henderson,R&D,Research Scientist,2026-04-17,0.9230769230769234,-0.5332081011810291,0,0.0,0.0,2,0.0
EMP057,Jordan Henderson,R&D,Research Scientist,2026-04-20,6.571428571428571,1.9386424763908734,0,0.0,0.0,2,1.0
EMP057,Jordan Henderson,R&D,Research Scientist,2026-04-21,1.333333333333333,-0.5032683901938708,0,0.0,0.0,2,0.0
EMP057,Jordan Henderson,R&D,Research Scientist,2026-04-22,1.25,-0.48918193861652615,0,0.0,0.0,2,0.0
EMP057,Jordan Henderson,R&D,Research Scientist,2026-04-23,2.117647058823529,-0.5195441471288398,0,0.0,0.0,2,0.0
EMP057,Jordan Henderson,R&D,Research Scientist,2026-04-24,1.0555555555555554,0.14682086998976682,0,0.14285714285714285,0.0,1,1.0
EMP057,Jordan Henderson,R&D,Research Scientist,2026-04-27,1.0,-0.39661657174154064,0,0.0,0.0,1,0.0
EMP057,Jordan Henderson,R&D,Research Scientist,2026-04-28,0.9499999999999993,-0.5279556887660273,0,0.0,0.0,1,0.0
EMP057,Jordan Henderson,R&D,Research Scientist,2026-04-29,1.8571428571428577,-0.46014483597856387,0,0.0,0.0,1,0.0
EMP057,Jordan Henderson,R&D,Research Scientist,2026-04-30,0.8181818181818183,-0.4747690116788339,0,0.0,0.0,1,0.0
EMP057,Jordan Henderson,R&D,Research Scientist,2026-05-01,0.7826086956521738,1.3642186820759994,0,0.0,0.0,2,1.0
EMP057,Jordan Henderson,R&D,Research Scientist,2026-05-04,1.708333333333334,-0.3517454141267266,0,0.0,0.0,2,0.0
EMP057,Jordan Henderson,R&D,Research Scientist,2026-05-05,0.6799999999999997,-0.46716405622603424,0,0.0,0.0,2,0.0
EMP057,Jordan Henderson,R&D,Research Scientist,2026-05-06,0.6538461538461533,0.2547305788010828,0,0.1,0.0,2,1.0
EMP057,Jordan Henderson,R&D,Research Scientist,2026-05-07,0.6296296296296298,-0.4697374502428907,0,0.0,0.0,2,0.0
EMP057,Jordan Henderson,R&D,Research Scientist,2026-05-08,0.6071428571428577,0.6667424835595764,0,0.0,0.0,3,1.0
EMP057,Jordan Henderson,R&D,Research Scientist,2026-05-11,0.5862068965517242,-0.4972670048933661,0,0.0,0.0,3,0.0
EMP057,Jordan Henderson,R&D,Research Scientist,2026-05-12,0.5666666666666664,-0.34471659166277546,0,0.0,0.0,2,0.0
EMP057,Jordan Henderson,R&D,Research Scientist,2026-05-13,0.5666666666666664,-0.45519009227446716,0,0.0,0.0,2,0.0
EMP057,Jordan Henderson,R&D,Research Scientist,2026-05-14,0.5666666666666664,-0.47581565327524195,0,0.0,0.0,2,0.0
EMP057,Jordan Henderson,R&D,Research Scientist,2026-05-15,8.1,0.2563341489533777,0,0.0,1.0,2,1.0
EMP057,Jordan Henderson,R&D,Research Scientist,2026-05-18,0.9000000000000004,0.20508711959530754,0,0.0,1.0,2,1.0
EMP057,Jordan Henderson,R&D,Research Scientist,2026-05-19,1.5999999999999996,-0.5652410953610033,0,0.0,1.0,2,0.0
EMP057,Jordan Henderson,R&D,Research Scientist,2026-05-20,0.5999999999999996,-0.4264122494814867,0,0.0,1.0,2,0.0
EMP057,Jordan Henderson,R&D,Research Scientist,2026-05-21,0.40000000000000036,3.5566735667058422,0,0.0,1.0,2,1.0
EMP057,Jordan Henderson,R&D,Research Scientist,2026-05-22,0.40000000000000036,-0.408427298012934,0,0.0,1.0,2,0.0
EMP057,Jordan Henderson,R&D,Research Scientist,2026-05-25,0.40000000000000036,-0.5187951742433369,0,0.0,1.0,2,0.0
EMP057,Jordan Henderson,R&D,Research Scientist,2026-05-26,0.43333333333333357,0.3030969432149109,0,0.0,0.0,2,1.0
EMP057,Jordan Henderson,R&D,Research Scientist,2026-05-27,0.43333333333333357,-0.17058039578332918,0,0.1,0.0,2,1.0
EMP057,Jordan Henderson,R&D,Research Scientist,2026-05-28,0.43333333333333357,-0.5497623223939414,0,0.0,0.0,2,0.0
EMP057,Jordan Henderson,R&D,Research Scientist,2026-05-29,0.43333333333333357,-0.5044686672539718,0,0.0,0.0,2,0.0
EMP057,Jordan Henderson,R&D,Research Scientist,2026-06-01,8.533333333333333,3.2130006366412567,0,0.0,1.0,2,1.0
EMP057,Jordan Henderson,R&D,Research Scientist,2026-06-02,0.4666666666666668,-0.46611741462962625,0,0.0,1.0,2,0.0
EMP057,Jordan Henderson,R&D,Research Scientist,2026-06-03,0.4666666666666668,0.17289088773515948,0,0.1111111111111111,1.0,2,1.0
EMP057,Jordan Henderson,R&D,Research Scientist,2026-06-04,0.5,-0.5304906739169605,0,0.0,1.0,1,0.0
EMP057,Jordan Henderson,R&D,Research Scientist,2026-06-05,0.5,-0.4024643215783525,0,0.0,1.0,1,0.0
EMP057,Jordan Henderson,R&D,Research Scientist,2026-06-08,0.5,-0.4500913153231583,0,0.0,1.0,1,0.0
EMP057,Jordan Henderson,R&D,Research Scientist,2026-06-09,0.5,-0.56246605479805,0,0.0,1.0,1,0.0
EMP057,Jordan Henderson,R&D,Research Scientist,2026-06-10,0.5333333333333332,-0.5694372639631163,0,0.0,0.0,1,0.0
EMP057,Jordan Henderson,R&D,Research Scientist,2026-06-11,0.5333333333333332,0.8766277313970696,0,0.0,1.0,1,1.0
EMP057,Jordan Henderson,R&D,Research Scientist,2026-06-12,0.5333333333333332,-0.5808735037917582,0,0.0,1.0,1,0.0
EMP057,Jordan Henderson,R&D,Research Scientist,2026-06-15,0.5666666666666664,-0.5542849663564019,0,0.0,1.0,1,0.0
EMP057,Jordan Henderson,R&D,Research Scientist,2026-06-16,0.5666666666666664,-0.22149134756457123,0,0.125,1.0,1,1.0
EMP057,Jordan Henderson,R&D,Research Scientist,2026-06-17,0.5666666666666664,-0.4745481606997753,0,0.0,1.0,1,0.0
EMP057,Jordan Henderson,R&D,Research Scientist,2026-06-18,0.5666666666666664,-0.49683490515172984,0,0.0,1.0,1,0.0
EMP057,Jordan Henderson,R&D,Research Scientist,2026-06-19,0.5666666666666664,-0.49062227108864725,0,0.0,1.0,1,0.0
EMP057,Jordan Henderson,R&D,Research Scientist,2026-06-22,0.5666666666666664,0.8457662076277538,0,0.0,0.0,2,1.0
EMP057,Jordan Henderson,R&D,Research Scientist,2026-06-23,0.5666666666666664,-0.48392952620152435,0,0.0,0.0,2,0.0
EMP057,Jordan Henderson,R&D,Research Scientist,2026-06-24,5.2333333333333325,1.1913787854214624,0,0.0,0.0,2,1.0
EMP057,Jordan Henderson,R&D,Research Scientist,2026-06-25,0.7666666666666675,-0.5695716949938475,0,0.0,0.0,2,0.0
EMP057,Jordan Henderson,R&D,Research Scientist,2026-06-26,0.4666666666666668,-0.4888746676891403,0,0.0,0.0,2,0.0
EMP057,Jordan Henderson,R&D,Research Scientist,2026-06-29,0.4666666666666668,-0.3282775970476328,0,0.09090909090909091,0.0,2,1.0
EMP057,Jordan Henderson,R&D,Research Scientist,2026-06-30,0.5,-0.48566752738455055,0,0.0,0.0,2,0.0
EMP057,Jordan Henderson,R&D,Research Scientist,2026-07-01,0.5,-0.5585099416079572,0,0.0,0.0,1,0.0
EMP057,Jordan Henderson,R&D,Research Scientist,2026-07-02,0.5,-0.4798005731147771,0,0.0,0.0,1,0.0
EMP057,Jordan Henderson,R&D,Research Scientist,2026-07-03,0.5,-0.2626176407518703,0,0.14285714285714285,0.0,1,1.0
EMP057,Jordan Henderson,R&D,Research Scientist,2026-07-06,0.5,-0.5614290154181227,0,0.0,0.0,1,0.0
EMP057,Jordan Henderson,R&D,Research Scientist,2026-07-07,0.5,-0.4538937930495581,0,0.0,0.0,1,0.0
EMP057,Jordan Henderson,R&D,Research Scientist,2026-07-08,0.5,-0.5567527359919694,0,0.0,0.0,1,0.0
EMP057,Jordan Henderson,R&D,Research Scientist,2026-07-09,7.2333333333333325,2.612410802416182,0,0.0,0.0,1,1.0
EMP057,Jordan Henderson,R&D,Research Scientist,2026-07-10,1.7333333333333325,-0.609084815812371,0,0.0,0.0,1,0.0
EMP057,Jordan Henderson,R&D,Research Scientist,2026-07-13,0.43333333333333357,-0.5204947665604398,0,0.0,0.0,1,0.0
EMP057,Jordan Henderson,R&D,Research Scientist,2026-07-14,0.43333333333333357,-0.3189634470612494,0,0.0,0.0,1,0.0
EMP057,Jordan Henderson,R&D,Research Scientist,2026-07-15,0.43333333333333357,-0.5925209923829777,0,0.0,0.0,1,0.0
EMP057,Jordan Henderson,R&D,Research Scientist,2026-07-16,0.43333333333333357,-0.519582555994763,0,0.0,0.0,1,0.0
EMP057,Jordan Henderson,R&D,Research Scientist,2026-07-17,0.43333333333333357,-0.47616133306855096,0,0.0,0.0,1,0.0
EMP057,Jordan Henderson,R&D,Research Scientist,2026-07-19,4.300000000000001,0.8103052221641311,1,0.0,0.0,2,1.0
EMP057,Jordan Henderson,R&D,Research Scientist,2026-07-20,4.533333333333333,1.5447211474822211,0,0.0,1.0,2,1.0
EMP057,Jordan Henderson,R&D,Research Scientist,2026-07-21,0.4666666666666668,-0.2055996792888346,0,0.0,1.0,2,1.0
EMP057,Jordan Henderson,R&D,Research Scientist,2026-07-22,0.4666666666666668,-0.5018184555052689,0,0.0,1.0,2,0.0
EMP057,Jordan Henderson,R&D,Research Scientist,2026-07-23,0.4666666666666668,-0.44850694960382503,0,0.0,1.0,2,0.0
EMP057,Jordan Henderson,R&D,Research Scientist,2026-07-24,7.2666666666666675,3.5811208098659786,0,0.0,1.0,2,1.0
EMP057,Jordan Henderson,R&D,Research Scientist,2026-07-27,0.7333333333333325,-0.5740943389563079,0,0.0,1.0,2,0.0
EMP057,Jordan Henderson,R&D,Research Scientist,2026-07-28,1.6999999999999993,-0.3463009573821087,0,0.16666666666666666,1.0,2,1.0
EMP057,Jordan Henderson,R&D,Research Scientist,2026-07-29,7.033333333333333,2.7759461513008175,0,0.0,1.0,2,1.0
EMP058,Edward Novak,R&D,Research Scientist,2026-04-01,0.0,2.1943695306701696,0,0.0,1.0,1,1.0
EMP058,Edward Novak,R&D,Research Scientist,2026-04-02,3.0,-0.5402047119576412,0,0.0,1.0,1,0.0
EMP058,Edward Novak,R&D,Research Scientist,2026-04-03,2.0,-0.5844399517120463,0,0.0,1.0,1,0.0
EMP058,Edward Novak,R&D,Research Scientist,2026-04-06,2.25,-0.38938668388987635,0,0.0,1.0,1,0.0
EMP058,Edward Novak,R&D,Research Scientist,2026-04-07,1.0,-0.34707337843136987,0,0.0,1.0,1,0.0
EMP058,Edward Novak,R&D,Research Scientist,2026-04-08,0.8333333333333339,0.1960345026408761,0,0.0,1.0,2,1.0
EMP058,Edward Novak,R&D,Research Scientist,2026-04-09,4.428571428571429,3.8624239938178593,0,0.0,2.0,3,1.0
EMP058,Edward Novak,R&D,Research Scientist,2026-04-10,6.5,2.1158469830769313,0,0.0,2.0,3,1.0
EMP058,Edward Novak,R&D,Research Scientist,2026-04-13,2.2222222222222223,-0.5498451343858692,0,0.0,2.0,3,0.0
EMP058,Edward Novak,R&D,Research Scientist,2026-04-14,2.0,1.7748804635101298,0,0.0,2.0,4,1.0
EMP058,Edward Novak,R&D,Research Scientist,2026-04-15,1.8181818181818183,-0.5410964894709384,0,0.0,2.0,4,0.0
EMP058,Edward Novak,R&D,Research Scientist,2026-04-16,1.666666666666667,-0.5990312768865095,0,0.0,2.0,4,0.0
EMP058,Edward Novak,R&D,Research Scientist,2026-04-17,1.5384615384615383,-0.4658027914948097,0,0.0,2.0,3,0.0
EMP058,Edward Novak,R&D,Research Scientist,2026-04-20,1.4285714285714288,-0.5680804469853564,0,0.0,1.0,2,0.0
EMP058,Edward Novak,R&D,Research Scientist,2026-04-21,1.333333333333333,-0.5482768360004159,0,0.0,0.0,2,0.0
EMP058,Edward Novak,R&D,Research Scientist,2026-04-22,2.1875,-0.5790431602091627,0,0.0,0.0,2,0.0
EMP058,Edward Novak,R&D,Research Scientist,2026-04-23,1.117647058823529,-0.5419267650867665,0,0.0,0.0,1,0.0
EMP058,Edward Novak,R&D,Research Scientist,2026-04-24,1.0555555555555554,1.5989081593776424,0,0.0,0.0,2,1.0
EMP058,Edward Novak,R&D,Research Scientist,2026-04-27,1.0,-0.38586570025978983,0,0.0,0.0,2,0.0
EMP058,Edward Novak,R&D,Research Scientist,2026-04-28,0.9499999999999993,0.819248605166181,0,0.0,0.0,2,1.0
EMP058,Edward Novak,R&D,Research Scientist,2026-04-29,0.9047619047619051,-0.5769828466439593,0,0.0,0.0,2,0.0
EMP058,Edward Novak,R&D,Research Scientist,2026-04-30,0.8636363636363633,-0.4856064024797502,0,0.0,0.0,2,0.0
EMP058,Edward Novak,R&D,Research Scientist,2026-05-01,6.826086956521739,0.9568437252781627,0,0.0,0.0,2,1.0
EMP058,Edward Novak,R&D,Research Scientist,2026-05-04,7.5,2.3731862975605873,0,0.0,0.0,2,1.0
EMP058,Edward Novak,R&D,Research Scientist,2026-05-05,1.4400000000000004,-0.583840308211726,0,0.0,0.0,1,0.0
EMP058,Edward Novak,R&D,Research Scientist,2026-05-06,1.384615384615385,-0.11433482293521764,0,0.1111111111111111,0.0,1,1.0
EMP058,Edward Novak,R&D,Research Scientist,2026-05-07,1.333333333333333,-0.5701100096018255,0,0.0,0.0,1,0.0
EMP058,Edward Novak,R&D,Research Scientist,2026-05-08,1.2857142857142856,-0.4391109679933682,0,0.0,0.0,1,0.0
EMP058,Edward Novak,R&D,Research Scientist,2026-05-11,5.517241379310345,0.4349386233582715,0,0.0,1.0,1,1.0
EMP058,Edward Novak,R&D,Research Scientist,2026-05-12,1.4333333333333336,-0.4744438080891704,0,0.0,1.0,1,0.0
EMP058,Edward Novak,R&D,Research Scientist,2026-05-13,1.2333333333333334,-0.38272910348888306,0,0.0,1.0,1,0.0
EMP058,Edward Novak,R&D,Research Scientist,2026-05-14,1.2333333333333334,-0.5524282140795571,0,0.0,1.0,1,0.0
EMP058,Edward Novak,R&D,Research Scientist,2026-05-15,1.2333333333333334,-0.46946215439420086,0,0.0,1.0,1,0.0
EMP058,Edward Novak,R&D,Research Scientist,2026-05-18,7.433333333333334,2.9788262328841943,0,0.0,2.0,1,1.0
EMP058,Edward Novak,R&D,Research Scientist,2026-05-19,1.5666666666666664,-0.46932377512489615,0,0.0,2.0,1,0.0
EMP058,Edward Novak,R&D,Research Scientist,2026-05-20,1.5666666666666664,-0.5724163307569039,0,0.0,1.0,1,0.0
EMP058,Edward Novak,R&D,Research Scientist,2026-05-21,1.3666666666666663,2.32672161402294,0,0.0,1.0,2,1.0
EMP058,Edward Novak,R&D,Research Scientist,2026-05-22,1.0666666666666664,-0.4605905056843324,0,0.0,1.0,2,0.0
EMP058,Edward Novak,R&D,Research Scientist,2026-05-23,7.833333333333334,-0.7472508497862194,1,0.0,1.0,2,0.0
EMP058,Edward Novak,R&D,Research Scientist,2026-05-25,0.8333333333333339,-0.561653498699871,0,0.0,1.0,2,0.0
EMP058,Edward Novak,R&D,Research Scientist,2026-05-26,0.8333333333333339,-0.6188348878714499,0,0.0,0.0,2,0.0
EMP058,Edward Novak,R&D,Research Scientist,2026-05-27,5.933333333333334,0.9904545122448396,0,0.0,1.0,2,1.0
EMP058,Edward Novak,R&D,Research Scientist,2026-05-28,1.0666666666666664,-0.41015894975994976,0,0.0,1.0,2,0.0
EMP058,Edward Novak,R&D,Research Scientist,2026-05-29,1.0666666666666664,0.7629128670847974,0,0.08333333333333333,1.0,1,1.0
EMP058,Edward Novak,R&D,Research Scientist,2026-06-01,1.0666666666666664,-0.563513931098301,0,0.0,1.0,1,0.0
EMP058,Edward Novak,R&D,Research Scientist,2026-06-02,1.0999999999999996,-0.4255344241271395,0,0.0,1.0,1,0.0
EMP058,Edward Novak,R&D,Research Scientist,2026-06-03,1.0999999999999996,-0.6932368083342815,0,0.0,1.0,1,0.0
EMP058,Edward Novak,R&D,Research Scientist,2026-06-04,1.0999999999999996,-0.3594967617200593,0,0.0,1.0,1,0.0
EMP058,Edward Novak,R&D,Research Scientist,2026-06-05,1.0999999999999996,-0.5214312577553024,0,0.0,0.0,1,0.0
EMP058,Edward Novak,R&D,Research Scientist,2026-06-08,1.0999999999999996,-0.5454016222937513,0,0.0,0.0,1,0.0
EMP058,Edward Novak,R&D,Research Scientist,2026-06-09,1.0999999999999996,-0.4933556415608138,0,0.0,0.0,1,0.0
EMP058,Edward Novak,R&D,Research Scientist,2026-06-10,1.0999999999999996,-0.5641443255473557,0,0.0,0.0,1,0.0
EMP058,Edward Novak,R&D,Research Scientist,2026-06-11,0.8333333333333339,-0.5318404539018899,0,0.0,0.0,1,0.0
EMP058,Edward Novak,R&D,Research Scientist,2026-06-12,0.5333333333333332,-0.16667293768113173,0,0.09090909090909091,0.0,1,1.0
EMP058,Edward Novak,R&D,Research Scientist,2026-06-15,0.5333333333333332,-0.4054694300779568,0,0.0,0.0,1,0.0
EMP058,Edward Novak,R&D,Research Scientist,2026-06-16,1.5,0.43762933137252974,0,0.1111111111111111,0.0,1,1.0
EMP058,Edward Novak,R&D,Research Scientist,2026-06-17,0.5,0.5538525421141176,0,0.0,0.0,2,1.0
EMP058,Edward Novak,R&D,Research Scientist,2026-06-18,0.5,-0.6064115045827606,0,0.0,0.0,2,0.0
EMP058,Edward Novak,R&D,Research Scientist,2026-06-19,0.2666666666666675,-0.6475408985149934,0,0.0,0.0,2,0.0
EMP058,Edward Novak,R&D,Research Scientist,2026-06-22,0.2666666666666675,0.9124547307800855,0,0.0,0.0,3,1.0
EMP058,Edward Novak,R&D,Research Scientist,2026-06-23,0.2666666666666675,-0.541480876330118,0,0.0,0.0,3,0.0
EMP058,Edward Novak,R&D,Research Scientist,2026-06-24,0.2666666666666675,-0.6187426350252468,0,0.0,0.0,3,0.0
EMP058,Edward Novak,R&D,Research Scientist,2026-06-25,8.433333333333334,1.816424995250277,0,0.0,0.0,3,1.0
EMP058,Edward Novak,R&D,Research Scientist,2026-06-26,0.2666666666666675,-0.37793195548631986,0,0.0,0.0,2,0.0
EMP058,Edward Novak,R&D,Research Scientist,2026-06-29,0.2666666666666675,-0.6485403043488608,0,0.0,0.0,2,0.0
EMP058,Edward Novak,R&D,Research Scientist,2026-06-30,0.2666666666666675,0.7561937847863357,0,0.0,0.0,3,1.0
EMP058,Edward Novak,R&D,Research Scientist,2026-07-01,0.2666666666666675,-0.4044392732953551,0,0.0,0.0,2,0.0
EMP058,Edward Novak,R&D,Research Scientist,2026-07-02,0.2666666666666675,-0.4775035274882412,0,0.0,0.0,2,0.0
EMP058,Edward Novak,R&D,Research Scientist,2026-07-03,0.5,-0.38389763954078954,0,0.0,0.0,2,0.0
EMP058,Edward Novak,R&D,Research Scientist,2026-07-06,0.5,0.24617392455228213,0,0.1,0.0,2,1.0
EMP058,Edward Novak,R&D,Research Scientist,2026-07-07,0.5,-0.5653436125479966,0,0.0,0.0,2,0.0
EMP058,Edward Novak,R&D,Research Scientist,2026-07-08,0.2666666666666675,-0.5790739111578971,0,0.0,0.0,2,0.0
EMP058,Edward Novak,R&D,Research Scientist,2026-07-09,8.433333333333334,1.5290727548018663,0,0.0,0.0,1,1.0
EMP058,Edward Novak,R&D,Research Scientist,2026-07-10,0.5666666666666664,-0.582056753185132,0,0.0,0.0,1,0.0
EMP058,Edward Novak,R&D,Research Scientist,2026-07-13,0.5666666666666664,-0.6698814627705202,0,0.0,0.0,1,0.0
EMP058,Edward Novak,R&D,Research Scientist,2026-07-14,0.5666666666666664,-0.43977211339115735,0,0.0,0.0,1,0.0
EMP058,Edward Novak,R&D,Research Scientist,2026-07-15,0.5666666666666664,-0.6149756438052854,0,0.0,0.0,1,0.0
EMP058,Edward Novak,R&D,Research Scientist,2026-07-16,6.199999999999999,2.243724803388849,0,0.0,0.0,1,1.0
EMP058,Edward Novak,R&D,Research Scientist,2026-07-17,0.8000000000000007,-0.4917873431753605,0,0.0,0.0,1,0.0
EMP058,Edward Novak,R&D,Research Scientist,2026-07-20,1.7666666666666675,-0.6058118610824402,0,0.0,0.0,1,0.0
EMP058,Edward Novak,R&D,Research Scientist,2026-07-21,0.7666666666666675,-0.6448809414494695,0,0.0,0.0,1,0.0
EMP058,Edward Novak,R&D,Research Scientist,2026-07-22,0.7666666666666675,-0.5902672564972113,0,0.0,0.0,1,0.0
EMP058,Edward Novak,R&D,Research Scientist,2026-07-23,0.7666666666666675,1.7252945586759427,0,0.2,0.0,1,1.0
EMP058,Edward Novak,R&D,Research Scientist,2026-07-24,0.7666666666666675,-0.469954169573951,0,0.0,0.0,1,0.0
EMP058,Edward Novak,R&D,Research Scientist,2026-07-26,3.666666666666666,-0.638761502651328,1,0.0,0.0,1,0.0
EMP058,Edward Novak,R&D,Research Scientist,2026-07-27,1.666666666666666,-0.6335030904177491,0,0.0,0.0,1,0.0
EMP058,Edward Novak,R&D,Research Scientist,2026-07-28,0.6666666666666661,-0.5214158822809353,0,0.0,0.0,1,0.0
EMP058,Edward Novak,R&D,Research Scientist,2026-07-29,0.6666666666666661,-0.45299502134694053,0,0.0,0.0,1,0.0
EMP059,Amy Silva,R&D,QA Engineer,2026-04-01,0.0,-0.40601866966068034,0,0.0,0.0,1,0.0
EMP059,Amy Silva,R&D,QA Engineer,2026-04-02,0.0,-0.4585402595104634,0,0.0,0.0,1,0.0
EMP059,Amy Silva,R&D,QA Engineer,2026-04-03,4.666666666666667,1.4602348959065308,0,0.0,1.0,1,1.0
EMP059,Amy Silva,R&D,QA Engineer,2026-04-06,2.0,-0.028815308901383174,0,0.0,2.0,1,1.0
EMP059,Amy Silva,R&D,QA Engineer,2026-04-07,2.4000000000000004,-0.36685295072536367,0,0.0,2.0,1,0.0
EMP059,Amy Silva,R&D,QA Engineer,2026-04-08,2.0,-0.41491212686385404,0,0.0,2.0,1,0.0
EMP059,Amy Silva,R&D,QA Engineer,2026-04-09,4.285714285714286,4.003912664556399,0,0.1,3.0,1,1.0
EMP059,Amy Silva,R&D,QA Engineer,2026-04-10,2.375,-0.462790924240728,0,0.0,3.0,1,0.0
EMP059,Amy Silva,R&D,QA Engineer,2026-04-13,3.0,-0.4489488149253828,0,0.0,3.0,1,0.0
EMP059,Amy Silva,R&D,QA Engineer,2026-04-14,6.3,2.533519897743503,0,0.0,2.0,2,1.0
EMP059,Amy Silva,R&D,QA Engineer,2026-04-15,5.7272727272727275,1.362924475291911,0,0.0,2.0,2,1.0
EMP059,Amy Silva,R&D,QA Engineer,2026-04-16,3.0,-0.4462039207268724,0,0.0,2.0,2,0.0
EMP059,Amy Silva,R&D,QA Engineer,2026-04-17,2.769230769230769,-0.44293357535321864,0,0.0,2.0,2,0.0
EMP059,Amy Silva,R&D,QA Engineer,2026-04-19,4.428571428571429,-0.5299624065557036,1,0.0,1.0,2,0.0
EMP059,Amy Silva,R&D,QA Engineer,2026-04-20,2.2666666666666666,0.07218111249409322,0,0.1111111111111111,1.0,2,1.0
EMP059,Amy Silva,R&D,QA Engineer,2026-04-21,3.5,1.301054560057487,0,0.0,1.0,2,1.0
EMP059,Amy Silva,R&D,QA Engineer,2026-04-22,2.352941176470588,0.15678659424703617,0,0.0,1.0,1,1.0
EMP059,Amy Silva,R&D,QA Engineer,2026-04-23,4.388888888888889,0.7379904918396251,0,0.0,0.0,1,1.0
EMP059,Amy Silva,R&D,QA Engineer,2026-04-24,2.473684210526316,-0.16566004852940527,0,0.14285714285714285,0.0,1,1.0
EMP059,Amy Silva,R&D,QA Engineer,2026-04-27,2.3499999999999996,-0.48132288135809953,0,0.0,0.0,1,0.0
EMP059,Amy Silva,R&D,QA Engineer,2026-04-28,2.238095238095238,-0.44524712903482017,0,0.0,0.0,1,0.0
EMP059,Amy Silva,R&D,QA Engineer,2026-04-29,2.1363636363636367,-0.48923601920466236,0,0.0,0.0,1,0.0
EMP059,Amy Silva,R&D,QA Engineer,2026-04-30,3.0,-0.3845300693637705,0,0.0,0.0,1,0.0
EMP059,Amy Silva,R&D,QA Engineer,2026-05-01,1.916666666666667,-0.36919787462637677,0,0.0,0.0,1,0.0
EMP059,Amy Silva,R&D,QA Engineer,2026-05-04,2.8,-0.4715510580114026,0,0.0,0.0,1,0.0
EMP059,Amy Silva,R&D,QA Engineer,2026-05-05,2.6923076923076925,-0.48349526905234924,0,0.0,0.0,1,0.0
EMP059,Amy Silva,R&D,QA Engineer,2026-05-06,1.6296296296296298,-0.428699338295229,0,0.0,0.0,1,0.0
EMP059,Amy Silva,R&D,QA Engineer,2026-05-07,1.5714285714285712,-0.44152191547969893,0,0.0,0.0,1,0.0
EMP059,Amy Silva,R&D,QA Engineer,2026-05-08,1.5172413793103452,-0.40601866966068034,0,0.0,0.0,1,0.0
EMP059,Amy Silva,R&D,QA Engineer,2026-05-09,5.333333333333333,-0.524182443629126,1,0.0,0.0,1,0.0
EMP059,Amy Silva,R&D,QA Engineer,2026-05-10,3.2666666666666666,-0.5297114448004112,1,0.0,0.0,1,0.0
EMP059,Amy Silva,R&D,QA Engineer,2026-05-11,1.2666666666666666,2.966640674603883,0,0.0,0.0,2,1.0
EMP059,Amy Silva,R&D,QA Engineer,2026-05-12,1.0333333333333332,-0.3945057991366425,0,0.0,0.0,2,0.0
EMP059,Amy Silva,R&D,QA Engineer,2026-05-13,1.833333333333334,0.5010825948436202,0,0.0,1.0,2,1.0
EMP059,Amy Silva,R&D,QA Engineer,2026-05-14,6.9,0.5677913664222756,0,0.0,1.0,2,1.0
EMP059,Amy Silva,R&D,QA Engineer,2026-05-15,1.0999999999999996,-0.47029624923494073,0,0.0,1.0,2,0.0
EMP059,Amy Silva,R&D,QA Engineer,2026-05-18,6.866666666666666,2.75603670658446,0,0.0,2.0,2,1.0
EMP059,Amy Silva,R&D,QA Engineer,2026-05-19,1.1333333333333337,-0.502709528441922,0,0.0,2.0,2,0.0
EMP059,Amy Silva,R&D,QA Engineer,2026-05-20,1.166666666666667,-0.4719275006443412,0,0.0,2.0,1,0.0
EMP059,Amy Silva,R&D,QA Engineer,2026-05-21,0.8666666666666671,-0.4365418931481158,0,0.0,2.0,1,0.0
EMP059,Amy Silva,R&D,QA Engineer,2026-05-22,0.5666666666666664,-0.4176413359526587,0,0.0,1.0,1,0.0
EMP059,Amy Silva,R&D,QA Engineer,2026-05-25,0.5666666666666664,-0.3794010384899825,0,0.0,1.0,1,0.0
EMP059,Amy Silva,R&D,QA Engineer,2026-05-26,0.5666666666666664,-0.4589010170336962,0,0.0,1.0,1,0.0
EMP059,Amy Silva,R&D,QA Engineer,2026-05-27,0.6333333333333329,-0.35186582840149694,0,0.0,0.0,1,0.0
EMP059,Amy Silva,R&D,QA Engineer,2026-05-28,0.6333333333333329,-0.44262771571395604,0,0.0,0.0,1,0.0
EMP059,Amy Silva,R&D,QA Engineer,2026-05-29,0.43333333333333357,-0.28849798519017145,0,0.0,0.0,1,0.0
EMP059,Amy Silva,R&D,QA Engineer,2026-06-01,7.300000000000001,3.7921244707541906,0,0.0,1.0,1,1.0
EMP059,Amy Silva,R&D,QA Engineer,2026-06-02,0.4666666666666668,-0.4852598438942487,0,0.0,1.0,1,0.0
EMP059,Amy Silva,R&D,QA Engineer,2026-06-03,0.4666666666666668,-0.43424402457622,0,0.0,1.0,1,0.0
EMP059,Amy Silva,R&D,QA Engineer,2026-06-04,0.4666666666666668,-0.41994704707940733,0,0.0,1.0,1,0.0
EMP059,Amy Silva,R&D,QA Engineer,2026-06-05,0.4666666666666668,-0.4416944516864625,0,0.0,1.0,1,0.0
EMP059,Amy Silva,R&D,QA Engineer,2026-06-08,0.4666666666666668,-0.3758013058125075,0,0.0,1.0,1,0.0
EMP059,Amy Silva,R&D,QA Engineer,2026-06-09,0.5,-0.44725482307715925,0,0.0,1.0,1,0.0
EMP059,Amy Silva,R&D,QA Engineer,2026-06-10,0.5,-0.34936405340342597,0,0.0,0.0,1,0.0
EMP059,Amy Silva,R&D,QA Engineer,2026-06-11,0.5333333333333332,-0.37206040714768046,0,0.0,0.0,1,0.0
EMP059,Amy Silva,R&D,QA Engineer,2026-06-12,1.5333333333333332,-0.3938548670838529,0,0.0,0.0,1,0.0
EMP059,Amy Silva,R&D,QA Engineer,2026-06-15,7.199999999999999,1.0518965923812729,0,0.0,1.0,1,1.0
EMP059,Amy Silva,R&D,QA Engineer,2026-06-16,0.8000000000000007,-0.4815895282230977,0,0.0,1.0,1,0.0
EMP059,Amy Silva,R&D,QA Engineer,2026-06-17,5.0,0.9947635802779926,0,0.0,1.0,1,1.0
EMP059,Amy Silva,R&D,QA Engineer,2026-06-18,1.1333333333333337,-0.4518897729952153,0,0.0,1.0,1,0.0
EMP059,Amy Silva,R&D,QA Engineer,2026-06-19,1.2000000000000002,-0.42341345632438326,0,0.0,1.0,1,0.0
EMP059,Amy Silva,R&D,QA Engineer,2026-06-22,2.166666666666667,-0.402371881654088,0,0.0,1.0,1,0.0
EMP059,Amy Silva,R&D,QA Engineer,2026-06-23,1.166666666666667,-0.4803504045563416,0,0.0,1.0,1,0.0
EMP059,Amy Silva,R&D,QA Engineer,2026-06-24,1.2000000000000002,-0.39705462946383074,0,0.0,0.0,1,0.0
EMP059,Amy Silva,R&D,QA Engineer,2026-06-25,0.9333333333333336,-0.3787736341017515,0,0.0,0.0,1,0.0
EMP059,Amy Silva,R&D,QA Engineer,2026-06-26,3.9000000000000004,2.0998971973725378,0,0.0,1.0,1,1.0
EMP059,Amy Silva,R&D,QA Engineer,2026-06-29,0.8333333333333339,-0.44598432919099157,0,0.0,1.0,1,0.0
EMP059,Amy Silva,R&D,QA Engineer,2026-06-30,0.8333333333333339,-0.3851966865262659,0,0.0,1.0,1,0.0
EMP059,Amy Silva,R&D,QA Engineer,2026-07-01,0.8333333333333339,-0.44824298498862297,0,0.0,1.0,1,0.0
EMP059,Amy Silva,R&D,QA Engineer,2026-07-02,0.8333333333333339,-0.4493879979971445,0,0.0,1.0,1,0.0
EMP059,Amy Silva,R&D,QA Engineer,2026-07-03,0.8333333333333339,0.6884804430533508,0,0.0,1.0,2,1.0
EMP059,Amy Silva,R&D,QA Engineer,2026-07-06,0.8333333333333339,-0.44529418436393753,0,0.0,1.0,2,0.0
EMP059,Amy Silva,R&D,QA Engineer,2026-07-07,0.8333333333333339,-0.4304403854725699,0,0.0,0.0,2,0.0
EMP059,Amy Silva,R&D,QA Engineer,2026-07-08,0.8333333333333339,-0.2822788391918322,0,0.1111111111111111,0.0,2,1.0
EMP059,Amy Silva,R&D,QA Engineer,2026-07-09,0.8333333333333339,-0.44701170387671973,0,0.0,0.0,2,0.0
EMP059,Amy Silva,R&D,QA Engineer,2026-07-10,6.9,2.8276627600558757,0,0.0,2.0,2,1.0
EMP059,Amy Silva,R&D,QA Engineer,2026-07-13,0.8333333333333339,-0.43782022958913647,0,0.0,2.0,2,0.0
EMP059,Amy Silva,R&D,QA Engineer,2026-07-14,1.8000000000000007,-0.4567207867845936,0,0.0,2.0,1,0.0
EMP059,Amy Silva,R&D,QA Engineer,2026-07-15,0.8000000000000007,-0.4333342882132852,0,0.0,2.0,1,0.0
EMP059,Amy Silva,R&D,QA Engineer,2026-07-16,0.8000000000000007,-0.41850401698647616,0,0.0,2.0,1,0.0
EMP059,Amy Silva,R&D,QA Engineer,2026-07-17,0.8000000000000007,-0.4895261937342192,0,0.0,2.0,1,0.0
EMP059,Amy Silva,R&D,QA Engineer,2026-07-20,0.8000000000000007,-0.4283934786559665,0,0.0,2.0,1,0.0
EMP059,Amy Silva,R&D,QA Engineer,2026-07-21,0.8000000000000007,-0.43255787528284934,0,0.0,0.0,1,0.0
EMP059,Amy Silva,R&D,QA Engineer,2026-07-22,0.8000000000000007,-0.29699147209584786,0,0.0,0.0,1,0.0
EMP059,Amy Silva,R&D,QA Engineer,2026-07-23,0.8000000000000007,-0.4272170954280335,0,0.0,0.0,1,0.0
EMP059,Amy Silva,R&D,QA Engineer,2026-07-24,0.8333333333333339,-0.3971565826769183,0,0.0,0.0,1,0.0
EMP059,Amy Silva,R&D,QA Engineer,2026-07-27,0.5666666666666664,-0.43789865513766524,0,0.0,0.0,1,0.0
EMP059,Amy Silva,R&D,QA Engineer,2026-07-28,1.5333333333333332,-0.47217061984478065,0,0.0,0.0,1,0.0
EMP059,Amy Silva,R&D,QA Engineer,2026-07-29,0.3333333333333339,-0.4366595314709092,0,0.0,0.0,1,0.0
EMP060,Sarah Moore,R&D,QA Engineer,2026-04-01,0.0,-0.5355362760098139,0,0.0,0.0,1,0.0
EMP060,Sarah Moore,R&D,QA Engineer,2026-04-02,1.0,1.660698662578093,0,0.0,1.0,1,1.0
EMP060,Sarah Moore,R&D,QA Engineer,2026-04-03,0.6666666666666661,-0.547932138410653,0,0.0,1.0,1,0.0
EMP060,Sarah Moore,R&D,QA Engineer,2026-04-06,0.5,1.1400019606488858,0,0.0,1.0,2,1.0
EMP060,Sarah Moore,R&D,QA Engineer,2026-04-07,0.40000000000000036,-0.5916127963945624,0,0.0,1.0,2,0.0
EMP060,Sarah Moore,R&D,QA Engineer,2026-04-08,0.5,-0.5327963234819809,0,0.0,1.0,2,0.0
EMP060,Sarah Moore,R&D,QA Engineer,2026-04-09,0.4285714285714288,-0.5125858697879333,0,0.0,1.0,2,0.0
EMP060,Sarah Moore,R&D,QA Engineer,2026-04-10,0.5,0.2863349505623828,0,0.0,1.0,3,1.0
EMP060,Sarah Moore,R&D,QA Engineer,2026-04-11,7.555555555555555,-0.6164926225636951,1,0.0,0.0,3,0.0
EMP060,Sarah Moore,R&D,QA Engineer,2026-04-13,1.3000000000000007,-0.512559439377697,0,0.0,0.0,3,0.0
EMP060,Sarah Moore,R&D,QA Engineer,2026-04-14,1.1818181818181817,-0.46282621744966795,0,0.0,0.0,2,0.0
EMP060,Sarah Moore,R&D,QA Engineer,2026-04-15,1.083333333333334,-0.04361348069122531,0,0.0,0.0,3,1.0
EMP060,Sarah Moore,R&D,QA Engineer,2026-04-16,1.0,-0.5156694176488386,0,0.0,0.0,3,0.0
EMP060,Sarah Moore,R&D,QA Engineer,2026-04-17,0.9285714285714288,-0.4569146156934753,0,0.0,0.0,3,0.0
EMP060,Sarah Moore,R&D,QA Engineer,2026-04-20,0.8666666666666671,-0.5542401963203907,0,0.0,0.0,2,0.0
EMP060,Sarah Moore,R&D,QA Engineer,2026-04-21,5.5,1.716167283527406,0,0.0,1.0,2,1.0
EMP060,Sarah Moore,R&D,QA Engineer,2026-04-22,8.941176470588236,2.0059238709483,0,0.0,1.0,2,1.0
EMP060,Sarah Moore,R&D,QA Engineer,2026-04-23,0.05555555555555536,-0.4759092705166516,0,0.0,1.0,2,0.0
EMP060,Sarah Moore,R&D,QA Engineer,2026-04-24,6.578947368421053,3.269209378877457,0,0.0,1.0,1,1.0
EMP060,Sarah Moore,R&D,QA Engineer,2026-04-27,5.300000000000001,1.9763746723040823,0,0.0,2.0,1,1.0
EMP060,Sarah Moore,R&D,QA Engineer,2026-04-28,0.6666666666666661,-0.4943753171351014,0,0.0,2.0,1,0.0
EMP060,Sarah Moore,R&D,QA Engineer,2026-04-29,0.6363636363636367,-0.47663170172977803,0,0.0,2.0,1,0.0
EMP060,Sarah Moore,R&D,QA Engineer,2026-04-30,0.6086956521739122,-0.3977809778580579,0,0.0,1.0,1,0.0
EMP060,Sarah Moore,R&D,QA Engineer,2026-05-01,0.5833333333333339,-0.4932299993581938,0,0.0,1.0,1,0.0
EMP060,Sarah Moore,R&D,QA Engineer,2026-05-04,0.5600000000000005,-0.00935085888819508,0,0.1111111111111111,1.0,1,1.0
EMP060,Sarah Moore,R&D,QA Engineer,2026-05-05,0.5384615384615383,-0.3827332642968402,0,0.0,1.0,1,0.0
EMP060,Sarah Moore,R&D,QA Engineer,2026-05-06,0.518518518518519,-0.5326817917042902,0,0.0,0.0,1,0.0
EMP060,Sarah Moore,R&D,QA Engineer,2026-05-07,0.5,-0.47175088597280224,0,0.0,0.0,1,0.0
EMP060,Sarah Moore,R&D,QA Engineer,2026-05-08,0.4827586206896548,-0.4924547073245947,0,0.0,0.0,1,0.0
EMP060,Sarah Moore,R&D,QA Engineer,2026-05-11,1.4333333333333336,-0.5658519565508853,0,0.0,0.0,1,0.0
EMP060,Sarah Moore,R&D,QA Engineer,2026-05-12,0.43333333333333357,-0.48298381032324283,0,0.0,0.0,1,0.0
EMP060,Sarah Moore,R&D,QA Engineer,2026-05-13,0.5,-0.14122098569399488,0,0.09090909090909091,0.0,1,1.0
EMP060,Sarah Moore,R&D,QA Engineer,2026-05-14,6.2666666666666675,2.988025054509879,0,0.0,0.0,1,1.0
EMP060,Sarah Moore,R&D,QA Engineer,2026-05-15,0.7333333333333325,-0.39215130047771934,0,0.0,0.0,1,0.0
EMP060,Sarah Moore,R&D,QA Engineer,2026-05-18,5.033333333333333,0.6472422023394796,0,0.0,0.0,1,1.0
EMP060,Sarah Moore,R&D,QA Engineer,2026-05-19,0.9666666666666668,-0.533492324284871,0,0.0,0.0,1,0.0
EMP060,Sarah Moore,R&D,QA Engineer,2026-05-20,6.766666666666667,2.076343293954631,0,0.0,0.0,1,1.0
EMP060,Sarah Moore,R&D,QA Engineer,2026-05-21,2.2333333333333334,-0.5350340982153237,0,0.0,0.0,1,0.0
EMP060,Sarah Moore,R&D,QA Engineer,2026-05-22,5.233333333333333,2.9952493666411435,0,0.0,0.0,2,1.0
EMP060,Sarah Moore,R&D,QA Engineer,2026-05-25,1.7666666666666666,-0.5777368310204888,0,0.0,0.0,2,0.0
EMP060,Sarah Moore,R&D,QA Engineer,2026-05-26,1.7666666666666666,-0.5110881465412079,0,0.0,0.0,2,0.0
EMP060,Sarah Moore,R&D,QA Engineer,2026-05-27,1.7666666666666666,-0.5235456798992651,0,0.0,0.0,2,0.0
EMP060,Sarah Moore,R&D,QA Engineer,2026-05-28,1.7666666666666666,-0.4851334836891311,0,0.0,0.0,2,0.0
EMP060,Sarah Moore,R&D,QA Engineer,2026-05-29,1.7666666666666666,-0.5011767427025839,0,0.0,0.0,2,0.0
EMP060,Sarah Moore,R&D,QA Engineer,2026-06-01,5.966666666666667,2.4640245513011303,0,0.0,0.0,2,1.0
EMP060,Sarah Moore,R&D,QA Engineer,2026-06-02,1.8666666666666663,-0.46500232122579244,0,0.0,0.0,1,0.0
EMP060,Sarah Moore,R&D,QA Engineer,2026-06-03,1.5666666666666664,-0.5215810194050312,0,0.0,0.0,1,0.0
EMP060,Sarah Moore,R&D,QA Engineer,2026-06-04,1.5666666666666664,-0.5725564706141679,0,0.0,0.0,1,0.0
EMP060,Sarah Moore,R&D,QA Engineer,2026-06-05,1.333333333333333,-0.5671470466524655,0,0.0,0.0,1,0.0
EMP060,Sarah Moore,R&D,QA Engineer,2026-06-08,1.1333333333333337,-0.06414109930810885,0,0.1111111111111111,0.0,1,1.0
EMP060,Sarah Moore,R&D,QA Engineer,2026-06-09,1.1333333333333337,-0.06355082014616406,0,0.2,0.0,1,1.0
EMP060,Sarah Moore,R&D,QA Engineer,2026-06-10,1.1333333333333337,1.3358777309103331,0,0.0,0.0,3,1.0
EMP060,Sarah Moore,R&D,QA Engineer,2026-06-11,1.1333333333333337,-0.5261534803759165,0,0.0,0.0,3,0.0
EMP060,Sarah Moore,R&D,QA Engineer,2026-06-12,1.1333333333333337,-0.4870012326791651,0,0.0,0.0,3,0.0
EMP060,Sarah Moore,R&D,QA Engineer,2026-06-15,1.1333333333333337,-0.5059958875023416,0,0.0,0.0,3,0.0
EMP060,Sarah Moore,R&D,QA Engineer,2026-06-16,1.1333333333333337,-0.47106369530665765,0,0.0,0.0,3,0.0
EMP060,Sarah Moore,R&D,QA Engineer,2026-06-17,1.1333333333333337,-0.5329020451229263,0,0.0,0.0,3,0.0
EMP060,Sarah Moore,R&D,QA Engineer,2026-06-18,2.0999999999999996,-0.535456984779105,0,0.0,0.0,3,0.0
EMP060,Sarah Moore,R&D,QA Engineer,2026-06-19,1.0999999999999996,-0.5148500749315124,0,0.0,0.0,1,0.0
EMP060,Sarah Moore,R&D,QA Engineer,2026-06-22,1.1333333333333337,-0.4953356220403548,0,0.0,0.0,1,0.0
EMP060,Sarah Moore,R&D,QA Engineer,2026-06-23,2.0999999999999996,-0.5484255060683979,0,0.0,0.0,1,0.0
EMP060,Sarah Moore,R&D,QA Engineer,2026-06-24,1.0999999999999996,-0.4426421941658566,0,0.0,0.0,1,0.0
EMP060,Sarah Moore,R&D,QA Engineer,2026-06-25,0.8666666666666671,-0.5264177844782798,0,0.0,0.0,1,0.0
EMP060,Sarah Moore,R&D,QA Engineer,2026-06-26,0.8666666666666671,-0.5462141617452916,0,0.0,0.0,1,0.0
EMP060,Sarah Moore,R&D,QA Engineer,2026-06-29,0.6666666666666661,-0.5218893741911218,0,0.0,0.0,1,0.0
EMP060,Sarah Moore,R&D,QA Engineer,2026-06-30,0.6666666666666661,0.09524308455371111,0,0.0,0.0,2,1.0
EMP060,Sarah Moore,R&D,QA Engineer,2026-07-01,0.40000000000000036,-0.5298625479457482,0,0.0,0.0,2,0.0
EMP060,Sarah Moore,R&D,QA Engineer,2026-07-02,0.43333333333333357,-0.48954736219859835,0,0.0,0.0,2,0.0
EMP060,Sarah Moore,R&D,QA Engineer,2026-07-03,0.1999999999999993,-0.5396417997331906,0,0.0,0.0,2,0.0
EMP060,Sarah Moore,R&D,QA Engineer,2026-07-06,0.1999999999999993,-0.5699927208212439,0,0.0,0.0,2,0.0
EMP060,Sarah Moore,R&D,QA Engineer,2026-07-07,0.1999999999999993,-0.5457560346345284,0,0.0,0.0,2,0.0
EMP060,Sarah Moore,R&D,QA Engineer,2026-07-08,0.1999999999999993,-0.4586414024955823,0,0.0,0.0,2,0.0
EMP060,Sarah Moore,R&D,QA Engineer,2026-07-09,0.1999999999999993,-0.4005385506593817,0,0.0,0.0,1,0.0
EMP060,Sarah Moore,R&D,QA Engineer,2026-07-10,0.1999999999999993,-0.5537556387993913,0,0.0,0.0,1,0.0
EMP060,Sarah Moore,R&D,QA Engineer,2026-07-13,0.9000000000000004,-0.5261799107861528,0,0.0,0.0,1,0.0
EMP060,Sarah Moore,R&D,QA Engineer,2026-07-14,0.09999999999999964,0.684861486242524,0,0.0,0.0,2,1.0
EMP060,Sarah Moore,R&D,QA Engineer,2026-07-15,0.09999999999999964,0.545485122929606,0,0.0,1.0,2,1.0
EMP060,Sarah Moore,R&D,QA Engineer,2026-07-16,8.8,2.2725802798226415,0,0.0,3.0,2,1.0
EMP060,Sarah Moore,R&D,QA Engineer,2026-07-17,0.1999999999999993,-0.5008860081899842,0,0.0,3.0,2,0.0
EMP060,Sarah Moore,R&D,QA Engineer,2026-07-20,4.633333333333333,1.5098691214960986,0,0.0,4.0,2,1.0
EMP060,Sarah Moore,R&D,QA Engineer,2026-07-21,0.36666666666666714,-0.36810843729940385,0,0.0,4.0,2,0.0
EMP060,Sarah Moore,R&D,QA Engineer,2026-07-22,5.433333333333334,2.462394676003224,0,0.0,4.0,2,1.0
EMP060,Sarah Moore,R&D,QA Engineer,2026-07-23,0.5666666666666664,0.2243908791051688,0,0.0,4.0,2,1.0
EMP060,Sarah Moore,R&D,QA Engineer,2026-07-24,0.5666666666666664,-0.495776128877627,0,0.0,3.0,2,0.0
EMP060,Sarah Moore,R&D,QA Engineer,2026-07-26,4.433333333333334,-0.5936831785297416,1,0.0,1.0,2,0.0
EMP060,Sarah Moore,R&D,QA Engineer,2026-07-27,0.43333333333333357,-0.4843846220657684,0,0.0,1.0,2,0.0
EMP060,Sarah Moore,R&D,QA Engineer,2026-07-28,0.43333333333333357,-0.4942255448104289,0,0.0,0.0,2,0.0
EMP060,Sarah Moore,R&D,QA Engineer,2026-07-29,0.4666666666666668,-0.5378973926575927,0,0.0,0.0,2,0.0
